id,gender,articleType,season,usage
52003,Men,Watches,Fall,Casual
52007,Women,Dresses,Summer,Ethnic
52017,Men,Trousers,Summer,Casual
52021,Women,Stoles,Summer,Casual
52023,Men,Tshirts,Summer,Casual
52026,Women,Sweatshirts,Summer,Casual
52027,Women,Sweatshirts,Summer,Casual
52028,Women,Shirts,Summer,Casual
52029,Unisex,Jackets,Summer,Sports
52030,Women,Sweatshirts,Summer,Casual
52031,Women,Scarves,Summer,Casual
52032,Women,Sweatshirts,Summer,Casual
52034,Men,Jackets,Summer,Sports
52042,Women,Sweatshirts,Fall,Casual
52043,Women,Jackets,Summer,Casual
52044,Men,Jackets,Summer,Casual
52045,Women,Jackets,Summer,Formal
52049,Men,Tshirts,Summer,Casual
52050,Men,Tshirts,Summer,Sports
52051,Men,Tshirts,Summer,Casual
52052,Men,Shirts,Summer,Casual
52053,Men,Tshirts,Summer,Sports
52054,Men,Tshirts,Summer,Casual
52055,Men,Tshirts,Summer,Casual
52056,Men,Tshirts,Summer,Casual
52057,Men,Tshirts,Summer,Casual
52058,Men,Tshirts,Summer,Sports
52059,Men,Tshirts,Summer,Casual
52060,Men,Tshirts,Summer,Casual
52061,Men,Tshirts,Summer,Casual
52062,Men,Tshirts,Summer,Casual
52063,Men,Tshirts,Summer,Casual
52064,Men,Tshirts,Summer,Casual
52065,Men,Tshirts,Summer,Casual
52066,Men,Tshirts,Summer,Sports
52067,Men,Tshirts,Summer,Casual
52068,Men,Tshirts,Summer,Casual
52069,Men,Tshirts,Summer,Casual
52070,Men,Tshirts,Summer,Casual
52071,Men,Tshirts,Summer,Casual
52072,Men,Tshirts,Summer,Casual
52073,Men,Tshirts,Summer,Casual
52074,Men,Tshirts,Summer,Casual
52075,Men,Tshirts,Summer,Casual
52076,Men,Shirts,Summer,Casual
52077,Men,Shirts,Summer,Casual
52078,Men,Tshirts,Summer,Casual
52079,Men,Tshirts,Summer,Casual
52080,Men,Tshirts,Summer,Casual
52081,Men,Tshirts,Summer,Casual
52082,Men,Tshirts,Summer,Casual
52083,Women,Tshirts,Summer,Casual
52084,Women,Tops,Summer,Casual
52085,Women,Tops,Summer,Casual
52086,Women,Tops,Summer,Casual
52087,Women,Tops,Summer,Casual
52088,Women,Tops,Summer,Casual
52089,Women,Tops,Summer,Casual
52090,Women,Tops,Summer,Casual
52091,Women,Kurtis,Summer,Casual
52092,Women,Tops,Summer,Casual
52093,Women,Tops,Summer,Casual
52094,Women,Tops,Summer,Casual
52095,Women,Tops,Summer,Casual
52096,Women,Tops,Summer,Casual
52097,Women,Tops,Summer,Casual
52098,Women,Tops,Summer,Casual
52099,Women,Tops,Summer,Casual
52100,Women,Kurtas,Summer,Ethnic
52101,Women,Other,Summer,Ethnic
52102,Women,Kurtas,Summer,Ethnic
52103,Women,Socks,Summer,Ethnic
52104,Women,Kurtas,Fall,Ethnic
52105,Women,Kurtas,Summer,Ethnic
52106,Women,Dresses,Summer,Ethnic
52107,Women,Kurtas,Summer,Ethnic
52108,Women,Kurtas,Summer,Ethnic
52109,Women,Dresses,Summer,Ethnic
52110,Women,Kurtas,Summer,Ethnic
52111,Women,Tops,Summer,Casual
52112,Women,Stoles,Summer,Ethnic
52113,Women,Tops,Summer,Ethnic
52114,Women,Tops,Summer,Casual
52115,Women,Tops,Summer,Casual
52116,Women,Tops,Summer,Casual
52117,Women,Tops,Summer,Casual
52118,Women,Other,Summer,Casual
52119,Women,Tops,Summer,Casual
52120,Boys,Tshirts,Summer,Casual
52121,Boys,Tshirts,Summer,Casual
52122,Boys,Tshirts,Summer,Casual
52123,Girls,Dresses,Summer,Casual
52124,Girls,Dresses,Summer,Casual
52125,Girls,Dresses,Summer,Casual
52126,Girls,Tops,Summer,Casual
52127,Boys,Tshirts,Summer,Casual
52128,Boys,Dresses,Summer,Casual
52129,Boys,Tshirts,Summer,Casual
52130,Girls,Dresses,Summer,Ethnic
52131,Girls,Dresses,Summer,Ethnic
52132,Boys,Tshirts,Summer,Casual
52133,Women,Leggings,Summer,Casual
52134,Men,Track Pants,Summer,Casual
52135,Women,Tops,Summer,Casual
52136,Women,Tops,Summer,Casual
52137,Women,Tops,Summer,Casual
52138,Men,Tshirts,Summer,Casual
52139,Women,Tshirts,Summer,Casual
52140,Women,Tshirts,Summer,Casual
52141,Women,Tops,Summer,Casual
52142,Women,Tshirts,Summer,Casual
52143,Women,Tops,Summer,Casual
52144,Women,Tshirts,Summer,Casual
52145,Women,Tshirts,Summer,Casual
52146,Women,Tops,Summer,Casual
52147,Men,Tshirts,Summer,Casual
52148,Men,Tshirts,Summer,Casual
52149,Women,Tops,Summer,Casual
52150,Men,Tshirts,Summer,Casual
52151,Women,Tshirts,Summer,Casual
52153,Women,Tops,Summer,Ethnic
52154,Women,Kurtis,Summer,Ethnic
52155,Women,Tops,Summer,Casual
52156,Women,Tops,Summer,Casual
52157,Women,Other,Summer,Ethnic
52158,Women,Tops,Summer,Ethnic
52159,Women,Tops,Summer,Casual
52160,Women,Tops,Summer,Casual
52161,Women,Jeans,Summer,Casual
52162,Women,Tops,Summer,Casual
52163,Women,Tops,Summer,Casual
52164,Women,Tops,Summer,Casual
52165,Men,Necklace and Chains,Fall,Sports
52166,Men,Trunk,Summer,Sports
52168,Women,Perfume and Body Mist,Summer,Casual
52169,Unisex,Sandals,Fall,Casual
52172,Unisex,Belts,Winter,Sports
52173,Men,Handbags,Winter,Sports
52176,Boys,Sports Shoes,Summer,Casual
52177,Women,Sports Shoes,Summer,Casual
52178,Unisex,Pendant,Summer,Casual
52179,Unisex,Flip Flops,Fall,Sports
52180,Women,Earrings,Summer,Casual
52181,Women,Earrings,Winter,Sports
52182,Unisex,Tshirts,Summer,Sports
52183,Women,Earrings,Summer,Casual
52185,Unisex,Sports Shoes,Summer,Sports
52186,Unisex,Sports Shoes,Summer,Sports
52187,Boys,Earrings,Summer,Casual
52190,Men,Casual Shoes,Summer,Sports
52191,Women,Sports Shoes,Winter,Sports
52193,Women,Shirts,Fall,Sports
52195,Women,Casual Shoes,Summer,Sports
52198,Women,Pendant,Summer,Casual
52200,Men,Necklace and Chains,Winter,Sports
52202,Men,Shirts,Fall,Casual
52204,Men,Shorts,Summer,Sports
52205,Men,Necklace and Chains,Winter,Sports
52209,Men,Flip Flops,Summer,Sports
52210,Unisex,Flip Flops,Winter,Sports
52211,Women,Flip Flops,Fall,Sports
52214,Girls,Flip Flops,Fall,Sports
52220,Women,Necklace and Chains,Winter,Formal
52221,Women,Necklace and Chains,Winter,Sports
52222,Men,Socks,Summer,Sports
52223,Women,Bra,Fall,Ethnic
52224,Women,Heels,Winter,Casual
52225,Women,Tops,Winter,Casual
52228,Men,Shirts,Summer,Casual
52230,Men,Handbags,Fall,Casual
52235,Men,Jeans,Summer,Casual
52254,Men,Briefs,Summer,Casual
52255,Men,Trunk,Summer,Casual
52256,Men,Trunk,Summer,Casual
52257,Men,Trunk,Summer,Casual
52299,Men,Shorts,Summer,Sports
52303,Women,Pendant,Winter,Formal
52304,Women,Pendant,Winter,Ethnic
52305,Women,Necklace and Chains,Winter,Formal
52306,Women,Necklace and Chains,Winter,Casual
52307,Women,Necklace and Chains,Winter,Formal
52308,Women,Necklace and Chains,Winter,Formal
52309,Women,Necklace and Chains,Summer,Ethnic
52310,Boys,Necklace and Chains,Summer,Sports
52311,Women,Necklace and Chains,Summer,Ethnic
52312,Women,Necklace and Chains,Winter,Ethnic
52313,Women,Belts,Winter,Casual
52314,Women,Other,Winter,Casual
52315,Women,Ring,Summer,Casual
52316,Women,Belts,Winter,Casual
52317,Unisex,Belts,Winter,Casual
52318,Unisex,Belts,Fall,Casual
52320,Unisex,Belts,Summer,Casual
52322,Women,Belts,Summer,Casual
52323,Girls,Bracelet,Winter,Casual
52324,Unisex,Other,Summer,Casual
52325,Unisex,Bangle,Summer,Casual
52326,Women,Bangle,Winter,Casual
52327,Unisex,Belts,Summer,Casual
52328,Unisex,Belts,Fall,Casual
52329,Women,Belts,Summer,Sports
52330,Unisex,Wallets,Summer,Casual
52331,Women,Wallets,Summer,Casual
52332,Women,Wallets,Summer,Casual
52333,Unisex,Clutches,Summer,Casual
52334,Women,Clutches,Winter,Casual
52335,Women,Clutches,Winter,Casual
52336,Women,Clutches,Summer,Casual
52337,Women,Clutches,Summer,Casual
52338,Women,Clutches,Winter,Casual
52339,Women,Clutches,Summer,Casual
52340,Women,Dresses,Fall,Casual
52341,Women,Dresses,Summer,Casual
52342,Women,Dresses,Summer,Casual
52343,Women,Kurtas,Summer,Ethnic
52344,Women,Kurtas,Summer,Ethnic
52345,Women,Dresses,Summer,Casual
52346,Women,Dresses,Summer,Casual
52347,Women,Dresses,Summer,Casual
52348,Women,Dresses,Summer,Casual
52349,Women,Dresses,Summer,Casual
52350,Women,Kurtas,Summer,Ethnic
52351,Women,Other,Summer,Casual
52352,Women,Dresses,Summer,Casual
52353,Women,Tops,Summer,Ethnic
52354,Women,Sarees,Summer,Ethnic
52355,Women,Other,Summer,Ethnic
52356,Women,Dresses,Summer,Ethnic
52357,Women,Dresses,Summer,Ethnic
52358,Women,Dresses,Summer,Ethnic
52359,Women,Watches,Summer,Casual
52360,Women,Other,Summer,Ethnic
52361,Women,Dresses,Summer,Ethnic
52362,Women,Dresses,Summer,Casual
52363,Women,Dresses,Summer,Ethnic
52364,Women,Dresses,Summer,Casual
52366,Women,Dresses,Summer,Ethnic
52367,Women,Kurtas,Summer,Ethnic
52368,Women,Dresses,Summer,Ethnic
52369,Women,Kurtas,Summer,Ethnic
52370,Women,Kurtas,Summer,Ethnic
52371,Women,Kurtas,Summer,Casual
52372,Women,Dresses,Summer,Ethnic
52373,Women,Kurtas,Summer,Ethnic
52374,Women,Dresses,Summer,Ethnic
52375,Women,Other,Summer,Casual
52376,Women,Dresses,Summer,Casual
52377,Women,Dresses,Summer,Ethnic
52378,Women,Kurtas,Summer,Casual
52379,Women,Dresses,Summer,Ethnic
52380,Women,Dresses,Summer,Casual
52381,Women,Kurtas,Summer,Ethnic
52382,Women,Kurta Sets,Summer,Ethnic
52383,Women,Night suits,Summer,Ethnic
52384,Women,Dresses,Summer,Ethnic
52385,Women,Dresses,Summer,Ethnic
52386,Women,Dresses,Winter,Casual
52387,Women,Dresses,Summer,Casual
52390,Women,Tshirts,Summer,Ethnic
52391,Women,Dresses,Summer,Ethnic
52392,Women,Kurtas,Summer,Ethnic
52393,Women,Kurtas,Summer,Ethnic
52394,Women,Dresses,Summer,Ethnic
52395,Women,Dresses,Summer,Casual
52396,Women,Socks,Summer,Casual
52397,Women,Dresses,Summer,Casual
52398,Women,Dresses,Summer,Casual
52399,Women,Dresses,Summer,Ethnic
52400,Women,Dresses,Summer,Ethnic
52401,Women,Tops,Summer,Casual
52402,Women,Dresses,Summer,Ethnic
52403,Women,Dresses,Summer,Casual
52404,Women,Dresses,Summer,Ethnic
52405,Women,Skirts,Summer,Casual
52406,Women,Dresses,Summer,Ethnic
52407,Women,Dresses,Summer,Casual
52408,Women,Dresses,Summer,Ethnic
52409,Women,Dresses,Summer,Ethnic
52410,Women,Dresses,Summer,Ethnic
52411,Women,Dresses,Summer,Ethnic
52412,Women,Dresses,Summer,Casual
52413,Women,Dresses,Summer,Casual
52414,Women,Tops,Summer,Casual
52415,Women,Dresses,Summer,Ethnic
52416,Women,Tops,Summer,Casual
52417,Women,Other,Summer,Casual
52418,Women,Dresses,Summer,Casual
52419,Women,Dresses,Summer,Casual
52420,Women,Dresses,Summer,Ethnic
52421,Women,Kurtas,Summer,Ethnic
52422,Women,Dresses,Summer,Ethnic
52423,Women,Dresses,Summer,Ethnic
52424,Women,Dresses,Winter,Casual
52425,Women,Dresses,Summer,Ethnic
52426,Women,Dresses,Summer,Ethnic
52427,Women,Kurtas,Summer,Ethnic
52428,Women,Dresses,Summer,Ethnic
52429,Women,Kurtas,Summer,Casual
52430,Women,Other,Summer,Casual
52431,Women,Dresses,Summer,Casual
52432,Men,Tops,Summer,Casual
52434,Women,Dresses,Summer,Casual
52435,Women,Dresses,Summer,Ethnic
52436,Women,Dresses,Summer,Ethnic
52437,Women,Other,Summer,Casual
52438,Women,Other,Summer,Casual
52439,Women,Dresses,Summer,Casual
52440,Women,Dresses,Summer,Casual
52441,Women,Tops,Summer,Casual
52442,Women,Dresses,Summer,Ethnic
52443,Women,Other,Summer,Casual
52444,Women,Tops,Summer,Casual
52445,Women,Other,Winter,Casual
52446,Women,Dresses,Summer,Casual
52447,Women,Dresses,Summer,Ethnic
52448,Women,Dresses,Summer,Ethnic
52449,Women,Other,Summer,Casual
52450,Women,Tops,Summer,Casual
52451,Women,Other,Summer,Casual
52452,Women,Dresses,Summer,Ethnic
52453,Women,Dresses,Summer,Casual
52454,Women,Dresses,Summer,Casual
52455,Women,Dresses,Summer,Casual
52456,Women,Dresses,Summer,Ethnic
52457,Women,Dresses,Summer,Casual
52458,Women,Dresses,Summer,Ethnic
52459,Women,Bra,Summer,Casual
52460,Women,Other,Summer,Casual
52461,Women,Dresses,Summer,Casual
52462,Women,Dresses,Winter,Ethnic
52463,Women,Night suits,Summer,Ethnic
52464,Women,Kurtas,Summer,Ethnic
52465,Women,Bra,Summer,Casual
52466,Women,Bra,Summer,Casual
52467,Men,Tops,Summer,Casual
52468,Women,Tops,Summer,Casual
52469,Women,Tops,Summer,Formal
52470,Women,Tops,Summer,Formal
52472,Women,Dresses,Summer,Ethnic
52473,Women,Kurtas,Summer,Ethnic
52474,Women,Tshirts,Summer,Casual
52475,Women,Trousers,Fall,Ethnic
52476,Women,Dresses,Summer,Ethnic
52477,Women,Other,Summer,Casual
52478,Women,Other,Summer,Casual
52479,Women,Socks,Summer,Casual
52480,Women,Tops,Summer,Casual
52481,Women,Dupatta,Summer,Casual
52482,Women,Other,Summer,Casual
52483,Women,Bra,Summer,Casual
52484,Women,Bra,Summer,Casual
52485,Women,Bra,Summer,Casual
52486,Women,Bra,Summer,Casual
52487,Women,Bra,Summer,Casual
52488,Women,Bra,Summer,Casual
52489,Women,Bra,Summer,Casual
52490,Women,Bra,Summer,Casual
52491,Women,Innerwear Vests,Summer,Casual
52492,Women,Tops,Summer,Formal
52493,Women,Tops,Summer,Casual
52494,Women,Other,Summer,Ethnic
52495,Women,Other,Summer,Ethnic
52496,Women,Kurtas,Summer,Ethnic
52497,Women,Other,Fall,Ethnic
52498,Women,Kurtas,Summer,Ethnic
52499,Women,Dresses,Summer,Casual
52500,Women,Dresses,Summer,Casual
52501,Women,Other,Summer,Ethnic
52502,Women,Dresses,Fall,Ethnic
52503,Women,Night suits,Fall,Ethnic
52504,Women,Dresses,Summer,Ethnic
52505,Women,Sweaters,Summer,Ethnic
52506,Women,Kurta Sets,Summer,Ethnic
52507,Women,Kurta Sets,Summer,Ethnic
52508,Women,Tshirts,Summer,Ethnic
52509,Women,Tops,Summer,Casual
52510,Women,Kurtas,Summer,Ethnic
52511,Women,Dresses,Summer,Ethnic
52512,Women,Kurtas,Fall,Ethnic
52513,Women,Other,Summer,Ethnic
52514,Women,Bra,Summer,Casual
52515,Women,Bra,Summer,Casual
52516,Men,Bra,Summer,Casual
52517,Women,Dresses,Summer,Casual
52518,Women,Tops,Summer,Ethnic
52519,Women,Other,Summer,Casual
52520,Men,Shorts,Summer,Casual
52522,Women,Jeans,Summer,Casual
52523,Women,Leggings,Summer,Casual
52524,Women,Other,Summer,Casual
52525,Women,Trousers,Summer,Casual
52528,Women,Jeans,Summer,Casual
52529,Men,Capris,Winter,Sports
52536,Women,Trousers,Summer,Casual
52539,Women,Leggings,Summer,Casual
52547,Women,Jeans,Summer,Casual
52548,Men,Jeans,Fall,Casual
52553,Women,Other,Summer,Casual
52554,Women,Jeans,Summer,Casual
52555,Women,Jeans,Summer,Casual
52556,Women,Jeans,Summer,Casual
52557,Women,Other,Summer,Casual
52558,Women,Wallets,Summer,Casual
52559,Unisex,Clutches,Winter,Casual
52560,Women,Wallets,Summer,Casual
52561,Women,Clutches,Summer,Casual
52563,Girls,Wallets,Winter,Casual
52564,Unisex,Handbags,Summer,Casual
52565,Girls,Clutches,Winter,Casual
52568,Women,Clutches,Summer,Casual
52569,Women,Clutches,Winter,Casual
52570,Women,Clutches,Winter,Casual
52574,Women,Clutches,Summer,Casual
52575,Women,Clutches,Summer,Casual
52576,Women,Clutches,Summer,Casual
52577,Women,Clutches,Summer,Casual
52579,Unisex,Clutches,Summer,Casual
52581,Women,Clutches,Spring,Casual
52582,Women,Backpacks,Summer,Casual
52585,Men,Clutches,Summer,Casual
52586,Women,Clutches,Summer,Casual
52588,Women,Wallets,Summer,Casual
52589,Women,Handbags,Summer,Casual
52593,Unisex,Clutches,Spring,Casual
52594,Women,Clutches,Summer,Casual
52599,Women,Clutches,Summer,Casual
52602,Women,Clutches,Summer,Casual
52603,Women,Wallets,Summer,Casual
52604,Women,Clutches,Winter,Casual
52609,Women,Handbags,Summer,Casual
52616,Women,Handbags,Winter,Casual
52618,Women,Handbags,Winter,Casual
52622,Women,Handbags,Winter,Casual
52623,Women,Handbags,Winter,Casual
52626,Women,Other,Winter,Casual
52632,Unisex,Handbags,Winter,Casual
52633,Women,Handbags,Winter,Casual
52634,Women,Handbags,Winter,Casual
52635,Women,Handbags,Summer,Casual
52636,Women,Handbags,Summer,Casual
52637,Women,Handbags,Summer,Casual
52638,Unisex,Handbags,Summer,Casual
52639,Women,Handbags,Summer,Casual
52641,Women,Handbags,Summer,Casual
52642,Women,Handbags,Winter,Casual
52643,Women,Handbags,Winter,Casual
52647,Unisex,Handbags,Winter,Casual
52648,Unisex,Handbags,Winter,Casual
52649,Women,Handbags,Winter,Casual
52650,Women,Handbags,Summer,Casual
52651,Women,Handbags,Summer,Casual
52652,Women,Handbags,Summer,Casual
52653,Women,Handbags,Summer,Casual
52654,Women,Handbags,Winter,Casual
52655,Women,Handbags,Summer,Casual
52656,Women,Handbags,Winter,Casual
52657,Women,Handbags,Summer,Casual
52658,Women,Handbags,Winter,Casual
52659,Unisex,Handbags,Winter,Sports
52660,Girls,Handbags,Summer,Casual
52661,Women,Handbags,Summer,Casual
52665,Men,Watches,Winter,Smart Casual
52670,Men,Watches,Winter,Smart Casual
52671,Men,Watches,Winter,Smart Casual
52673,Men,Watches,Winter,Smart Casual
52675,Men,Watches,Winter,Casual
52676,Men,Watches,Winter,Casual
52677,Men,Watches,Winter,Casual
52678,Men,Watches,Winter,Smart Casual
52679,Women,Watches,Winter,Casual
52680,Men,Watches,Winter,Casual
52681,Men,Watches,Winter,Casual
52682,Men,Watches,Winter,Casual
52683,Men,Watches,Winter,Smart Casual
52684,Men,Watches,Winter,Casual
52686,Men,Watches,Winter,Smart Casual
52687,Women,Watches,Winter,Casual
52688,Women,Watches,Winter,Casual
52690,Women,Watches,Winter,Casual
52691,Men,Free Gifts,Winter,Formal
52692,Women,Free Gifts,Winter,Casual
52693,Women,Watches,Winter,Smart Casual
52694,Men,Watches,Winter,Casual
52695,Women,Watches,Winter,Casual
52749,Men,Deodorant,Spring,Casual
52751,Women,Deodorant,Spring,Casual
52754,Women,Handbags,Winter,Casual
52756,Women,Handbags,Winter,Casual
52758,Unisex,Handbags,Summer,Casual
52759,Women,Handbags,Summer,Casual
52766,Women,Handbags,Winter,Casual
52767,Women,Handbags,Summer,Casual
52768,Women,Handbags,Summer,Casual
52772,Women,Wallets,Summer,Casual
52773,Unisex,Wallets,Summer,Casual
52774,Women,Wallets,Summer,Casual
52775,Women,Wallets,Summer,Casual
52776,Women,Wallets,Summer,Casual
52777,Women,Wallets,Summer,Casual
52778,Women,Wallets,Summer,Casual
52779,Girls,Wallets,Summer,Casual
52780,Unisex,Wallets,Winter,Casual
52781,Unisex,Wallets,Summer,Casual
52782,Women,Wallets,Summer,Casual
52784,Unisex,Wallets,Summer,Casual
52785,Unisex,Other,Summer,Casual
52786,Unisex,Wallets,Summer,Casual
52789,Women,Wallets,Summer,Casual
52791,Unisex,Wallets,Summer,Casual
52792,Unisex,Wallets,Summer,Casual
52793,Unisex,Wallets,Summer,Smart Casual
52794,Unisex,Wallets,Summer,Casual
52795,Men,Wallets,Summer,Casual
52796,Unisex,Wallets,Summer,Casual
52797,Men,Wallets,Summer,Casual
52798,Unisex,Wallets,Summer,Casual
52799,Men,Wallets,Summer,Casual
52800,Unisex,Wallets,Summer,Casual
52801,Men,Wallets,Summer,Smart Casual
52802,Men,Wallets,Summer,Casual
52803,Men,Wallets,Winter,Casual
52804,Unisex,Wallets,Summer,Casual
52805,Unisex,Wallets,Summer,Casual
52806,Unisex,Wallets,Summer,Casual
52807,Men,Wallets,Summer,Casual
52808,Unisex,Wallets,Summer,Casual
52809,Men,Wallets,Summer,Casual
52810,Unisex,Wallets,Summer,Casual
52811,Men,Wallets,Summer,Casual
52812,Men,Wallets,Summer,Casual
52813,Unisex,Wallets,Summer,Casual
52814,Unisex,Wallets,Summer,Casual
52816,Men,Watches,Winter,Casual
52817,Women,Earrings,Summer,Ethnic
52818,Women,Earrings,Summer,Ethnic
52819,Women,Earrings,Summer,Ethnic
52820,Women,Earrings,Summer,Casual
52822,Unisex,Tops,Winter,Sports
52823,Women,Earrings,Winter,Ethnic
52825,Women,Earrings,Summer,Casual
52827,Women,Earrings,Summer,Ethnic
52828,Women,Earrings,Summer,Ethnic
52831,Women,Earrings,Winter,Ethnic
52834,Girls,Earrings,Winter,Ethnic
52835,Women,Earrings,Summer,Ethnic
52836,Girls,Sports Shoes,Winter,Casual
52837,Women,Earrings,Summer,Ethnic
52839,Women,Earrings,Summer,Ethnic
52840,Women,Earrings,Summer,Ethnic
52841,Women,Earrings,Summer,Casual
52842,Boys,Earrings,Winter,Ethnic
52846,Women,Earrings,Summer,Ethnic
52847,Women,Earrings,Winter,Ethnic
52848,Women,Earrings,Winter,Casual
52850,Girls,Earrings,Winter,Casual
52851,Unisex,Earrings,Winter,Casual
52852,Women,Earrings,Summer,Ethnic
52854,Women,Earrings,Winter,Ethnic
52855,Unisex,Earrings,Summer,Ethnic
52859,Women,Earrings,Summer,Ethnic
52860,Girls,Earrings,Winter,Casual
52862,Women,Earrings,Summer,Ethnic
52863,Men,Earrings,Winter,Ethnic
52864,Boys,Earrings,Winter,Ethnic
52868,Women,Earrings,Summer,Ethnic
52869,Women,Earrings,Winter,Sports
52871,Unisex,Fragrance Gift Set,Spring,Casual
52874,Women,Sarees,Summer,Ethnic
52875,Women,Sarees,Summer,Ethnic
52876,Women,Sarees,Fall,Ethnic
52877,Women,Sarees,Summer,Ethnic
52878,Women,Sarees,Summer,Ethnic
52879,Women,Sarees,Summer,Ethnic
52880,Men,Sarees,Summer,Ethnic
52881,Women,Sarees,Summer,Ethnic
52882,Women,Sarees,Summer,Ethnic
52883,Women,Sarees,Summer,Ethnic
52884,Women,Sarees,Summer,Ethnic
52885,Women,Sarees,Fall,Ethnic
52886,Women,Backpacks,Summer,Ethnic
52887,Women,Sarees,Summer,Ethnic
52888,Women,Sarees,Fall,Ethnic
52889,Women,Sarees,Summer,Ethnic
52890,Women,Free Gifts,Fall,Ethnic
52891,Women,Sarees,Fall,Ethnic
52892,Women,Sports Shoes,Fall,Ethnic
52893,Women,Sarees,Fall,Ethnic
52894,Women,Sarees,Fall,Ethnic
52895,Women,Sarees,Summer,Ethnic
52896,Women,Sarees,Summer,Ethnic
52897,Women,Free Gifts,Summer,Casual
52898,Women,Sarees,Summer,Ethnic
52899,Women,Sarees,Summer,Ethnic
52901,Women,Sarees,Summer,Ethnic
52902,Women,Sarees,Summer,Ethnic
52903,Women,Sarees,Fall,Ethnic
52904,Women,Sarees,Fall,Ethnic
52905,Women,Sarees,Summer,Ethnic
52906,Women,Sarees,Fall,Ethnic
52907,Women,Sarees,Fall,Ethnic
52908,Women,Sarees,Summer,Ethnic
52909,Women,Sarees,Fall,Ethnic
52910,Women,Sarees,Fall,Ethnic
52911,Women,Sarees,Fall,Ethnic
52912,Women,Stoles,Summer,Ethnic
52913,Women,Sarees,Summer,Ethnic
52914,Women,Sarees,Fall,Ethnic
52915,Women,Sarees,Summer,Ethnic
52916,Women,Sarees,Fall,Ethnic
52917,Women,Sarees,Fall,Ethnic
52918,Women,Sarees,Fall,Ethnic
52919,Women,Sarees,Fall,Ethnic
52920,Women,Sarees,Summer,Ethnic
52921,Women,Sarees,Summer,Ethnic
52922,Women,Sarees,Fall,Ethnic
52923,Women,Sarees,Fall,Ethnic
52924,Women,Watches,Fall,Sports
52925,Women,Sarees,Summer,Ethnic
52926,Women,Backpacks,Summer,Ethnic
52927,Women,Sarees,Fall,Casual
52928,Women,Sarees,Fall,Ethnic
52929,Women,Sarees,Fall,Ethnic
52930,Women,Sarees,Summer,Ethnic
52931,Women,Sarees,Summer,Ethnic
52934,Women,Watches,Summer,Ethnic
52935,Women,Free Gifts,Summer,Ethnic
52936,Women,Sarees,Fall,Ethnic
52937,Women,Sarees,Summer,Ethnic
52938,Women,Sarees,Summer,Ethnic
52940,Women,Sarees,Fall,Ethnic
52941,Women,Sarees,Fall,Casual
52942,Women,Sarees,Fall,Ethnic
52943,Women,Sarees,Fall,Ethnic
52944,Women,Sarees,Fall,Casual
52945,Women,Sarees,Fall,Ethnic
52946,Women,Sarees,Summer,Ethnic
52947,Women,Sarees,Fall,Ethnic
52948,Women,Sarees,Summer,Ethnic
52949,Women,Sarees,Fall,Ethnic
52950,Women,Sarees,Summer,Ethnic
52951,Women,Sarees,Fall,Ethnic
52952,Women,Sarees,Fall,Ethnic
52953,Women,Sarees,Summer,Ethnic
52954,Women,Sarees,Fall,Ethnic
52955,Women,Sarees,Summer,Ethnic
52956,Women,Sarees,Fall,Ethnic
52957,Women,Sarees,Fall,Ethnic
52958,Women,Sarees,Fall,Ethnic
52959,Women,Sarees,Summer,Ethnic
52960,Women,Sarees,Fall,Ethnic
52961,Women,Sarees,Fall,Ethnic
52962,Women,Sarees,Summer,Ethnic
52963,Women,Sarees,Fall,Ethnic
52964,Women,Sarees,Summer,Ethnic
52965,Women,Sarees,Fall,Ethnic
52966,Women,Watches,Fall,Ethnic
52967,Women,Sarees,Fall,Ethnic
52968,Women,Sarees,Fall,Ethnic
52969,Women,Sarees,Fall,Ethnic
52970,Women,Sarees,Summer,Ethnic
52971,Women,Sarees,Fall,Ethnic
52972,Women,Sarees,Fall,Ethnic
52973,Women,Sarees,Fall,Ethnic
52975,Women,Sarees,Summer,Ethnic
52976,Women,Sarees,Summer,Ethnic
52978,Women,Sarees,Summer,Ethnic
52979,Women,Sarees,Summer,Ethnic
52980,Women,Sarees,Fall,Ethnic
52981,Women,Sarees,Summer,Ethnic
52982,Women,Free Gifts,Summer,Ethnic
52983,Women,Sarees,Summer,Ethnic
52986,Women,Sarees,Fall,Ethnic
52987,Women,Sarees,Summer,Ethnic
52988,Women,Sarees,Summer,Ethnic
52989,Women,Sarees,Summer,Ethnic
52990,Women,Free Gifts,Fall,Ethnic
52991,Women,Sarees,Summer,Ethnic
52992,Women,Sarees,Fall,Ethnic
52993,Women,Sarees,Fall,Ethnic
52996,Women,Sarees,Summer,Ethnic
52998,Women,Sarees,Summer,Ethnic
52999,Women,Sarees,Fall,Ethnic
53000,Women,Sarees,Fall,Ethnic
53001,Women,Dresses,Summer,Ethnic
53002,Women,Bra,Fall,Ethnic
53003,Women,Dresses,Fall,Ethnic
53004,Women,Sports Shoes,Summer,Ethnic
53006,Women,Handbags,Summer,Ethnic
53007,Unisex,Other,Fall,Casual
53008,Women,Sarees,Summer,Ethnic
53009,Women,Sarees,Summer,Ethnic
53010,Women,Sarees,Summer,Ethnic
53011,Women,Sarees,Summer,Ethnic
53013,Women,Sarees,Summer,Ethnic
53014,Women,Sarees,Fall,Ethnic
53015,Women,Sarees,Fall,Ethnic
53016,Women,Sarees,Fall,Ethnic
53017,Women,Sarees,Fall,Ethnic
53019,Women,Sarees,Fall,Ethnic
53020,Women,Sarees,Summer,Ethnic
53021,Women,Sarees,Summer,Ethnic
53023,Women,Free Gifts,Summer,Ethnic
53024,Women,Sarees,Summer,Ethnic
53025,Women,Sarees,Summer,Ethnic
53026,Women,Sarees,Summer,Ethnic
53027,Women,Sarees,Fall,Ethnic
53029,Women,Sarees,Fall,Ethnic
53030,Women,Sarees,Summer,Ethnic
53031,Women,Sarees,Summer,Ethnic
53032,Women,Sarees,Summer,Ethnic
53033,Women,Sarees,Fall,Ethnic
53034,Women,Sarees,Summer,Ethnic
53035,Women,Sarees,Summer,Ethnic
53036,Women,Sarees,Fall,Ethnic
53037,Women,Sarees,Summer,Ethnic
53038,Women,Sarees,Summer,Ethnic
53039,Women,Sarees,Fall,Ethnic
53040,Women,Sarees,Summer,Ethnic
53041,Women,Sarees,Summer,Ethnic
53042,Women,Sarees,Summer,Ethnic
53043,Women,Sarees,Fall,Ethnic
53044,Women,Sarees,Summer,Ethnic
53045,Women,Sarees,Summer,Ethnic
53046,Women,Sarees,Summer,Ethnic
53047,Women,Sarees,Fall,Ethnic
53048,Women,Sarees,Summer,Ethnic
53049,Women,Sarees,Summer,Ethnic
53050,Women,Sarees,Summer,Ethnic
53051,Women,Sarees,Summer,Ethnic
53052,Women,Sarees,Fall,Ethnic
53053,Women,Sarees,Summer,Ethnic
53054,Women,Sarees,Fall,Ethnic
53055,Women,Free Gifts,Summer,Ethnic
53056,Women,Sarees,Summer,Ethnic
53057,Women,Sarees,Summer,Ethnic
53058,Women,Handbags,Winter,Casual
53059,Women,Handbags,Summer,Casual
53060,Women,Handbags,Winter,Casual
53061,Women,Handbags,Winter,Casual
53062,Women,Handbags,Winter,Casual
53063,Women,Handbags,Winter,Casual
53064,Women,Handbags,Winter,Casual
53065,Women,Handbags,Winter,Casual
53066,Women,Handbags,Winter,Casual
53067,Women,Handbags,Winter,Casual
53068,Women,Handbags,Summer,Casual
53069,Women,Handbags,Summer,Casual
53070,Women,Handbags,Summer,Casual
53071,Women,Clutches,Winter,Casual
53072,Women,Clutches,Summer,Casual
53073,Women,Clutches,Winter,Casual
53075,Women,Handbags,Winter,Casual
53076,Women,Handbags,Winter,Casual
53077,Unisex,Duffel Bag,Summer,Casual
53078,Women,Wallets,Summer,Casual
53079,Women,Clutches,Summer,Casual
53080,Women,Clutches,Winter,Casual
53081,Women,Clutches,Winter,Casual
53082,Women,Clutches,Winter,Casual
53083,Women,Perfume and Body Mist,Summer,Casual
53084,Women,Perfume and Body Mist,Summer,Casual
53085,Women,Necklace and Chains,Summer,Sports
53086,Women,Necklace and Chains,Winter,Casual
53087,Women,Necklace and Chains,Summer,Casual
53088,Women,Pendant,Summer,Ethnic
53089,Women,Pendant,Summer,Casual
53090,Women,Kurta Sets,Spring,Casual
53091,Women,Necklace and Chains,Summer,Ethnic
53092,Women,Pendant,Winter,Casual
53093,Women,Pendant,Winter,Casual
53094,Women,Earrings,Summer,Ethnic
53095,Women,Earrings,Summer,Ethnic
53096,Women,Earrings,Winter,Ethnic
53097,Boys,Earrings,Summer,Casual
53098,Boys,Earrings,Summer,Ethnic
53099,Women,Earrings,Winter,Casual
53100,Girls,Earrings,Summer,Casual
53101,Women,Handbags,Summer,Ethnic
53102,Girls,Earrings,Summer,Casual
53103,Women,Earrings,Summer,Casual
53104,Women,Earrings,Winter,Casual
53105,Women,Earrings,Summer,Casual
53106,Women,Earrings,Summer,Casual
53107,Girls,Earrings,Summer,Casual
53108,Boys,Earrings,Summer,Casual
53109,Boys,Earrings,Summer,Casual
53110,Girls,Earrings,Summer,Casual
53111,Men,Tshirts,Summer,Casual
53112,Men,Tshirts,Summer,Casual
53113,Men,Tshirts,Summer,Casual
53114,Women,Tshirts,Summer,Casual
53115,Men,Tshirts,Summer,Casual
53116,Men,Tshirts,Summer,Casual
53117,Women,Tops,Summer,Casual
53118,Women,Tshirts,Summer,Casual
53119,Women,Tops,Summer,Casual
53120,Women,Tops,Summer,Casual
53121,Women,Tops,Summer,Casual
53122,Women,Kurtas,Summer,Casual
53123,Women,Tops,Summer,Casual
53124,Women,Tops,Summer,Casual
53125,Women,Tops,Summer,Casual
53126,Women,Tops,Summer,Casual
53127,Women,Casual Shoes,Fall,Casual
53128,Unisex,Heels,Winter,Casual
53129,Women,Flats,Winter,Casual
53130,Women,Flats,Winter,Casual
53131,Women,Heels,Winter,Casual
53132,Women,Flats,Winter,Casual
53133,Women,Heels,Winter,Casual
53134,Women,Flats,Winter,Casual
53135,Women,Heels,Winter,Casual
53136,Women,Heels,Winter,Casual
53137,Women,Heels,Winter,Casual
53138,Women,Heels,Winter,Casual
53139,Women,Heels,Winter,Casual
53140,Women,Heels,Winter,Casual
53141,Women,Flats,Winter,Casual
53142,Women,Flats,Winter,Casual
53143,Women,Heels,Winter,Casual
53144,Women,Flats,Winter,Casual
53145,Women,Heels,Winter,Casual
53146,Women,Heels,Winter,Casual
53147,Women,Heels,Winter,Casual
53148,Women,Heels,Winter,Casual
53149,Women,Heels,Winter,Casual
53150,Women,Heels,Winter,Casual
53152,Men,Shirts,Summer,Formal
53159,Men,Shirts,Summer,Formal
53211,Men,Shirts,Summer,Formal
53215,Women,Shirts,Summer,Formal
53226,Men,Shirts,Summer,Formal
53228,Men,Trousers,Summer,Formal
53248,Men,Lounge Pants,Fall,Formal
53252,Men,Jeans,Summer,Casual
53264,Men,Tshirts,Summer,Casual
53269,Men,Tshirts,Summer,Casual
53278,Men,Tshirts,Summer,Casual
53282,Men,Tshirts,Summer,Sports
53286,Men,Jeans,Summer,Casual
53287,Men,Other,Summer,Casual
53296,Men,Jeans,Fall,Sports
53303,Men,Tshirts,Summer,Casual
53307,Men,Tshirts,Summer,Casual
53312,Men,Tshirts,Summer,Casual
53313,Men,Innerwear Vests,Summer,Casual
53314,Men,Tshirts,Summer,Casual
53318,Men,Tshirts,Summer,Casual
53319,Men,Tshirts,Summer,Casual
53328,Men,Trunk,Summer,Casual
53329,Men,Other,Summer,Casual
53332,Men,Other,Summer,Casual
53338,Men,Other,Summer,Casual
53345,Men,Briefs,Summer,Casual
53348,Men,Other,Summer,Casual
53357,Girls,Other,Summer,Casual
53358,Men,Belts,Summer,Formal
53360,Girls,Perfume and Body Mist,Summer,Casual
53361,Unisex,Backpacks,Summer,Sports
53362,Unisex,Backpacks,Spring,Casual
53363,Unisex,Duffel Bag,Winter,Casual
53364,Unisex,Backpacks,Summer,Sports
53365,Unisex,Backpacks,Summer,Sports
53366,Unisex,Backpacks,Spring,Sports
53367,Unisex,Backpacks,Summer,Sports
53368,Unisex,Backpacks,Summer,Sports
53369,Women,Handbags,Summer,Casual
53370,Women,Handbags,Summer,Sports
53371,Unisex,Backpacks,Summer,Casual
53372,Unisex,Backpacks,Winter,Sports
53373,Unisex,Backpacks,Summer,Sports
53374,Women,Wallets,Summer,Casual
53376,Women,Handbags,Summer,Casual
53377,Women,Handbags,Summer,Casual
53378,Women,Flip Flops,Winter,Sports
53379,Men,Sandals,Summer,Casual
53380,Men,Sports Sandals,Summer,Casual
53381,Men,Sandals,Summer,Casual
53382,Women,Sports Sandals,Fall,Casual
53383,Women,Sports Sandals,Winter,Casual
53384,Men,Casual Shoes,Summer,Sports
53386,Unisex,Casual Shoes,Summer,Sports
53387,Men,Casual Shoes,Summer,Sports
53388,Women,Kurtas,Summer,Ethnic
53389,Women,Kurtas,Summer,Ethnic
53390,Women,Kurtas,Summer,Ethnic
53391,Women,Kurtas,Summer,Ethnic
53392,Women,Tops,Summer,Casual
53393,Women,Stoles,Summer,Ethnic
53394,Women,Kurtas,Summer,Ethnic
53395,Men,Kurtas,Summer,Ethnic
53396,Women,Kurtas,Summer,Ethnic
53397,Women,Kurtas,Summer,Ethnic
53398,Women,Kurtas,Summer,Ethnic
53399,Women,Kurtas,Summer,Ethnic
53401,Women,Kurtas,Summer,Ethnic
53402,Women,Tops,Summer,Ethnic
53403,Women,Kurtas,Summer,Ethnic
53404,Men,Kurtas,Summer,Ethnic
53405,Women,Kurtas,Summer,Ethnic
53406,Women,Kurtas,Summer,Ethnic
53408,Men,Kurtas,Summer,Ethnic
53409,Men,Kurtas,Summer,Ethnic
53410,Women,Kurtas,Summer,Ethnic
53411,Women,Kurtas,Summer,Ethnic
53412,Women,Tops,Summer,Casual
53413,Women,Kurtas,Summer,Ethnic
53414,Men,Kurtas,Summer,Ethnic
53415,Women,Kurtas,Summer,Ethnic
53416,Women,Kurtas,Summer,Ethnic
53417,Women,Kurtas,Summer,Ethnic
53418,Men,Kurtas,Summer,Ethnic
53419,Women,Kurtas,Summer,Ethnic
53420,Women,Kurtas,Summer,Ethnic
53421,Women,Kurtas,Summer,Ethnic
53422,Women,Kurtas,Summer,Ethnic
53423,Women,Kurtas,Summer,Ethnic
53424,Men,Kurtas,Summer,Ethnic
53425,Women,Kurtas,Summer,Ethnic
53426,Women,Kurtas,Summer,Ethnic
53427,Women,Kurtas,Summer,Ethnic
53428,Women,Kurtas,Summer,Ethnic
53429,Women,Kurtas,Summer,Ethnic
53430,Women,Kurtas,Summer,Ethnic
53431,Women,Kurtis,Summer,Ethnic
53432,Men,Tshirts,Summer,Casual
53433,Men,Tshirts,Summer,Casual
53434,Men,Tshirts,Summer,Sports
53435,Men,Jackets,Summer,Sports
53436,Men,Sports Shoes,Summer,Sports
53437,Men,Sports Shoes,Summer,Sports
53438,Men,Sports Shoes,Summer,Casual
53439,Women,Flip Flops,Fall,Sports
53440,Men,Sports Shoes,Summer,Sports
53441,Men,Sports Shoes,Summer,Sports
53442,Women,Flip Flops,Fall,Casual
53444,Men,Sandals,Summer,Casual
53445,Women,Flip Flops,Winter,Casual
53446,Men,Flip Flops,Summer,Sports
53447,Women,Flip Flops,Summer,Casual
53448,Women,Flip Flops,Fall,Casual
53449,Women,Flip Flops,Fall,Casual
53450,Women,Flip Flops,Winter,Casual
53452,Women,Flats,Winter,Casual
53453,Women,Casual Shoes,Winter,Casual
53454,Women,Heels,Winter,Casual
53455,Women,Flip Flops,Winter,Casual
53456,Women,Casual Shoes,Winter,Casual
53457,Women,Heels,Winter,Casual
53458,Women,Heels,Winter,Casual
53459,Women,Heels,Winter,Casual
53460,Women,Heels,Winter,Casual
53461,Women,Bra,Summer,Casual
53462,Women,Tshirts,Summer,Casual
53463,Women,Bra,Summer,Casual
53464,Women,Bra,Summer,Casual
53465,Women,Bra,Summer,Casual
53466,Women,Bra,Winter,Casual
53467,Women,Bra,Winter,Casual
53468,Women,Bra,Summer,Casual
53469,Women,Briefs,Summer,Casual
53470,Women,Bra,Summer,Casual
53473,Women,Bra,Summer,Casual
53474,Women,Bra,Winter,Casual
53475,Women,Briefs,Summer,Casual
53476,Women,Bra,Summer,Casual
53477,Women,Bra,Summer,Casual
53478,Women,Bra,Summer,Casual
53479,Women,Bra,Summer,Casual
53480,Women,Tshirts,Summer,Casual
53484,Men,Tshirts,Fall,Casual
53485,Women,Tshirts,Summer,Casual
53486,Women,Tshirts,Summer,Casual
53487,Men,Bra,Summer,Casual
53488,Men,Tshirts,Fall,Formal
53489,Women,Other,Summer,Casual
53490,Women,Bra,Summer,Casual
53491,Women,Briefs,Summer,Casual
53492,Women,Bra,Summer,Casual
53493,Women,Bra,Summer,Casual
53498,Women,Briefs,Summer,Casual
53506,Women,Bra,Summer,Casual
53507,Women,Bra,Summer,Casual
53508,Women,Bra,Summer,Casual
53520,Women,Briefs,Summer,Casual
53525,Women,Bra,Summer,Casual
53526,Women,Briefs,Summer,Casual
53527,Women,Briefs,Summer,Casual
53528,Women,Briefs,Summer,Casual
53529,Women,Briefs,Summer,Casual
53530,Women,Bra,Summer,Casual
53531,Women,Briefs,Summer,Casual
53532,Women,Briefs,Summer,Casual
53533,Unisex,Briefs,Summer,Casual
53534,Women,Other,Summer,Casual
53535,Women,Bra,Summer,Casual
53536,Women,Briefs,Summer,Casual
53537,Unisex,Briefs,Summer,Casual
53538,Women,Briefs,Summer,Casual
53539,Unisex,Briefs,Summer,Casual
53540,Women,Briefs,Summer,Formal
53541,Women,Briefs,Summer,Casual
53542,Unisex,Briefs,Summer,Casual
53543,Unisex,Briefs,Summer,Casual
53545,Women,Briefs,Summer,Casual
53546,Unisex,Briefs,Summer,Casual
53547,Women,Briefs,Summer,Casual
53548,Women,Briefs,Summer,Casual
53554,Men,Other,Summer,Casual
53555,Men,Other,Summer,Casual
53556,Men,Other,Summer,Casual
53557,Men,Other,Summer,Casual
53558,Men,Other,Summer,Casual
53559,Men,Other,Summer,Casual
53560,Women,Watches,Winter,Smart Casual
53561,Unisex,Watches,Winter,Casual
53562,Unisex,Watches,Winter,Casual
53563,Men,Watches,Winter,Casual
53564,Men,Watches,Winter,Casual
53565,Unisex,Watches,Winter,Casual
53566,Unisex,Watches,Winter,Casual
53567,Unisex,Watches,Winter,Casual
53568,Girls,Watches,Winter,Casual
53569,Girls,Watches,Winter,Casual
53570,Unisex,Watches,Winter,Casual
53571,Girls,Watches,Winter,Casual
53572,Girls,Watches,Winter,Casual
53573,Girls,Watches,Winter,Casual
53574,Unisex,Watches,Winter,Casual
53575,Women,Watches,Winter,Ethnic
53576,Unisex,Watches,Winter,Casual
53577,Girls,Watches,Winter,Casual
53578,Girls,Watches,Winter,Casual
53579,Men,Watches,Winter,Formal
53580,Men,Watches,Winter,Smart Casual
53581,Men,Watches,Winter,Casual
53582,Boys,Watches,Winter,Casual
53583,Men,Watches,Winter,Casual
53584,Women,Watches,Winter,Casual
53585,Men,Watches,Winter,Casual
53586,Men,Watches,Winter,Casual
53587,Men,Watches,Winter,Casual
53588,Men,Watches,Winter,Casual
53589,Men,Watches,Winter,Casual
53590,Men,Watches,Winter,Casual
53591,Women,Watches,Winter,Casual
53592,Women,Watches,Winter,Casual
53593,Unisex,Watches,Winter,Casual
53594,Unisex,Watches,Winter,Casual
53595,Unisex,Watches,Winter,Casual
53596,Men,Watches,Winter,Casual
53597,Unisex,Watches,Winter,Casual
53598,Men,Watches,Winter,Casual
53599,Men,Watches,Winter,Casual
53600,Men,Watches,Winter,Casual
53601,Unisex,Watches,Winter,Casual
53602,Unisex,Watches,Winter,Casual
53603,Unisex,Watches,Winter,Casual
53604,Unisex,Watches,Winter,Casual
53605,Unisex,Watches,Winter,Casual
53606,Unisex,Watches,Winter,Casual
53608,Men,Watches,Winter,Casual
53609,Unisex,Watches,Winter,Casual
53611,Unisex,Watches,Winter,Casual
53612,Unisex,Watches,Winter,Smart Casual
53613,Unisex,Watches,Winter,Casual
53614,Unisex,Watches,Winter,Casual
53615,Unisex,Watches,Winter,Casual
53616,Unisex,Watches,Winter,Smart Casual
53617,Men,Watches,Winter,Smart Casual
53618,Unisex,Watches,Winter,Casual
53619,Men,Watches,Winter,Smart Casual
53620,Unisex,Watches,Winter,Casual
53621,Unisex,Watches,Winter,Casual
53622,Unisex,Watches,Winter,Smart Casual
53623,Unisex,Watches,Winter,Casual
53624,Women,Watches,Winter,Casual
53625,Men,Watches,Winter,Smart Casual
53626,Men,Watches,Winter,Smart Casual
53627,Women,Watches,Winter,Casual
53628,Men,Watches,Winter,Smart Casual
53629,Men,Watches,Winter,Casual
53630,Women,Tshirts,Summer,Casual
53631,Women,Bra,Summer,Casual
53632,Men,Sandals,Fall,Formal
53633,Men,Casual Shoes,Fall,Casual
53634,Unisex,Casual Shoes,Summer,Sports
53635,Unisex,Casual Shoes,Summer,Sports
53636,Men,Casual Shoes,Fall,Sports
53637,Men,Casual Shoes,Summer,Sports
53638,Men,Casual Shoes,Summer,Sports
53639,Men,Casual Shoes,Summer,Sports
53640,Men,Casual Shoes,Summer,Formal
53648,Women,Handbags,Summer,Casual
53649,Unisex,Handbags,Summer,Casual
53651,Women,Handbags,Winter,Casual
53652,Women,Handbags,Winter,Casual
53653,Women,Handbags,Winter,Casual
53654,Women,Handbags,Winter,Casual
53655,Women,Handbags,Summer,Casual
53656,Women,Handbags,Winter,Casual
53657,Girls,Handbags,Summer,Casual
53659,Women,Handbags,Winter,Casual
53660,Women,Handbags,Summer,Casual
53661,Women,Handbags,Winter,Casual
53663,Women,Handbags,Summer,Casual
53665,Women,Handbags,Winter,Casual
53666,Women,Handbags,Summer,Casual
53667,Women,Handbags,Summer,Casual
53668,Unisex,Handbags,Summer,Casual
53669,Women,Handbags,Summer,Casual
53670,Women,Handbags,Summer,Casual
53671,Women,Handbags,Winter,Casual
53672,Women,Handbags,Winter,Casual
53673,Women,Handbags,Summer,Casual
53674,Women,Handbags,Winter,Casual
53675,Women,Handbags,Summer,Casual
53676,Women,Handbags,Winter,Casual
53677,Women,Handbags,Winter,Casual
53678,Girls,Handbags,Summer,Casual
53679,Women,Handbags,Summer,Casual
53680,Women,Handbags,Summer,Casual
53681,Women,Handbags,Summer,Casual
53682,Women,Clutches,Summer,Casual
53683,Women,Wallets,Summer,Casual
53684,Women,Handbags,Summer,Casual
53685,Women,Handbags,Spring,Casual
53686,Women,Handbags,Summer,Casual
53687,Women,Handbags,Summer,Casual
53688,Women,Handbags,Summer,Casual
53689,Women,Handbags,Summer,Casual
53692,Women,Handbags,Summer,Casual
53695,Women,Handbags,Summer,Casual
53696,Women,Handbags,Summer,Casual
53698,Women,Handbags,Summer,Casual
53702,Women,Handbags,Winter,Casual
53706,Women,Handbags,Winter,Casual
53708,Women,Handbags,Summer,Casual
53710,Women,Handbags,Winter,Casual
53715,Women,Handbags,Summer,Casual
53719,Women,Handbags,Summer,Casual
53720,Women,Handbags,Summer,Casual
53723,Women,Flip Flops,Winter,Casual
53724,Women,Flip Flops,Summer,Casual
53725,Women,Flip Flops,Summer,Sports
53726,Women,Flip Flops,Winter,Casual
53727,Women,Flats,Winter,Casual
53729,Women,Casual Shoes,Winter,Casual
53731,Men,Casual Shoes,Summer,Sports
53732,Unisex,Casual Shoes,Summer,Sports
53734,Men,Casual Shoes,Summer,Formal
53735,Men,Casual Shoes,Winter,Formal
53737,Women,Shorts,Summer,Casual
53738,Men,Other,Summer,Formal
53740,Men,Track Pants,Summer,Sports
53741,Men,Other,Summer,Casual
53742,Women,Jeans,Summer,Sports
53743,Men,Trousers,Fall,Sports
53744,Women,Shorts,Summer,Casual
53745,Women,Shorts,Summer,Casual
53747,Men,Trousers,Summer,Sports
53748,Men,Track Pants,Summer,Formal
53749,Women,Jeans,Summer,Sports
53750,Women,Jeans,Summer,Casual
53751,Men,Trousers,Summer,Casual
53752,Men,Shorts,Summer,Sports
53753,Men,Shorts,Summer,Sports
53754,Men,Jackets,Summer,Formal
53755,Men,Shorts,Summer,Sports
53756,Unisex,Handbags,Winter,Casual
53757,Women,Sports Shoes,Fall,Sports
53759,Men,Shirts,Summer,Casual
53760,Men,Tshirts,Summer,Casual
53761,Men,Tshirts,Summer,Casual
53762,Men,Tshirts,Summer,Casual
53763,Men,Tshirts,Summer,Casual
53764,Men,Tshirts,Summer,Casual
53765,Men,Tshirts,Summer,Casual
53766,Men,Tshirts,Summer,Casual
53767,Men,Tshirts,Summer,Casual
53768,Men,Tshirts,Summer,Sports
53770,Men,Tshirts,Summer,Casual
53771,Men,Tshirts,Summer,Casual
53772,Men,Tshirts,Summer,Casual
53773,Men,Tshirts,Summer,Casual
53774,Men,Shirts,Summer,Smart Casual
53775,Men,Tshirts,Summer,Casual
53776,Men,Shorts,Summer,Sports
53777,Men,Sports Shoes,Summer,Sports
53778,Women,Tshirts,Summer,Casual
53779,Women,Tshirts,Summer,Casual
53780,Men,Innerwear Vests,Summer,Casual
53781,Men,Tshirts,Fall,Sports
53782,Men,Tshirts,Summer,Casual
53783,Men,Shirts,Summer,Casual
53784,Men,Shirts,Summer,Casual
53785,Men,Kurtas,Summer,Sports
53786,Men,Tshirts,Summer,Casual
53787,Men,Tshirts,Summer,Casual
53788,Men,Tshirts,Summer,Casual
53791,Men,Tshirts,Summer,Casual
53793,Men,Tshirts,Summer,Casual
53794,Men,Tshirts,Fall,Casual
53795,Men,Tshirts,Summer,Casual
53796,Men,Tshirts,Summer,Casual
53797,Men,Tshirts,Summer,Casual
53798,Men,Tshirts,Summer,Sports
53799,Men,Tshirts,Summer,Casual
53800,Men,Tshirts,Summer,Casual
53801,Men,Tshirts,Summer,Casual
53802,Men,Tshirts,Summer,Casual
53803,Men,Tshirts,Summer,Casual
53804,Men,Tshirts,Summer,Casual
53805,Men,Socks,Winter,Sports
53806,Unisex,Socks,Summer,Sports
53807,Men,Lounge Pants,Summer,Casual
53808,Women,Tunics,Summer,Ethnic
53809,Women,Dresses,Summer,Ethnic
53810,Women,Kurtas,Summer,Ethnic
53811,Women,Kurtas,Summer,Ethnic
53812,Women,Kurta Sets,Summer,Ethnic
53813,Women,Kurtis,Summer,Ethnic
53814,Women,Kurta Sets,Summer,Ethnic
53815,Women,Kurtas,Summer,Ethnic
53816,Women,Kurtas,Summer,Ethnic
53817,Women,Kurta Sets,Summer,Ethnic
53818,Women,Kurtis,Summer,Ethnic
53819,Women,Kurtis,Summer,Ethnic
53820,Men,Kurtis,Summer,Ethnic
53822,Women,Tops,Summer,Casual
53823,Men,Kurtas,Summer,Ethnic
53824,Women,Tops,Summer,Ethnic
53825,Women,Kurta Sets,Summer,Ethnic
53826,Women,Kurtas,Summer,Ethnic
53829,Women,Kurtas,Summer,Ethnic
53830,Women,Kurtas,Summer,Ethnic
53832,Women,Dresses,Summer,Casual
53833,Women,Kurtas,Summer,Ethnic
53834,Women,Kurtas,Summer,Ethnic
53835,Women,Stoles,Summer,Casual
53836,Women,Kurtas,Summer,Ethnic
53837,Women,Kurtas,Summer,Ethnic
53838,Women,Kurtas,Summer,Ethnic
53839,Women,Kurtas,Summer,Ethnic
53840,Women,Kurtas,Summer,Ethnic
53841,Women,Other,Summer,Ethnic
53842,Women,Kurtas,Summer,Casual
53843,Women,Kurtas,Summer,Casual
53849,Women,Kurtas,Summer,Ethnic
53850,Women,Kurtas,Summer,Ethnic
53851,Women,Kurtas,Summer,Ethnic
53852,Women,Kurtas,Summer,Ethnic
53856,Women,Kurtas,Summer,Ethnic
53857,Women,Kurtas,Summer,Ethnic
53859,Women,Kurtas,Summer,Ethnic
53861,Women,Kurtas,Summer,Ethnic
53863,Women,Kurtas,Summer,Ethnic
53864,Women,Other,Summer,Ethnic
53866,Women,Tshirts,Summer,Ethnic
53867,Women,Flats,Winter,Casual
53868,Women,Flats,Winter,Casual
53869,Women,Flats,Winter,Casual
53870,Women,Flats,Winter,Casual
53871,Unisex,Watches,Winter,Casual
53872,Women,Sports Shoes,Summer,Sports
53873,Men,Sports Shoes,Fall,Sports
53874,Men,Sports Shoes,Fall,Sports
53875,Men,Flip Flops,Summer,Casual
53876,Women,Flip Flops,Winter,Sports
53877,Men,Flip Flops,Winter,Sports
53878,Men,Flip Flops,Fall,Sports
53879,Unisex,Flip Flops,Fall,Casual
53880,Men,Flip Flops,Summer,Sports
53881,Men,Flip Flops,Summer,Sports
53882,Men,Flip Flops,Summer,Sports
53883,Men,Flip Flops,Summer,Casual
53884,Women,Handbags,Summer,Sports
53886,Women,Handbags,Winter,Casual
53887,Women,Handbags,Summer,Casual
53888,Women,Handbags,Summer,Casual
53889,Women,Handbags,Summer,Casual
53890,Women,Handbags,Summer,Sports
53891,Women,Handbags,Summer,Casual
53892,Unisex,Handbags,Summer,Casual
53893,Women,Handbags,Summer,Casual
53894,Women,Handbags,Winter,Casual
53895,Women,Handbags,Summer,Casual
53896,Unisex,Handbags,Summer,Casual
53897,Women,Handbags,Summer,Casual
53900,Women,Handbags,Summer,Casual
53902,Women,Handbags,Winter,Casual
53905,Women,Handbags,Summer,Casual
53907,Women,Handbags,Winter,Casual
53911,Women,Laptop Bag,Winter,Casual
53914,Women,Handbags,Summer,Casual
53918,Women,Handbags,Winter,Casual
53921,Women,Handbags,Summer,Casual
53927,Women,Handbags,Winter,Casual
53928,Women,Handbags,Summer,Sports
53930,Women,Handbags,Summer,Casual
53931,Women,Handbags,Winter,Casual
53934,Women,Handbags,Summer,Casual
53935,Women,Handbags,Summer,Casual
53941,Women,Handbags,Winter,Casual
53942,Unisex,Handbags,Winter,Casual
53943,Unisex,Duffel Bag,Winter,Casual
53944,Unisex,Handbags,Winter,Casual
53946,Women,Handbags,Summer,Casual
53961,Women,Handbags,Winter,Casual
53963,Women,Handbags,Winter,Casual
53964,Women,Handbags,Winter,Casual
53979,Unisex,Handbags,Winter,Casual
53981,Women,Handbags,Summer,Casual
53985,Women,Handbags,Summer,Casual
53990,Women,Handbags,Summer,Casual
53991,Women,Handbags,Summer,Casual
53994,Unisex,Handbags,Winter,Casual
53997,Women,Handbags,Summer,Casual
53999,Women,Handbags,Winter,Casual
54000,Women,Handbags,Summer,Casual
54002,Unisex,Handbags,Winter,Casual
54003,Women,Handbags,Summer,Casual
54007,Women,Handbags,Summer,Casual
54008,Women,Handbags,Winter,Casual
54009,Unisex,Handbags,Summer,Casual
54014,Women,Handbags,Summer,Casual
54016,Unisex,Handbags,Summer,Casual
54017,Unisex,Handbags,Summer,Casual
54018,Unisex,Handbags,Winter,Casual
54019,Women,Handbags,Summer,Casual
54020,Women,Handbags,Summer,Casual
54031,Girls,Handbags,Summer,Casual
54032,Unisex,Handbags,Summer,Casual
54033,Unisex,Handbags,Winter,Casual
54035,Women,Handbags,Summer,Casual
54036,Women,Handbags,Summer,Casual
54040,Women,Handbags,Winter,Casual
54041,Unisex,Handbags,Summer,Casual
54049,Women,Leggings,Summer,Casual
54050,Women,Jeans,Summer,Casual
54051,Men,Trousers,Summer,Casual
54052,Women,Leggings,Summer,Ethnic
54053,Women,Leggings,Summer,Ethnic
54054,Women,Skirts,Summer,Ethnic
54055,Women,Other,Summer,Ethnic
54056,Women,Skirts,Summer,Ethnic
54057,Women,Leggings,Summer,Ethnic
54058,Men,Trousers,Winter,Ethnic
54059,Women,Capris,Winter,Casual
54060,Women,Capris,Summer,Ethnic
54061,Unisex,Deodorant,Spring,Casual
54062,Women,Deodorant,Spring,Casual
54063,Women,Deodorant,Spring,Casual
54064,Men,Deodorant,Spring,Casual
54065,Unisex,Casual Shoes,Summer,Sports
54066,Men,Casual Shoes,Summer,Casual
54068,Men,Casual Shoes,Summer,Formal
54069,Men,Sandals,Summer,Casual
54070,Men,Sports Shoes,Summer,Sports
54071,Men,Sports Shoes,Summer,Sports
54072,Unisex,Sports Shoes,Fall,Sports
54073,Unisex,Casual Shoes,Fall,Sports
54076,Men,Casual Shoes,Summer,Casual
54077,Women,Flats,Winter,Casual
54078,Men,Casual Shoes,Summer,Sports
54079,Women,Jackets,Summer,Casual
54080,Women,Kurtas,Summer,Ethnic
54081,Women,Kurtas,Summer,Ethnic
54082,Men,Kurtis,Summer,Ethnic
54083,Women,Kurtis,Summer,Ethnic
54084,Women,Kurtis,Summer,Casual
54086,Women,Kurtis,Summer,Ethnic
54087,Women,Kurtis,Summer,Casual
54088,Women,Tunics,Summer,Ethnic
54089,Men,Tshirts,Summer,Casual
54090,Women,Tops,Summer,Casual
54095,Men,Caps,Summer,Casual
54103,Unisex,Heels,Winter,Casual
54104,Women,Heels,Winter,Casual
54105,Women,Heels,Winter,Casual
54106,Women,Heels,Winter,Casual
54107,Women,Heels,Winter,Casual
54108,Women,Flats,Winter,Casual
54109,Women,Flats,Winter,Casual
54110,Women,Flats,Winter,Casual
54111,Women,Flats,Winter,Casual
54112,Women,Flats,Winter,Casual
54113,Women,Flats,Winter,Casual
54114,Women,Flats,Winter,Casual
54115,Women,Flats,Winter,Casual
54116,Women,Flats,Winter,Casual
54117,Unisex,Flats,Winter,Casual
54118,Women,Flats,Winter,Casual
54119,Women,Flats,Winter,Casual
54120,Women,Flats,Winter,Casual
54121,Women,Flats,Winter,Casual
54122,Women,Flats,Winter,Casual
54123,Women,Flats,Winter,Casual
54124,Women,Flats,Winter,Casual
54125,Women,Heels,Winter,Casual
54126,Women,Heels,Winter,Casual
54127,Unisex,Flats,Winter,Casual
54128,Women,Heels,Winter,Casual
54129,Women,Flats,Winter,Casual
54130,Women,Flats,Winter,Casual
54131,Women,Flats,Winter,Casual
54132,Women,Flats,Winter,Casual
54133,Women,Heels,Winter,Casual
54134,Women,Heels,Winter,Casual
54135,Women,Heels,Winter,Casual
54136,Women,Heels,Winter,Casual
54137,Women,Heels,Winter,Casual
54138,Women,Flats,Winter,Casual
54139,Women,Flats,Winter,Casual
54140,Women,Flats,Winter,Casual
54141,Women,Flats,Winter,Casual
54142,Women,Flats,Winter,Casual
54143,Unisex,Heels,Winter,Casual
54144,Women,Heels,Winter,Casual
54145,Women,Flats,Winter,Casual
54146,Women,Tops,Summer,Casual
54147,Women,Necklace and Chains,Summer,Casual
54148,Women,Necklace and Chains,Summer,Casual
54149,Women,Pendant,Winter,Ethnic
54150,Women,Necklace and Chains,Fall,Ethnic
54151,Women,Necklace and Chains,Winter,Casual
54152,Women,Necklace and Chains,Winter,Ethnic
54153,Women,Necklace and Chains,Summer,Casual
54154,Women,Other,Winter,Casual
54155,Women,Necklace and Chains,Winter,Casual
54156,Women,Necklace and Chains,Winter,Ethnic
54157,Women,Necklace and Chains,Winter,Casual
54158,Women,Necklace and Chains,Winter,Casual
54159,Women,Necklace and Chains,Winter,Casual
54160,Women,Other,Winter,Ethnic
54161,Women,Other,Summer,Casual
54162,Women,Necklace and Chains,Winter,Ethnic
54163,Women,Necklace and Chains,Winter,Casual
54164,Men,Necklace and Chains,Summer,Sports
54165,Women,Necklace and Chains,Winter,Ethnic
54166,Women,Necklace and Chains,Winter,Ethnic
54167,Women,Necklace and Chains,Winter,Casual
54168,Women,Flats,Summer,Ethnic
54169,Women,Necklace and Chains,Winter,Casual
54170,Women,Necklace and Chains,Winter,Formal
54171,Women,Other,Winter,Ethnic
54172,Women,Necklace and Chains,Winter,Ethnic
54173,Women,Other,Summer,Ethnic
54174,Women,Necklace and Chains,Winter,Ethnic
54175,Women,Pendant,Winter,Ethnic
54176,Women,Pendant,Summer,Ethnic
54177,Girls,Handbags,Winter,Sports
54178,Unisex,Duffel Bag,Winter,Casual
54182,Women,Handbags,Summer,Casual
54183,Women,Handbags,Summer,Casual
54185,Unisex,Backpacks,Summer,Casual
54186,Men,Briefs,Summer,Casual
54187,Men,Briefs,Summer,Casual
54188,Unisex,Briefs,Winter,Casual
54189,Unisex,Briefs,Summer,Casual
54192,Men,Trousers,Fall,Formal
54194,Men,Trousers,Summer,Formal
54200,Men,Shorts,Fall,Sports
54202,Men,Shirts,Summer,Casual
54225,Men,Trousers,Summer,Formal
54226,Men,Jeans,Summer,Casual
54228,Women,Flats,Winter,Casual
54229,Women,Handbags,Winter,Casual
54252,Men,Shirts,Summer,Formal
54280,Men,Shirts,Summer,Formal
54302,Women,Bra,Summer,Casual
54303,Unisex,Briefs,Summer,Casual
54304,Women,Briefs,Summer,Casual
54305,Women,Bra,Summer,Casual
54306,Unisex,Briefs,Summer,Casual
54307,Women,Briefs,Summer,Casual
54311,Women,Briefs,Summer,Casual
54318,Women,Bra,Summer,Casual
54319,Women,Briefs,Summer,Casual
54320,Women,Briefs,Summer,Casual
54325,Women,Bra,Summer,Casual
54326,Women,Briefs,Summer,Casual
54327,Women,Bra,Winter,Casual
54328,Women,Briefs,Summer,Casual
54329,Women,Briefs,Summer,Casual
54330,Unisex,Briefs,Summer,Casual
54332,Women,Briefs,Summer,Casual
54334,Women,Other,Fall,Casual
54338,Women,Tops,Summer,Casual
54339,Men,Socks,Summer,Formal
54340,Men,Socks,Summer,Formal
54341,Unisex,Socks,Summer,Sports
54342,Women,Other,Summer,Ethnic
54343,Girls,Casual Shoes,Summer,Casual
54344,Unisex,Socks,Summer,Formal
54345,Women,Socks,Summer,Casual
54346,Men,Socks,Summer,Formal
54375,Women,Earrings,Summer,Casual
54380,Women,Handbags,Summer,Casual
54381,Unisex,Wallets,Summer,Casual
54382,Women,Handbags,Winter,Casual
54383,Women,Wallets,Summer,Casual
54384,Women,Handbags,Winter,Casual
54385,Unisex,Clutches,Summer,Casual
54386,Unisex,Handbags,Winter,Casual
54387,Unisex,Handbags,Summer,Casual
54388,Unisex,Handbags,Winter,Casual
54389,Women,Wallets,Summer,Casual
54390,Unisex,Wallets,Summer,Casual
54391,Women,Handbags,Summer,Casual
54392,Women,Handbags,Winter,Casual
54393,Women,Handbags,Summer,Casual
54394,Women,Handbags,Summer,Casual
54395,Women,Wallets,Summer,Casual
54396,Unisex,Clutches,Summer,Casual
54397,Unisex,Handbags,Winter,Casual
54398,Women,Handbags,Summer,Sports
54399,Women,Wallets,Summer,Casual
54400,Women,Wallets,Summer,Casual
54401,Women,Wallets,Summer,Casual
54402,Unisex,Wallets,Summer,Casual
54403,Women,Wallets,Summer,Casual
54404,Women,Wallets,Summer,Casual
54405,Women,Wallets,Summer,Casual
54406,Unisex,Handbags,Winter,Casual
54407,Women,Handbags,Summer,Casual
54408,Women,Handbags,Winter,Casual
54409,Women,Handbags,Summer,Casual
54410,Girls,Wallets,Summer,Casual
54411,Unisex,Wallets,Summer,Casual
54412,Women,Wallets,Summer,Casual
54475,Women,Handbags,Winter,Casual
54476,Women,Handbags,Winter,Casual
54477,Men,Briefs,Summer,Casual
54478,Men,Briefs,Summer,Casual
54479,Men,Briefs,Summer,Casual
54480,Men,Briefs,Summer,Casual
54481,Men,Briefs,Summer,Casual
54482,Men,Briefs,Summer,Casual
54483,Men,Briefs,Winter,Casual
54484,Men,Briefs,Winter,Casual
54485,Men,Briefs,Winter,Casual
54486,Men,Briefs,Summer,Formal
54487,Unisex,Handbags,Summer,Casual
54488,Unisex,Handbags,Winter,Casual
54489,Unisex,Other,Summer,Casual
54490,Women,Handbags,Summer,Casual
54491,Women,Handbags,Winter,Casual
54492,Women,Handbags,Summer,Casual
54493,Women,Handbags,Winter,Casual
54494,Women,Handbags,Winter,Casual
54495,Women,Handbags,Winter,Casual
54496,Unisex,Handbags,Winter,Casual
54497,Unisex,Laptop Bag,Winter,Casual
54498,Women,Handbags,Winter,Casual
54499,Unisex,Laptop Bag,Winter,Casual
54500,Unisex,Handbags,Winter,Casual
54501,Women,Laptop Bag,Winter,Casual
54502,Unisex,Backpacks,Winter,Casual
54503,Unisex,Backpacks,Summer,Casual
54504,Women,Handbags,Winter,Casual
54505,Women,Handbags,Summer,Casual
54506,Women,Handbags,Summer,Casual
54507,Women,Handbags,Summer,Casual
54508,Women,Handbags,Summer,Casual
54509,Women,Handbags,Summer,Casual
54510,Women,Handbags,Winter,Casual
54511,Women,Handbags,Summer,Casual
54512,Women,Handbags,Summer,Casual
54513,Men,Casual Shoes,Fall,Formal
54514,Unisex,Casual Shoes,Summer,Sports
54515,Men,Casual Shoes,Fall,Sports
54516,Men,Sports Shoes,Summer,Sports
54517,Men,Casual Shoes,Summer,Sports
54518,Men,Casual Shoes,Fall,Sports
54519,Men,Casual Shoes,Summer,Sports
54520,Men,Casual Shoes,Summer,Sports
54521,Men,Casual Shoes,Fall,Sports
54522,Men,Casual Shoes,Summer,Sports
54523,Men,Casual Shoes,Summer,Sports
54524,Men,Sports Shoes,Summer,Sports
54525,Men,Sports Shoes,Summer,Sports
54526,Men,Sports Shoes,Fall,Sports
54527,Men,Casual Shoes,Summer,Formal
54528,Men,Casual Shoes,Summer,Sports
54529,Men,Casual Shoes,Fall,Formal
54530,Men,Sports Shoes,Summer,Sports
54533,Men,Sports Shoes,Summer,Sports
54534,Men,Sports Shoes,Summer,Sports
54535,Men,Sports Shoes,Summer,Sports
54536,Men,Casual Shoes,Summer,Formal
54537,Men,Sports Shoes,Summer,Sports
54538,Men,Casual Shoes,Fall,Sports
54539,Men,Sports Shoes,Summer,Sports
54540,Men,Sports Shoes,Summer,Sports
54541,Men,Casual Shoes,Summer,Sports
54542,Men,Casual Shoes,Summer,Sports
54543,Men,Sports Shoes,Fall,Sports
54544,Men,Casual Shoes,Fall,Sports
54545,Unisex,Handbags,Summer,Casual
54546,Unisex,Backpacks,Summer,Casual
54547,Women,Tunics,Summer,Ethnic
54548,Women,Kurtas,Summer,Ethnic
54549,Women,Kurtis,Summer,Casual
54550,Women,Kurtas,Summer,Ethnic
54551,Women,Kurtis,Summer,Ethnic
54553,Women,Kurtas,Summer,Ethnic
54554,Men,Tops,Summer,Ethnic
54555,Women,Kurtas,Summer,Ethnic
54556,Women,Stoles,Summer,Ethnic
54557,Women,Tops,Summer,Ethnic
54558,Women,Tops,Summer,Casual
54559,Women,Kurtis,Summer,Ethnic
54561,Women,Kurtas,Summer,Ethnic
54562,Women,Kurtas,Summer,Ethnic
54563,Men,Kurtas,Summer,Ethnic
54564,Women,Kurtas,Summer,Ethnic
54565,Women,Kurtas,Summer,Ethnic
54566,Women,Kurtas,Summer,Ethnic
54567,Women,Kurtas,Summer,Ethnic
54568,Women,Kurtas,Summer,Ethnic
54569,Women,Kurtas,Summer,Ethnic
54570,Women,Kurtas,Summer,Ethnic
54571,Women,Kurtas,Summer,Ethnic
54572,Women,Kurtas,Summer,Ethnic
54573,Women,Kurtis,Summer,Casual
54574,Women,Tops,Summer,Ethnic
54575,Women,Kurtis,Summer,Ethnic
54576,Women,Kurtas,Summer,Ethnic
54577,Women,Kurtas,Summer,Ethnic
54578,Women,Kurtas,Summer,Ethnic
54579,Women,Kurtas,Summer,Ethnic
54580,Women,Kurtas,Summer,Ethnic
54581,Women,Kurtas,Summer,Ethnic
54582,Women,Kurtas,Summer,Ethnic
54584,Women,Kurtas,Summer,Ethnic
54585,Women,Kurtas,Summer,Ethnic
54586,Women,Kurtas,Summer,Ethnic
54587,Women,Kurtas,Summer,Ethnic
54588,Women,Kurtas,Summer,Ethnic
54589,Women,Kurtas,Summer,Ethnic
54590,Women,Kurtas,Summer,Ethnic
54595,Women,Kurtas,Summer,Ethnic
54596,Women,Kurtas,Summer,Ethnic
54597,Women,Kurtas,Summer,Ethnic
54598,Women,Kurtas,Fall,Ethnic
54599,Women,Kurtas,Summer,Ethnic
54600,Unisex,Briefs,Summer,Casual
54601,Unisex,Briefs,Summer,Casual
54602,Unisex,Briefs,Summer,Casual
54603,Men,Briefs,Summer,Formal
54604,Men,Briefs,Summer,Casual
54605,Men,Briefs,Summer,Sports
54606,Men,Briefs,Summer,Casual
54607,Men,Briefs,Summer,Casual
54608,Men,Briefs,Summer,Casual
54609,Men,Briefs,Summer,Casual
54610,Men,Briefs,Winter,Casual
54611,Men,Briefs,Summer,Casual
54612,Men,Briefs,Summer,Casual
54613,Unisex,Briefs,Summer,Casual
54614,Unisex,Briefs,Summer,Casual
54615,Unisex,Briefs,Summer,Casual
54616,Unisex,Briefs,Summer,Casual
54617,Men,Briefs,Summer,Casual
54618,Men,Briefs,Summer,Casual
54619,Men,Watches,Winter,Casual
54620,Unisex,Watches,Winter,Casual
54621,Men,Watches,Winter,Casual
54622,Men,Watches,Winter,Casual
54623,Women,Tops,Winter,Casual
54625,Men,Watches,Winter,Smart Casual
54626,Unisex,Watches,Winter,Casual
54627,Men,Watches,Winter,Smart Casual
54628,Men,Watches,Winter,Smart Casual
54629,Men,Watches,Winter,Smart Casual
54630,Men,Watches,Winter,Smart Casual
54631,Men,Watches,Winter,Casual
54632,Men,Watches,Winter,Smart Casual
54633,Men,Watches,Winter,Casual
54634,Men,Watches,Winter,Casual
54635,Men,Watches,Winter,Casual
54636,Men,Watches,Winter,Casual
54637,Men,Watches,Winter,Smart Casual
54638,Men,Watches,Winter,Casual
54639,Men,Watches,Winter,Casual
54640,Men,Watches,Winter,Smart Casual
54641,Men,Watches,Winter,Smart Casual
54642,Men,Watches,Winter,Smart Casual
54643,Men,Watches,Winter,Smart Casual
54644,Unisex,Watches,Winter,Smart Casual
54645,Unisex,Watches,Winter,Casual
54646,Women,Watches,Winter,Casual
54647,Men,Watches,Winter,Smart Casual
54648,Men,Watches,Winter,Casual
54649,Men,Watches,Winter,Casual
54650,Men,Watches,Winter,Casual
54651,Women,Watches,Winter,Casual
54652,Women,Watches,Winter,Casual
54653,Men,Watches,Winter,Casual
54654,Men,Watches,Winter,Smart Casual
54655,Men,Watches,Winter,Smart Casual
54656,Men,Watches,Winter,Casual
54657,Men,Watches,Winter,Smart Casual
54658,Men,Watches,Winter,Formal
54659,Men,Watches,Winter,Casual
54660,Men,Watches,Winter,Smart Casual
54661,Women,Watches,Winter,Casual
54662,Men,Watches,Winter,Smart Casual
54663,Men,Watches,Winter,Smart Casual
54664,Men,Watches,Winter,Smart Casual
54665,Women,Watches,Winter,Casual
54666,Men,Watches,Winter,Casual
54667,Men,Watches,Winter,Smart Casual
54668,Men,Watches,Winter,Smart Casual
54669,Women,Watches,Winter,Casual
54670,Men,Watches,Winter,Casual
54671,Men,Watches,Winter,Smart Casual
54672,Men,Watches,Winter,Smart Casual
54674,Boys,Watches,Winter,Casual
54675,Men,Watches,Winter,Casual
54676,Men,Watches,Winter,Casual
54677,Men,Watches,Winter,Casual
54678,Men,Free Gifts,Winter,Casual
54679,Women,Watches,Winter,Casual
54680,Women,Kurtas,Summer,Ethnic
54681,Women,Tops,Summer,Casual
54682,Women,Tunics,Summer,Ethnic
54683,Women,Dresses,Summer,Ethnic
54684,Women,Kurtas,Summer,Ethnic
54685,Women,Kurtas,Summer,Ethnic
54686,Women,Other,Summer,Ethnic
54687,Women,Kurtas,Summer,Ethnic
54688,Women,Other,Summer,Ethnic
54689,Women,Night suits,Summer,Ethnic
54690,Women,Tshirts,Summer,Ethnic
54691,Women,Shirts,Summer,Ethnic
54692,Women,Tunics,Summer,Ethnic
54693,Women,Kurtas,Summer,Ethnic
54694,Women,Tunics,Summer,Ethnic
54695,Women,Tunics,Summer,Ethnic
54696,Men,Kurtas,Summer,Casual
54697,Women,Tunics,Summer,Ethnic
54698,Women,Tops,Summer,Casual
54699,Women,Kurtis,Summer,Ethnic
54700,Women,Shirts,Summer,Ethnic
54702,Women,Kurtas,Summer,Ethnic
54703,Women,Kurta Sets,Summer,Ethnic
54704,Women,Track Pants,Summer,Ethnic
54705,Women,Night suits,Summer,Ethnic
54706,Women,Kurtas,Summer,Ethnic
54708,Men,Kurtas,Summer,Ethnic
54710,Women,Kurtas,Summer,Ethnic
54711,Women,Kurtas,Summer,Ethnic
54712,Women,Night suits,Summer,Ethnic
54713,Women,Other,Summer,Ethnic
54714,Women,Sarees,Fall,Ethnic
54715,Women,Night suits,Summer,Ethnic
54716,Women,Kurtas,Summer,Ethnic
54717,Women,Kurtas,Summer,Ethnic
54718,Women,Shirts,Summer,Casual
54719,Women,Kurtas,Summer,Ethnic
54720,Women,Kurtas,Summer,Ethnic
54721,Women,Other,Summer,Ethnic
54722,Women,Socks,Summer,Ethnic
54723,Women,Other,Summer,Ethnic
54724,Women,Other,Summer,Ethnic
54725,Women,Kurtas,Summer,Ethnic
54726,Women,Kurtas,Summer,Ethnic
54727,Women,Kurtas,Summer,Ethnic
54728,Men,Casual Shoes,Summer,Casual
54729,Men,Casual Shoes,Fall,Casual
54730,Men,Casual Shoes,Summer,Formal
54731,Men,Casual Shoes,Summer,Casual
54732,Unisex,Casual Shoes,Summer,Casual
54733,Men,Casual Shoes,Summer,Casual
54734,Men,Casual Shoes,Fall,Formal
54735,Men,Casual Shoes,Summer,Formal
54736,Men,Casual Shoes,Summer,Casual
54737,Men,Casual Shoes,Summer,Casual
54738,Men,Casual Shoes,Fall,Formal
54739,Men,Casual Shoes,Summer,Sports
54740,Men,Casual Shoes,Summer,Formal
54741,Men,Casual Shoes,Summer,Casual
54742,Men,Casual Shoes,Summer,Casual
54744,Women,Kurtas,Summer,Ethnic
54767,Women,Kurtas,Summer,Ethnic
54792,Men,Jeans,Summer,Casual
54794,Men,Jeans,Summer,Casual
54796,Men,Jeans,Summer,Casual
54800,Men,Jeans,Summer,Casual
54804,Women,Handbags,Summer,Casual
54805,Women,Handbags,Summer,Casual
54807,Women,Handbags,Summer,Casual
54808,Unisex,Wallets,Winter,Casual
54812,Women,Handbags,Summer,Casual
54813,Unisex,Backpacks,Summer,Casual
54819,Men,Handbags,Winter,Casual
54823,Women,Handbags,Winter,Casual
54827,Unisex,Handbags,Summer,Casual
54828,Unisex,Wallets,Summer,Casual
54829,Unisex,Handbags,Winter,Smart Casual
54831,Girls,Clutches,Summer,Casual
54834,Unisex,Handbags,Summer,Casual
54836,Unisex,Handbags,Winter,Casual
54838,Unisex,Clutches,Summer,Casual
54842,Women,Belts,Winter,Casual
54849,Women,Necklace and Chains,Winter,Casual
54850,Women,Necklace and Chains,Winter,Ethnic
54851,Women,Tshirts,Winter,Ethnic
54852,Women,Necklace and Chains,Fall,Casual
54853,Women,Necklace and Chains,Fall,Casual
54854,Women,Necklace and Chains,Winter,Casual
54856,Women,Necklace and Chains,Fall,Formal
54857,Women,Pendant,Winter,Ethnic
54858,Women,Necklace and Chains,Winter,Ethnic
54859,Women,Necklace and Chains,Winter,Ethnic
54860,Women,Pendant,Winter,Ethnic
54861,Women,Other,Winter,Ethnic
54862,Women,Necklace and Chains,Winter,Ethnic
54863,Women,Necklace and Chains,Fall,Sports
54864,Men,Other,Summer,Ethnic
54865,Women,Pendant,Summer,Ethnic
54866,Women,Necklace and Chains,Fall,Ethnic
54867,Women,Pendant,Summer,Casual
54868,Women,Necklace and Chains,Winter,Ethnic
54869,Women,Necklace and Chains,Winter,Ethnic
54870,Women,Necklace and Chains,Winter,Ethnic
54871,Women,Other,Winter,Ethnic
54872,Women,Necklace and Chains,Summer,Ethnic
54873,Girls,Necklace and Chains,Summer,Sports
54874,Women,Bra,Winter,Ethnic
54875,Women,Necklace and Chains,Winter,Ethnic
54876,Women,Necklace and Chains,Winter,Ethnic
54877,Women,Bracelet,Winter,Ethnic
54878,Women,Handbags,Winter,Ethnic
54879,Women,Necklace and Chains,Winter,Ethnic
54880,Women,Handbags,Winter,Casual
54881,Women,Necklace and Chains,Winter,Ethnic
54882,Women,Necklace and Chains,Winter,Ethnic
54883,Women,Earrings,Summer,Casual
54884,Women,Necklace and Chains,Winter,Casual
54885,Women,Necklace and Chains,Winter,Ethnic
54886,Women,Other,Summer,Casual
54888,Women,Necklace and Chains,Winter,Ethnic
54889,Men,Shirts,Summer,Casual
54890,Women,Sweatshirts,Summer,Casual
54891,Women,Tops,Summer,Casual
54894,Men,Lounge Pants,Summer,Formal
54896,Men,Capris,Summer,Casual
54897,Women,Tshirts,Summer,Casual
54899,Women,Tops,Summer,Casual
54900,Men,Tshirts,Summer,Casual
54901,Men,Kurtas,Summer,Casual
54902,Men,Shirts,Summer,Casual
54903,Men,Shirts,Summer,Casual
54904,Men,Tshirts,Summer,Casual
54905,Men,Shirts,Summer,Casual
54906,Men,Tshirts,Summer,Casual
54907,Boys,Tshirts,Summer,Casual
54908,Men,Tshirts,Summer,Casual
54909,Men,Tshirts,Summer,Casual
54911,Women,Tops,Summer,Casual
54913,Men,Shirts,Summer,Casual
54914,Women,Tops,Summer,Casual
54915,Men,Shirts,Summer,Casual
54918,Men,Other,Summer,Casual
54919,Men,Lounge Pants,Summer,Casual
54921,Men,Shorts,Summer,Casual
54923,Boys,Other,Summer,Casual
54924,Men,Other,Summer,Casual
54925,Men,Other,Summer,Casual
54926,Men,Tshirts,Summer,Casual
54927,Men,Tshirts,Summer,Casual
54928,Men,Tshirts,Summer,Casual
54929,Men,Shirts,Summer,Casual
54930,Men,Tshirts,Summer,Casual
54931,Men,Tshirts,Summer,Casual
54932,Girls,Tops,Summer,Casual
54933,Girls,Tops,Summer,Casual
54934,Women,Tops,Summer,Casual
54935,Women,Tshirts,Summer,Casual
54936,Women,Tops,Summer,Casual
54937,Women,Tops,Summer,Casual
54938,Women,Tops,Summer,Casual
54939,Women,Tops,Summer,Casual
54940,Women,Tshirts,Summer,Casual
54941,Women,Tops,Summer,Casual
54942,Men,Shirts,Summer,Casual
54943,Men,Shirts,Summer,Casual
54944,Men,Kurtas,Summer,Casual
54945,Women,Tshirts,Summer,Casual
54946,Men,Tshirts,Summer,Casual
54947,Men,Shirts,Summer,Casual
54948,Men,Shirts,Summer,Formal
54949,Men,Jackets,Summer,Casual
54950,Men,Tshirts,Summer,Casual
54951,Men,Tshirts,Summer,Casual
54953,Men,Tshirts,Summer,Casual
54954,Men,Tshirts,Summer,Casual
54955,Men,Shirts,Summer,Casual
54957,Boys,Tshirts,Summer,Casual
54958,Boys,Tshirts,Summer,Casual
54959,Boys,Jackets,Summer,Sports
54960,Men,Shirts,Summer,Casual
54961,Men,Tshirts,Summer,Casual
54964,Women,Tops,Summer,Casual
54965,Men,Shirts,Summer,Casual
54966,Men,Casual Shoes,Winter,Casual
54967,Women,Deodorant,Spring,Casual
54968,Women,Deodorant,Spring,Casual
54969,Women,Deodorant,Spring,Casual
54970,Girls,Perfume and Body Mist,Spring,Casual
54971,Women,Dresses,Summer,Casual
54972,Women,Dresses,Summer,Casual
54973,Women,Dresses,Summer,Casual
54974,Women,Dresses,Summer,Casual
54975,Women,Shirts,Summer,Casual
54976,Women,Tshirts,Summer,Ethnic
54977,Women,Capris,Summer,Casual
54978,Women,Capris,Summer,Casual
54979,Men,Shirts,Summer,Ethnic
54980,Women,Sarees,Summer,Ethnic
54981,Women,Kurtas,Summer,Ethnic
54982,Women,Jeans,Summer,Casual
54983,Women,Leggings,Summer,Ethnic
54984,Women,Jeans,Summer,Casual
54985,Women,Jeans,Summer,Casual
54986,Women,Tshirts,Summer,Casual
54987,Women,Tops,Summer,Ethnic
54988,Women,Tops,Summer,Ethnic
54989,Women,Tops,Summer,Ethnic
54990,Women,Dresses,Summer,Ethnic
54991,Women,Tops,Summer,Casual
54992,Women,Tops,Summer,Casual
54993,Women,Shirts,Summer,Ethnic
54995,Unisex,Other,Spring,Casual
54997,Unisex,Other,Spring,Casual
55000,Unisex,Other,Spring,Casual
55001,Unisex,Other,Spring,Casual
55002,Unisex,Other,Spring,Casual
55003,Unisex,Other,Spring,Casual
55004,Unisex,Wallets,Winter,Casual
55005,Women,Other,Spring,Casual
55006,Men,Other,Spring,Casual
55007,Women,Other,Spring,Casual
55008,Women,Other,Spring,Casual
55009,Women,Other,Spring,Casual
55010,Women,Other,Spring,Casual
55012,Women,Other,Spring,Casual
55013,Men,Other,Spring,Formal
55015,Women,Other,Spring,Casual
55016,Men,Other,Spring,Formal
55018,Women,Other,Spring,Casual
55020,Women,Other,Spring,Casual
55021,Women,Other,Spring,Casual
55022,Women,Other,Spring,Casual
55023,Women,Perfume and Body Mist,Spring,Casual
55024,Women,Perfume and Body Mist,Spring,Casual
55025,Women,Other,Spring,Casual
55026,Women,Perfume and Body Mist,Spring,Casual
55027,Women,Perfume and Body Mist,Spring,Casual
55028,Women,Perfume and Body Mist,Spring,Casual
55029,Women,Perfume and Body Mist,Spring,Casual
55030,Women,Perfume and Body Mist,Spring,Casual
55031,Women,Other,Spring,Casual
55032,Women,Other,Spring,Ethnic
55033,Women,Perfume and Body Mist,Spring,Casual
55034,Men,Other,Spring,Casual
55035,Women,Perfume and Body Mist,Spring,Casual
55036,Women,Other,Spring,Casual
55037,Women,Perfume and Body Mist,Spring,Casual
55038,Women,Perfume and Body Mist,Spring,Casual
55039,Boys,Other,Spring,Casual
55040,Women,Kurtas,Spring,Ethnic
55041,Women,Other,Spring,Casual
55042,Women,Perfume and Body Mist,Spring,Casual
55043,Women,Perfume and Body Mist,Spring,Casual
55044,Women,Perfume and Body Mist,Spring,Casual
55045,Women,Other,Spring,Casual
55046,Women,Other,Spring,Casual
55047,Boys,Fragrance Gift Set,Spring,Casual
55048,Women,Other,Spring,Casual
55049,Women,Other,Spring,Casual
55050,Women,Other,Spring,Casual
55051,Women,Other,Spring,Casual
55052,Women,Other,Spring,Casual
55053,Women,Other,Spring,Casual
55054,Women,Other,Spring,Casual
55055,Women,Other,Spring,Casual
55056,Women,Other,Spring,Casual
55057,Women,Other,Spring,Casual
55058,Women,Other,Spring,Casual
55059,Women,Other,Spring,Casual
55060,Women,Other,Spring,Casual
55061,Women,Other,Spring,Casual
55062,Women,Other,Spring,Casual
55063,Men,Other,Spring,Casual
55064,Women,Other,Spring,Casual
55065,Women,Other,Spring,Casual
55066,Women,Other,Spring,Casual
55067,Women,Other,Spring,Casual
55068,Women,Other,Spring,Casual
55069,Women,Perfume and Body Mist,Spring,Casual
55070,Women,Other,Spring,Casual
55071,Men,Other,Spring,Formal
55072,Women,Other,Spring,Formal
55073,Men,Other,Spring,Formal
55074,Women,Other,Spring,Formal
55075,Women,Pendant,Spring,Casual
55078,Women,Other,Spring,Casual
55079,Women,Other,Spring,Casual
55080,Unisex,Other,Summer,Casual
55081,Women,Other,Spring,Casual
55083,Unisex,Backpacks,Summer,Sports
55086,Women,Other,Spring,Casual
55087,Women,Other,Spring,Casual
55089,Girls,Tshirts,Summer,Sports
55090,Girls,Tshirts,Summer,Sports
55093,Unisex,Watches,Winter,Casual
55094,Women,Deodorant,Spring,Casual
55095,Women,Other,Spring,Casual
55097,Women,Other,Spring,Ethnic
55098,Women,Other,Winter,Casual
55099,Men,Other,Spring,Casual
55100,Women,Sweaters,Spring,Casual
55101,Unisex,Other,Fall,Sports
55107,Unisex,Backpacks,Summer,Sports
55108,Unisex,Other,Winter,Sports
55109,Women,Other,Spring,Casual
55110,Unisex,Other,Spring,Casual
55111,Unisex,Shirts,Spring,Casual
55112,Unisex,Other,Spring,Casual
55113,Unisex,Tshirts,Summer,Sports
55114,Unisex,Tshirts,Summer,Sports
55115,Unisex,Tshirts,Summer,Sports
55116,Unisex,Other,Summer,Sports
55117,Unisex,Other,Summer,Sports
55118,Unisex,Other,Summer,Sports
55119,Unisex,Wallets,Spring,Casual
55120,Women,Other,Spring,Casual
55121,Women,Perfume and Body Mist,Spring,Casual
55122,Women,Other,Spring,Casual
55123,Women,Other,Spring,Casual
55124,Women,Other,Spring,Casual
55125,Women,Other,Spring,Casual
55126,Women,Other,Spring,Casual
55127,Women,Other,Spring,Casual
55128,Women,Other,Spring,Casual
55129,Women,Other,Spring,Casual
55130,Men,Other,Spring,Casual
55131,Girls,Other,Spring,Casual
55132,Boys,Other,Spring,Casual
55133,Men,Other,Spring,Casual
55134,Women,Other,Spring,Casual
55135,Women,Other,Spring,Casual
55136,Women,Perfume and Body Mist,Spring,Casual
55137,Women,Other,Spring,Casual
55138,Women,Other,Spring,Casual
55139,Women,Other,Spring,Casual
55140,Women,Other,Spring,Casual
55141,Women,Other,Spring,Casual
55142,Girls,Other,Spring,Casual
55143,Women,Other,Spring,Casual
55144,Women,Other,Spring,Casual
55145,Women,Other,Spring,Casual
55146,Women,Other,Spring,Casual
55147,Girls,Other,Spring,Casual
55148,Women,Other,Spring,Casual
55149,Women,Other,Spring,Casual
55150,Women,Other,Spring,Casual
55151,Women,Other,Spring,Casual
55152,Girls,Other,Spring,Casual
55153,Women,Perfume and Body Mist,Spring,Casual
55154,Women,Other,Spring,Casual
55155,Women,Perfume and Body Mist,Spring,Casual
55156,Men,Perfume and Body Mist,Spring,Casual
55157,Women,Other,Spring,Casual
55158,Women,Other,Spring,Casual
55159,Girls,Other,Spring,Casual
55160,Women,Other,Spring,Casual
55161,Women,Other,Spring,Casual
55162,Women,Other,Spring,Casual
55163,Women,Other,Spring,Casual
55164,Men,Perfume and Body Mist,Spring,Casual
55165,Girls,Perfume and Body Mist,Spring,Casual
55166,Women,Other,Spring,Casual
55168,Men,Perfume and Body Mist,Spring,Casual
55170,Men,Perfume and Body Mist,Spring,Casual
55172,Girls,Perfume and Body Mist,Spring,Casual
55173,Boys,Perfume and Body Mist,Spring,Casual
55175,Men,Perfume and Body Mist,Spring,Casual
55177,Girls,Perfume and Body Mist,Spring,Casual
55179,Girls,Perfume and Body Mist,Spring,Casual
55180,Women,Perfume and Body Mist,Spring,Casual
55181,Women,Perfume and Body Mist,Spring,Casual
55184,Women,Perfume and Body Mist,Spring,Casual
55185,Women,Perfume and Body Mist,Spring,Casual
55186,Women,Perfume and Body Mist,Spring,Casual
55187,Girls,Jeans,Spring,Casual
55190,Girls,Perfume and Body Mist,Spring,Casual
55191,Girls,Perfume and Body Mist,Spring,Casual
55192,Men,Perfume and Body Mist,Spring,Casual
55194,Men,Deodorant,Spring,Casual
55195,Women,Perfume and Body Mist,Spring,Casual
55196,Women,Other,Winter,Casual
55197,Unisex,Perfume and Body Mist,Spring,Casual
55198,Girls,Other,Spring,Casual
55200,Unisex,Perfume and Body Mist,Spring,Casual
55201,Unisex,Perfume and Body Mist,Spring,Casual
55202,Girls,Other,Winter,Casual
55203,Boys,Other,Winter,Casual
55205,Boys,Earrings,Spring,Casual
55206,Boys,Other,Spring,Casual
55208,Boys,Other,Spring,Casual
55209,Boys,Earrings,Spring,Casual
55210,Boys,Earrings,Spring,Casual
55211,Girls,Earrings,Spring,Casual
55212,Boys,Handbags,Spring,Casual
55213,Girls,Other,Spring,Sports
55214,Girls,Other,Spring,Sports
55215,Boys,Jackets,Spring,Casual
55216,Girls,Other,Spring,Sports
55217,Girls,Perfume and Body Mist,Spring,Casual
55218,Women,Other,Spring,Casual
55219,Women,Other,Spring,Formal
55220,Women,Other,Spring,Formal
55221,Women,Other,Spring,Formal
55222,Women,Other,Spring,Casual
55223,Women,Other,Spring,Ethnic
55224,Women,Other,Spring,Casual
55225,Women,Other,Spring,Formal
55226,Women,Other,Spring,Casual
55227,Men,Other,Spring,Casual
55228,Men,Fragrance Gift Set,Spring,Sports
55229,Women,Other,Spring,Casual
55230,Men,Scarves,Summer,Casual
55231,Men,Scarves,Summer,Casual
55232,Men,Scarves,Summer,Casual
55233,Girls,Socks,Spring,Sports
55234,Women,Perfume and Body Mist,Spring,Casual
55235,Women,Perfume and Body Mist,Spring,Casual
55236,Men,Other,Spring,Casual
55237,Boys,Perfume and Body Mist,Spring,Casual
55238,Boys,Other,Spring,Casual
55239,Men,Other,Spring,Casual
55240,Women,Perfume and Body Mist,Spring,Casual
55241,Unisex,Perfume and Body Mist,Spring,Casual
55242,Women,Perfume and Body Mist,Spring,Casual
55243,Unisex,Perfume and Body Mist,Spring,Casual
55244,Men,Other,Spring,Formal
55245,Men,Other,Spring,Formal
55246,Men,Other,Spring,Formal
55247,Women,Bra,Spring,Casual
55248,Women,Bra,Spring,Casual
55249,Women,Bra,Spring,Casual
55250,Unisex,Kurta Sets,Spring,Casual
55251,Unisex,Other,Winter,Casual
55252,Women,Other,Spring,Casual
55253,Women,Other,Spring,Casual
55254,Women,Other,Spring,Casual
55255,Women,Other,Spring,Casual
55256,Women,Other,Spring,Casual
55257,Women,Other,Spring,Formal
55258,Women,Other,Spring,Casual
55259,Women,Other,Spring,Casual
55260,Women,Other,Spring,Formal
55261,Women,Other,Spring,Casual
55262,Women,Other,Spring,Casual
55263,Women,Other,Spring,Casual
55264,Women,Pendant,Spring,Ethnic
55265,Women,Pendant,Spring,Casual
55266,Women,Other,Spring,Casual
55267,Women,Other,Spring,Casual
55268,Women,Other,Spring,Casual
55269,Women,Other,Spring,Casual
55270,Women,Pendant,Spring,Casual
55271,Women,Pendant,Spring,Ethnic
55272,Women,Other,Spring,Formal
55273,Women,Other,Spring,Casual
55274,Women,Other,Spring,Casual
55275,Women,Caps,Summer,Casual
55276,Women,Caps,Summer,Casual
55277,Girls,Wallets,Spring,Casual
55278,Girls,Wallets,Spring,Casual
55280,Girls,Wallets,Spring,Casual
55281,Women,Other,Spring,Casual
55282,Unisex,Accessory Gift Set,Spring,Casual
55283,Unisex,Accessory Gift Set,Spring,Casual
55284,Unisex,Accessory Gift Set,Spring,Casual
55285,Women,Other,Winter,Casual
55286,Girls,Wallets,Spring,Casual
55287,Unisex,Handbags,Spring,Casual
55288,Unisex,Handbags,Spring,Casual
55289,Unisex,Handbags,Spring,Casual
55290,Women,Other,Spring,Sports
55291,Women,Other,Spring,Sports
55292,Boys,Other,Spring,Casual
55293,Women,Scarves,Spring,Casual
55294,Women,Scarves,Spring,Casual
55295,Women,Scarves,Spring,Casual
55296,Girls,Perfume and Body Mist,Summer,Casual
55297,Girls,Wallets,Summer,Casual
55298,Girls,Wallets,Summer,Casual
55299,Girls,Wallets,Summer,Casual
55300,Women,Other,Spring,Ethnic
55301,Women,Other,Spring,Ethnic
55306,Unisex,Socks,Summer,Sports
55307,Women,Socks,Fall,Sports
55314,Women,Socks,Summer,Casual
55315,Women,Socks,Summer,Casual
55316,Women,Socks,Summer,Casual
55317,Girls,Watches,Summer,Casual
55318,Girls,Other,Summer,Casual
55319,Boys,Other,Spring,Casual
55320,Girls,Other,Summer,Casual
55321,Girls,Perfume and Body Mist,Spring,Casual
55322,Girls,Other,Summer,Casual
55323,Girls,Watches,Winter,Casual
55324,Women,Perfume and Body Mist,Spring,Casual
55325,Unisex,Wallets,Winter,Casual
55326,Girls,Deodorant,Spring,Casual
55328,Girls,Jeans,Spring,Casual
55329,Men,Backpacks,Spring,Casual
55330,Women,Other,Spring,Casual
55331,Women,Perfume and Body Mist,Spring,Casual
55332,Women,Backpacks,Winter,Casual
55333,Women,Backpacks,Summer,Casual
55334,Men,Bra,Winter,Casual
55335,Men,Tshirts,Spring,Casual
55336,Men,Backpacks,Spring,Casual
55337,Women,Perfume and Body Mist,Spring,Casual
55338,Women,Other,Spring,Casual
55339,Women,Perfume and Body Mist,Spring,Casual
55344,Girls,Perfume and Body Mist,Spring,Casual
55347,Girls,Perfume and Body Mist,Spring,Casual
55349,Women,Wallets,Winter,Sports
55350,Women,Wallets,Spring,Casual
55351,Girls,Perfume and Body Mist,Spring,Casual
55352,Girls,Tshirts,Spring,Casual
55354,Women,Other,Spring,Casual
55357,Women,Other,Spring,Casual
55358,Women,Other,Spring,Casual
55359,Women,Other,Spring,Casual
55361,Women,Other,Spring,Casual
55362,Men,Other,Spring,Casual
55363,Women,Other,Spring,Casual
55364,Women,Other,Spring,Casual
55365,Women,Other,Spring,Casual
55366,Women,Other,Spring,Casual
55368,Women,Other,Spring,Casual
55369,Men,Other,Spring,Casual
55370,Women,Other,Spring,Casual
55373,Women,Other,Spring,Casual
55375,Women,Other,Spring,Casual
55376,Women,Other,Spring,Casual
55377,Women,Other,Spring,Casual
55378,Women,Other,Spring,Casual
55379,Women,Other,Spring,Casual
55380,Women,Other,Spring,Casual
55381,Women,Other,Spring,Casual
55382,Men,Other,Spring,Casual
55383,Women,Other,Spring,Casual
55384,Women,Other,Spring,Casual
55385,Boys,Socks,Summer,Casual
55387,Women,Other,Spring,Casual
55388,Women,Other,Spring,Casual
55389,Women,Perfume and Body Mist,Spring,Casual
55390,Women,Other,Spring,Casual
55391,Men,Other,Spring,Casual
55392,Women,Other,Spring,Casual
55394,Boys,Other,Summer,Casual
55395,Women,Other,Spring,Casual
55396,Unisex,Other,Spring,Casual
55397,Women,Other,Spring,Casual
55398,Women,Other,Summer,Sports
55399,Women,Other,Spring,Casual
55400,Women,Other,Spring,Casual
55402,Women,Other,Spring,Casual
55407,Women,Other,Spring,Formal
55408,Women,Other,Spring,Formal
55409,Women,Other,Spring,Casual
55410,Women,Other,Spring,Formal
55418,Women,Other,Summer,Formal
55419,Men,Other,Spring,Casual
55420,Men,Other,Spring,Casual
55421,Women,Other,Spring,Formal
55423,Men,Other,Spring,Casual
55424,Women,Other,Summer,Formal
55425,Women,Other,Summer,Casual
55426,Men,Other,Spring,Casual
55427,Women,Other,Spring,Formal
55428,Men,Other,Spring,Casual
55429,Men,Other,Spring,Casual
55430,Boys,Tops,Spring,Casual
55431,Boys,Tops,Summer,Casual
55432,Boys,Tops,Spring,Casual
55433,Boys,Tops,Spring,Casual
55434,Boys,Tops,Fall,Casual
55436,Boys,Tops,Spring,Casual
55437,Boys,Tops,Fall,Casual
55438,Boys,Tops,Spring,Casual
55439,Boys,Tops,Spring,Casual
55440,Boys,Tops,Spring,Casual
55441,Boys,Tops,Summer,Casual
55442,Boys,Tops,Fall,Casual
55443,Girls,Other,Spring,Casual
55444,Women,Other,Spring,Casual
55445,Women,Pendant,Spring,Ethnic
55446,Women,Other,Spring,Casual
55447,Women,Pendant,Spring,Ethnic
55448,Women,Pendant,Spring,Ethnic
55449,Women,Other,Spring,Casual
55450,Men,Other,Spring,Casual
55451,Women,Pendant,Spring,Ethnic
55454,Women,Other,Spring,Casual
55455,Women,Other,Spring,Casual
55456,Boys,Trousers,Fall,Casual
55457,Women,Other,Spring,Casual
55458,Women,Other,Spring,Casual
55459,Women,Trousers,Fall,Casual
55460,Women,Other,Spring,Casual
55461,Women,Trousers,Fall,Casual
55462,Men,Other,Spring,Casual
55463,Women,Other,Spring,Casual
55464,Women,Other,Spring,Casual
55465,Women,Other,Spring,Casual
55466,Boys,Trousers,Fall,Casual
55467,Boys,Trousers,Fall,Casual
55468,Women,Other,Spring,Casual
55469,Women,Other,Spring,Casual
55470,Women,Other,Spring,Ethnic
55471,Boys,Trousers,Fall,Casual
55472,Boys,Trousers,Fall,Casual
55473,Women,Other,Spring,Casual
55474,Women,Other,Spring,Casual
55475,Women,Other,Spring,Casual
55476,Women,Other,Spring,Casual
55477,Women,Other,Spring,Casual
55478,Women,Other,Spring,Casual
55479,Women,Other,Spring,Casual
55480,Women,Other,Spring,Casual
55482,Women,Other,Spring,Casual
55485,Women,Other,Spring,Casual
55486,Women,Other,Spring,Formal
55487,Women,Other,Spring,Casual
55488,Men,Other,Spring,Formal
55489,Men,Other,Spring,Sports
55490,Men,Other,Spring,Formal
55491,Men,Other,Spring,Casual
55492,Men,Other,Spring,Sports
55493,Men,Other,Spring,Sports
55494,Men,Other,Spring,Formal
55495,Women,Other,Spring,Sports
55496,Women,Other,Spring,Sports
55497,Women,Other,Spring,Formal
55498,Women,Other,Spring,Sports
55499,Women,Other,Spring,Casual
55500,Men,Other,Spring,Casual
55501,Men,Other,Spring,Casual
55502,Men,Other,Spring,Casual
55503,Men,Other,Spring,Casual
55504,Women,Other,Spring,Casual
55505,Men,Other,Spring,Casual
55506,Men,Other,Spring,Casual
55507,Men,Other,Spring,Casual
55508,Women,Other,Spring,Casual
55509,Men,Leggings,Spring,Casual
55510,Men,Jeans,Spring,Casual
55511,Men,Leggings,Spring,Casual
55512,Men,Jeans,Spring,Casual
55513,Unisex,Wallets,Winter,Casual
55514,Unisex,Backpacks,Summer,Casual
55516,Unisex,Perfume and Body Mist,Spring,Casual
55517,Men,Handbags,Spring,Sports
55518,Unisex,Perfume and Body Mist,Spring,Casual
55519,Unisex,Tshirts,Summer,Casual
55520,Men,Other,Spring,Casual
55521,Men,Other,Spring,Formal
55522,Men,Other,Spring,Casual
55523,Men,Other,Spring,Casual
55524,Unisex,Other,Spring,Casual
55525,Unisex,Handbags,Spring,Casual
55526,Unisex,Other,Spring,Casual
55527,Women,Other,Spring,Casual
55528,Women,Other,Spring,Casual
55529,Men,Perfume and Body Mist,Spring,Casual
55530,Boys,Perfume and Body Mist,Spring,Casual
55531,Boys,Perfume and Body Mist,Spring,Casual
55532,Boys,Perfume and Body Mist,Spring,Casual
55533,Girls,Perfume and Body Mist,Spring,Casual
55534,Women,Other,Spring,Casual
55535,Girls,Other,Spring,Casual
55536,Girls,Other,Spring,Casual
55537,Women,Other,Spring,Casual
55538,Women,Other,Spring,Casual
55539,Women,Other,Spring,Casual
55540,Women,Tshirts,Summer,Casual
55541,Women,Other,Spring,Formal
55542,Women,Other,Spring,Casual
55543,Women,Other,Spring,Casual
55544,Women,Other,Spring,Casual
55545,Women,Other,Spring,Casual
55546,Women,Other,Spring,Casual
55547,Women,Other,Spring,Casual
55548,Women,Other,Spring,Formal
55549,Women,Other,Spring,Casual
55550,Women,Other,Spring,Casual
55551,Women,Other,Spring,Formal
55553,Women,Other,Spring,Casual
55556,Women,Other,Spring,Casual
55557,Women,Other,Spring,Casual
55558,Men,Other,Spring,Casual
55559,Girls,Other,Spring,Casual
55560,Women,Other,Spring,Casual
55561,Girls,Other,Spring,Casual
55564,Women,Other,Spring,Casual
55565,Women,Deodorant,Spring,Casual
55568,Men,Deodorant,Spring,Casual
55569,Girls,Other,Summer,Sports
55570,Women,Deodorant,Spring,Ethnic
55571,Men,Deodorant,Spring,Casual
55572,Men,Other,Spring,Ethnic
55573,Men,Other,Spring,Ethnic
55574,Women,Tops,Spring,Casual
55575,Unisex,Backpacks,Spring,Casual
55576,Women,Tops,Spring,Casual
55577,Women,Flip Flops,Summer,Casual
55578,Men,Other,Winter,Formal
55579,Men,Other,Winter,Formal
55580,Unisex,Other,Winter,Casual
55581,Unisex,Wallets,Spring,Casual
55582,Unisex,Wallets,Spring,Casual
55583,Men,Other,Spring,Casual
55584,Girls,Tops,Spring,Casual
55585,Women,Tops,Spring,Casual
55586,Girls,Tops,Spring,Casual
55587,Women,Other,Spring,Formal
55590,Men,Shirts,Summer,Casual
55591,Men,Shirts,Summer,Casual
55595,Men,Shirts,Summer,Casual
55597,Men,Shirts,Summer,Casual
55599,Men,Shirts,Summer,Casual
55608,Men,Shirts,Summer,Casual
55612,Men,Formal Shoes,Winter,Formal
55613,Men,Formal Shoes,Winter,Formal
55614,Men,Formal Shoes,Summer,Formal
55615,Men,Formal Shoes,Summer,Formal
55616,Men,Formal Shoes,Summer,Formal
55617,Men,Formal Shoes,Winter,Formal
55618,Men,Formal Shoes,Winter,Formal
55619,Men,Formal Shoes,Winter,Formal
55620,Men,Formal Shoes,Winter,Formal
55621,Men,Formal Shoes,Winter,Formal
55622,Men,Formal Shoes,Winter,Formal
55623,Men,Formal Shoes,Summer,Formal
55624,Men,Formal Shoes,Summer,Formal
55625,Men,Formal Shoes,Winter,Formal
55626,Men,Formal Shoes,Winter,Formal
55627,Men,Formal Shoes,Winter,Formal
55628,Men,Formal Shoes,Winter,Formal
55629,Men,Formal Shoes,Winter,Formal
55630,Women,Heels,Winter,Casual
55631,Women,Heels,Winter,Casual
55632,Women,Flats,Summer,Casual
55633,Women,Heels,Winter,Casual
55634,Women,Heels,Winter,Casual
55635,Women,Heels,Winter,Casual
55636,Women,Heels,Winter,Casual
55637,Women,Flats,Winter,Casual
55638,Men,Heels,Winter,Casual
55639,Unisex,Heels,Winter,Sports
55640,Unisex,Heels,Winter,Casual
55641,Women,Heels,Winter,Casual
55642,Women,Heels,Winter,Casual
55643,Women,Heels,Winter,Casual
55644,Women,Heels,Winter,Casual
55645,Women,Heels,Winter,Casual
55646,Women,Sandals,Winter,Casual
55647,Women,Heels,Winter,Casual
55648,Women,Heels,Winter,Casual
55649,Women,Heels,Winter,Casual
55650,Women,Heels,Winter,Casual
55651,Women,Heels,Winter,Casual
55652,Women,Heels,Winter,Casual
55653,Women,Flats,Winter,Casual
55654,Women,Heels,Winter,Casual
55655,Women,Heels,Winter,Casual
55656,Women,Heels,Winter,Casual
55657,Women,Heels,Winter,Casual
55783,Men,Casual Shoes,Summer,Casual
55784,Men,Casual Shoes,Summer,Sports
55785,Unisex,Casual Shoes,Summer,Sports
55786,Women,Backpacks,Summer,Casual
55787,Women,Dresses,Summer,Ethnic
55788,Men,Dresses,Summer,Casual
55789,Women,Sarees,Summer,Ethnic
55790,Women,Sarees,Summer,Ethnic
55791,Women,Night suits,Summer,Ethnic
55794,Women,Night suits,Summer,Ethnic
55795,Women,Night suits,Summer,Ethnic
55796,Women,Other,Summer,Ethnic
55797,Women,Dresses,Summer,Ethnic
55798,Women,Tops,Summer,Casual
55799,Women,Dresses,Summer,Casual
55800,Women,Dresses,Summer,Casual
55801,Women,Other,Summer,Ethnic
55802,Women,Night suits,Summer,Ethnic
55803,Women,Night suits,Summer,Ethnic
55804,Women,Night suits,Summer,Ethnic
55805,Women,Night suits,Summer,Ethnic
55806,Women,Other,Summer,Ethnic
55807,Women,Night suits,Summer,Ethnic
55809,Women,Night suits,Summer,Ethnic
55810,Women,Night suits,Summer,Ethnic
55811,Women,Other,Summer,Ethnic
55812,Women,Night suits,Summer,Ethnic
55813,Women,Other,Summer,Ethnic
55814,Women,Other,Summer,Ethnic
55817,Women,Night suits,Summer,Ethnic
55818,Women,Other,Summer,Ethnic
55819,Women,Night suits,Summer,Ethnic
55821,Women,Trousers,Summer,Ethnic
55822,Women,Night suits,Summer,Ethnic
55823,Women,Kurta Sets,Summer,Ethnic
55824,Women,Night suits,Summer,Ethnic
55825,Women,Kurta Sets,Summer,Ethnic
55826,Women,Kurta Sets,Summer,Ethnic
55827,Women,Kurta Sets,Summer,Ethnic
55828,Women,Night suits,Summer,Ethnic
55829,Women,Kurta Sets,Summer,Ethnic
55830,Women,Kurta Sets,Summer,Ethnic
55831,Women,Other,Summer,Ethnic
55832,Women,Night suits,Summer,Ethnic
55833,Women,Other,Spring,Casual
55834,Men,Perfume and Body Mist,Summer,Formal
55835,Boys,Other,Spring,Casual
55836,Girls,Other,Spring,Casual
55837,Men,Dresses,Spring,Casual
55838,Men,Other,Spring,Casual
55839,Men,Dresses,Spring,Casual
55840,Men,Perfume and Body Mist,Spring,Casual
55841,Men,Other,Spring,Casual
55842,Men,Dresses,Spring,Casual
55843,Men,Other,Spring,Casual
55844,Men,Perfume and Body Mist,Spring,Casual
55845,Women,Dresses,Spring,Casual
55846,Men,Other,Spring,Casual
55847,Men,Other,Spring,Casual
55848,Women,Other,Spring,Casual
55849,Men,Dresses,Spring,Casual
55850,Men,Perfume and Body Mist,Spring,Casual
55851,Men,Dresses,Spring,Casual
55852,Women,Other,Spring,Casual
55853,Men,Dresses,Spring,Casual
55854,Men,Other,Spring,Casual
55855,Men,Other,Spring,Casual
55856,Men,Dresses,Spring,Casual
55857,Men,Dresses,Spring,Casual
55858,Men,Perfume and Body Mist,Spring,Casual
55859,Men,Perfume and Body Mist,Spring,Casual
55860,Men,Other,Spring,Casual
55861,Women,Other,Spring,Casual
55862,Women,Other,Spring,Casual
55863,Women,Kurtas,Spring,Casual
55864,Women,Dresses,Spring,Casual
55865,Women,Other,Spring,Casual
55866,Women,Kurtas,Spring,Casual
55867,Unisex,Other,Spring,Casual
55868,Women,Dresses,Spring,Casual
55869,Women,Other,Spring,Casual
55870,Women,Dresses,Spring,Casual
55871,Women,Other,Spring,Casual
55872,Women,Dresses,Spring,Casual
55873,Women,Dresses,Spring,Casual
55874,Women,Other,Spring,Casual
55875,Men,Perfume and Body Mist,Spring,Casual
55876,Women,Other,Spring,Casual
55877,Women,Other,Spring,Casual
55878,Women,Dresses,Spring,Casual
55879,Women,Dresses,Spring,Casual
55880,Women,Other,Spring,Casual
55881,Women,Other,Spring,Casual
55882,Women,Other,Spring,Casual
55883,Unisex,Other,Spring,Casual
55884,Women,Perfume and Body Mist,Spring,Casual
55885,Women,Other,Spring,Casual
55886,Unisex,Dresses,Spring,Casual
55887,Women,Other,Spring,Casual
55888,Women,Dresses,Spring,Casual
55889,Women,Dresses,Spring,Casual
55890,Women,Other,Spring,Casual
55891,Women,Other,Spring,Casual
55892,Women,Perfume and Body Mist,Spring,Casual
55893,Women,Other,Spring,Casual
55894,Unisex,Other,Spring,Casual
55895,Women,Other,Spring,Casual
55896,Unisex,Other,Spring,Casual
55897,Unisex,Dresses,Spring,Casual
55898,Unisex,Tops,Fall,Casual
55899,Women,Dresses,Spring,Casual
55900,Women,Perfume and Body Mist,Spring,Casual
55901,Girls,Other,Spring,Casual
55902,Women,Dresses,Spring,Casual
55903,Women,Perfume and Body Mist,Spring,Casual
55904,Women,Dresses,Spring,Casual
55905,Unisex,Other,Fall,Casual
55906,Women,Dresses,Spring,Casual
55907,Women,Perfume and Body Mist,Spring,Casual
55909,Men,Perfume and Body Mist,Spring,Casual
55910,Women,Perfume and Body Mist,Spring,Casual
55911,Men,Perfume and Body Mist,Spring,Casual
55912,Men,Perfume and Body Mist,Spring,Casual
55913,Men,Perfume and Body Mist,Spring,Casual
55914,Men,Perfume and Body Mist,Spring,Casual
55915,Men,Other,Spring,Casual
55916,Men,Perfume and Body Mist,Spring,Casual
55917,Men,Perfume and Body Mist,Spring,Casual
55918,Men,Other,Spring,Casual
55919,Women,Dresses,Spring,Casual
55920,Girls,Other,Spring,Casual
55921,Men,Perfume and Body Mist,Spring,Casual
55922,Men,Perfume and Body Mist,Spring,Casual
55923,Men,Perfume and Body Mist,Spring,Casual
55924,Men,Perfume and Body Mist,Spring,Casual
55925,Men,Perfume and Body Mist,Spring,Casual
55926,Men,Perfume and Body Mist,Spring,Casual
55927,Men,Perfume and Body Mist,Spring,Casual
55928,Men,Perfume and Body Mist,Spring,Casual
55929,Men,Perfume and Body Mist,Spring,Casual
55930,Men,Perfume and Body Mist,Spring,Casual
55931,Men,Other,Spring,Casual
55932,Men,Perfume and Body Mist,Spring,Casual
55933,Men,Perfume and Body Mist,Spring,Casual
55935,Men,Perfume and Body Mist,Spring,Casual
55936,Men,Other,Spring,Casual
55937,Men,Perfume and Body Mist,Spring,Casual
55938,Men,Perfume and Body Mist,Spring,Casual
55939,Men,Perfume and Body Mist,Spring,Casual
55940,Men,Perfume and Body Mist,Spring,Casual
55941,Men,Perfume and Body Mist,Spring,Casual
55942,Men,Perfume and Body Mist,Spring,Casual
55943,Men,Perfume and Body Mist,Spring,Casual
55944,Men,Perfume and Body Mist,Spring,Casual
55945,Men,Perfume and Body Mist,Spring,Casual
55946,Men,Perfume and Body Mist,Spring,Casual
55947,Men,Perfume and Body Mist,Spring,Casual
55948,Men,Perfume and Body Mist,Spring,Casual
55949,Men,Perfume and Body Mist,Spring,Casual
55950,Men,Perfume and Body Mist,Spring,Casual
55951,Men,Perfume and Body Mist,Spring,Casual
55952,Men,Perfume and Body Mist,Spring,Casual
55953,Men,Perfume and Body Mist,Spring,Casual
55954,Women,Other,Spring,Casual
55955,Men,Perfume and Body Mist,Spring,Casual
55956,Women,Other,Spring,Casual
55957,Girls,Other,Spring,Casual
55958,Women,Other,Summer,Sports
55959,Girls,Other,Spring,Casual
55960,Girls,Other,Spring,Sports
55961,Girls,Other,Spring,Casual
55962,Women,Other,Spring,Casual
55963,Women,Other,Fall,Sports
55964,Women,Other,Spring,Casual
55965,Men,Other,Spring,Casual
55966,Unisex,Other,Spring,Casual
55967,Women,Perfume and Body Mist,Spring,Casual
55968,Men,Perfume and Body Mist,Spring,Casual
55969,Unisex,Other,Spring,Sports
55970,Men,Other,Spring,Casual
55971,Men,Other,Spring,Sports
55972,Unisex,Other,Summer,Casual
55973,Unisex,Perfume and Body Mist,Spring,Casual
55974,Unisex,Other,Spring,Casual
55975,Men,Other,Spring,Casual
55976,Women,Other,Spring,Sports
55977,Women,Fragrance Gift Set,Spring,Casual
55978,Women,Other,Spring,Casual
55979,Unisex,Other,Spring,Casual
55980,Women,Perfume and Body Mist,Spring,Casual
55981,Men,Perfume and Body Mist,Spring,Casual
55982,Women,Other,Spring,Casual
55983,Men,Other,Spring,Casual
55984,Men,Other,Spring,Sports
55985,Unisex,Other,Spring,Casual
55986,Women,Other,Spring,Casual
55987,Men,Perfume and Body Mist,Spring,Casual
55988,Unisex,Perfume and Body Mist,Spring,Casual
55989,Women,Other,Spring,Casual
55990,Women,Perfume and Body Mist,Spring,Casual
55991,Women,Other,Spring,Casual
55992,Men,Perfume and Body Mist,Spring,Casual
55993,Unisex,Other,Spring,Casual
55994,Unisex,Other,Spring,Casual
55995,Men,Other,Spring,Sports
55996,Men,Other,Spring,Casual
55997,Men,Perfume and Body Mist,Spring,Casual
55998,Men,Other,Spring,Casual
55999,Men,Other,Spring,Casual
56000,Men,Other,Spring,Casual
56001,Unisex,Other,Spring,Casual
56002,Men,Other,Spring,Casual
56003,Men,Perfume and Body Mist,Spring,Casual
56004,Women,Perfume and Body Mist,Spring,Casual
56005,Unisex,Perfume and Body Mist,Spring,Sports
56006,Men,Perfume and Body Mist,Spring,Casual
56007,Unisex,Other,Spring,Casual
56008,Unisex,Other,Summer,Casual
56009,Women,Other,Spring,Casual
56010,Unisex,Other,Spring,Sports
56011,Unisex,Other,Spring,Casual
56012,Unisex,Other,Spring,Casual
56013,Unisex,Other,Spring,Casual
56014,Unisex,Other,Spring,Casual
56015,Unisex,Other,Spring,Casual
56016,Women,Other,Fall,Casual
56017,Women,Other,Spring,Casual
56018,Unisex,Other,Spring,Casual
56019,Men,Other,Spring,Casual
56020,Men,Other,Spring,Casual
56021,Unisex,Other,Spring,Casual
56022,Unisex,Other,Spring,Casual
56023,Men,Other,Spring,Casual
56024,Men,Other,Spring,Casual
56025,Unisex,Other,Spring,Casual
56026,Unisex,Other,Spring,Casual
56027,Unisex,Other,Spring,Casual
56028,Unisex,Other,Spring,Casual
56029,Unisex,Other,Spring,Casual
56030,Men,Other,Spring,Sports
56031,Unisex,Other,Spring,Sports
56032,Unisex,Other,Spring,Casual
56033,Men,Other,Spring,Casual
56034,Unisex,Other,Spring,Casual
56035,Unisex,Other,Spring,Casual
56036,Unisex,Other,Spring,Casual
56037,Unisex,Other,Spring,Casual
56038,Unisex,Other,Spring,Casual
56039,Unisex,Other,Spring,Casual
56040,Men,Other,Spring,Casual
56041,Men,Other,Spring,Formal
56042,Women,Other,Spring,Casual
56043,Men,Other,Spring,Formal
56044,Men,Other,Spring,Casual
56045,Men,Other,Spring,Casual
56046,Men,Other,Spring,Casual
56047,Men,Other,Spring,Formal
56048,Men,Other,Spring,Formal
56049,Men,Other,Spring,Formal
56050,Men,Other,Spring,Formal
56051,Men,Other,Spring,Formal
56052,Men,Other,Spring,Formal
56053,Men,Other,Spring,Formal
56054,Women,Other,Spring,Casual
56055,Men,Other,Spring,Formal
56056,Men,Other,Spring,Formal
56057,Men,Other,Spring,Casual
56058,Men,Other,Spring,Casual
56059,Men,Other,Spring,Casual
56060,Men,Other,Spring,Casual
56061,Women,Other,Spring,Casual
56062,Women,Other,Spring,Casual
56063,Women,Other,Spring,Casual
56064,Women,Other,Spring,Casual
56065,Women,Other,Fall,Casual
56066,Women,Other,Spring,Casual
56067,Women,Other,Spring,Casual
56068,Women,Other,Summer,Casual
56069,Women,Other,Spring,Sports
56070,Girls,Necklace and Chains,Spring,Casual
56071,Women,Other,Spring,Ethnic
56072,Women,Other,Summer,Casual
56073,Men,Other,Spring,Casual
56074,Men,Other,Spring,Casual
56075,Men,Other,Spring,Sports
56076,Women,Perfume and Body Mist,Spring,Casual
56077,Men,Other,Spring,Formal
56078,Girls,Other,Spring,Casual
56079,Women,Other,Spring,Casual
56080,Men,Other,Spring,Casual
56081,Women,Other,Spring,Casual
56082,Women,Other,Spring,Casual
56083,Girls,Other,Spring,Casual
56084,Men,Other,Spring,Formal
56085,Women,Other,Spring,Casual
56086,Women,Other,Spring,Casual
56087,Women,Other,Spring,Casual
56088,Men,Other,Spring,Casual
56089,Girls,Other,Spring,Casual
56090,Girls,Other,Spring,Casual
56091,Girls,Other,Fall,Casual
56092,Women,Other,Spring,Casual
56093,Girls,Other,Spring,Casual
56094,Men,Other,Spring,Formal
56095,Men,Other,Spring,Casual
56096,Men,Other,Spring,Casual
56097,Men,Other,Spring,Casual
56098,Men,Earrings,Spring,Casual
56099,Men,Other,Spring,Casual
56100,Men,Other,Spring,Formal
56101,Women,Other,Spring,Casual
56102,Men,Other,Spring,Casual
56103,Women,Other,Spring,Casual
56104,Boys,Other,Spring,Casual
56105,Girls,Other,Spring,Casual
56106,Men,Other,Spring,Casual
56107,Men,Other,Spring,Casual
56108,Men,Other,Spring,Casual
56109,Girls,Other,Spring,Casual
56110,Girls,Other,Winter,Casual
56111,Men,Other,Winter,Casual
56112,Girls,Other,Winter,Casual
56113,Girls,Other,Winter,Casual
56114,Girls,Other,Winter,Casual
56115,Girls,Other,Winter,Casual
56116,Girls,Other,Winter,Casual
56117,Girls,Other,Winter,Casual
56118,Girls,Other,Winter,Casual
56119,Girls,Other,Fall,Casual
56120,Women,Other,Winter,Casual
56121,Women,Other,Spring,Casual
56122,Men,Other,Spring,Casual
56123,Women,Other,Spring,Casual
56124,Men,Other,Spring,Casual
56125,Men,Perfume and Body Mist,Winter,Casual
56126,Women,Perfume and Body Mist,Summer,Sports
56127,Women,Other,Spring,Casual
56128,Women,Other,Spring,Casual
56129,Women,Other,Spring,Formal
56133,Women,Other,Spring,Casual
56134,Women,Other,Spring,Casual
56135,Men,Other,Spring,Casual
56136,Men,Other,Spring,Casual
56137,Men,Tshirts,Winter,Casual
56138,Women,Other,Winter,Casual
56139,Women,Other,Spring,Casual
56140,Men,Other,Spring,Casual
56141,Men,Other,Spring,Casual
56142,Women,Other,Spring,Casual
56143,Unisex,Other,Winter,Casual
56144,Women,Other,Winter,Casual
56145,Girls,Other,Winter,Casual
56146,Unisex,Other,Winter,Sports
56147,Women,Other,Winter,Casual
56148,Unisex,Shirts,Winter,Casual
56149,Men,Other,Summer,Formal
56150,Men,Other,Spring,Casual
56151,Men,Other,Spring,Casual
56152,Women,Other,Spring,Casual
56153,Unisex,Other,Spring,Sports
56154,Men,Other,Summer,Casual
56155,Women,Other,Spring,Casual
56156,Unisex,Other,Spring,Sports
56157,Men,Other,Summer,Casual
56158,Men,Other,Spring,Casual
56159,Women,Necklace and Chains,Summer,Casual
56160,Women,Other,Summer,Casual
56161,Women,Other,Spring,Casual
56162,Men,Other,Spring,Casual
56164,Men,Other,Spring,Casual
56165,Men,Other,Spring,Casual
56166,Women,Other,Spring,Casual
56167,Women,Other,Spring,Casual
56168,Women,Other,Spring,Casual
56170,Women,Perfume and Body Mist,Spring,Formal
56171,Men,Other,Fall,Casual
56172,Women,Other,Spring,Casual
56173,Men,Other,Spring,Casual
56174,Men,Other,Spring,Formal
56175,Men,Other,Summer,Casual
56176,Men,Other,Spring,Casual
56177,Men,Other,Spring,Casual
56178,Unisex,Other,Spring,Casual
56179,Women,Other,Spring,Casual
56180,Women,Other,Spring,Casual
56181,Unisex,Other,Fall,Casual
56182,Unisex,Other,Fall,Casual
56183,Unisex,Tshirts,Fall,Casual
56184,Unisex,Tshirts,Fall,Casual
56185,Women,Other,Spring,Casual
56186,Women,Other,Spring,Casual
56187,Women,Other,Spring,Casual
56188,Women,Other,Spring,Casual
56189,Women,Other,Summer,Casual
56190,Women,Other,Summer,Casual
56191,Women,Other,Summer,Casual
56192,Women,Other,Summer,Casual
56193,Women,Other,Spring,Casual
56194,Women,Other,Spring,Sports
56195,Unisex,Other,Winter,Casual
56196,Women,Other,Spring,Sports
56198,Girls,Bracelet,Winter,Casual
56199,Women,Other,Winter,Ethnic
56201,Women,Other,Winter,Casual
56202,Women,Pendant,Summer,Casual
56203,Women,Pendant,Summer,Casual
56205,Women,Pendant,Summer,Casual
56206,Women,Pendant,Summer,Casual
56207,Women,Pendant,Winter,Casual
56208,Women,Pendant,Summer,Casual
56209,Women,Pendant,Winter,Casual
56210,Women,Pendant,Summer,Casual
56211,Women,Pendant,Summer,Casual
56212,Women,Pendant,Winter,Casual
56213,Women,Earrings,Summer,Ethnic
56214,Women,Earrings,Summer,Ethnic
56215,Women,Earrings,Summer,Ethnic
56216,Women,Earrings,Summer,Ethnic
56217,Men,Other,Winter,Sports
56218,Women,Pendant,Winter,Ethnic
56219,Women,Pendant,Winter,Casual
56220,Women,Other,Winter,Ethnic
56221,Women,Night suits,Summer,Casual
56222,Women,Night suits,Summer,Casual
56223,Women,Kurta Sets,Summer,Ethnic
56224,Men,Other,Summer,Casual
56225,Women,Night suits,Summer,Ethnic
56226,Men,Night suits,Summer,Casual
56227,Women,Night suits,Summer,Casual
56228,Men,Night suits,Summer,Ethnic
56229,Women,Other,Summer,Ethnic
56230,Women,Other,Summer,Ethnic
56231,Women,Kurta Sets,Summer,Ethnic
56232,Men,Night suits,Summer,Casual
56233,Women,Other,Summer,Casual
56234,Women,Night suits,Summer,Casual
56235,Women,Jeans,Summer,Casual
56236,Men,Night suits,Summer,Casual
56237,Women,Sarees,Summer,Ethnic
56238,Men,Kurta Sets,Summer,Casual
56239,Women,Night suits,Summer,Ethnic
56240,Women,Night suits,Summer,Casual
56241,Men,Night suits,Summer,Casual
56243,Women,Night suits,Summer,Casual
56244,Women,Other,Summer,Ethnic
56245,Women,Other,Summer,Casual
56247,Women,Night suits,Summer,Ethnic
56248,Women,Shorts,Summer,Ethnic
56249,Women,Night suits,Fall,Casual
56250,Women,Night suits,Fall,Ethnic
56251,Women,Other,Summer,Ethnic
56252,Women,Other,Summer,Casual
56253,Women,Night suits,Summer,Ethnic
56254,Women,Kurta Sets,Summer,Ethnic
56255,Men,Kurta Sets,Summer,Casual
56256,Women,Night suits,Summer,Casual
56257,Women,Shorts,Summer,Ethnic
56258,Men,Night suits,Summer,Casual
56260,Women,Night suits,Summer,Ethnic
56261,Women,Night suits,Summer,Casual
56262,Women,Night suits,Summer,Ethnic
56263,Women,Night suits,Summer,Ethnic
56265,Women,Night suits,Summer,Ethnic
56266,Women,Night suits,Summer,Casual
56267,Men,Night suits,Summer,Casual
56268,Men,Night suits,Summer,Ethnic
56269,Women,Night suits,Summer,Ethnic
56270,Women,Bra,Summer,Casual
56271,Women,Bra,Summer,Casual
56272,Women,Bra,Summer,Casual
56273,Women,Bra,Summer,Casual
56274,Women,Bra,Summer,Casual
56275,Women,Bra,Summer,Casual
56276,Women,Bra,Summer,Casual
56277,Women,Bra,Winter,Casual
56278,Women,Bra,Winter,Casual
56279,Women,Bra,Summer,Casual
56280,Women,Bra,Summer,Casual
56281,Women,Bra,Summer,Casual
56282,Women,Bra,Summer,Casual
56283,Women,Bra,Summer,Casual
56284,Women,Bra,Summer,Casual
56285,Women,Bra,Summer,Casual
56286,Women,Bra,Summer,Casual
56287,Women,Bra,Summer,Casual
56288,Women,Bra,Summer,Casual
56289,Women,Bra,Winter,Casual
56290,Men,Briefs,Summer,Casual
56291,Women,Briefs,Summer,Casual
56292,Women,Bra,Summer,Casual
56293,Women,Bra,Winter,Casual
56294,Women,Bra,Summer,Casual
56295,Women,Bra,Summer,Casual
56296,Women,Briefs,Summer,Casual
56297,Women,Briefs,Summer,Casual
56298,Women,Tshirts,Winter,Casual
56299,Women,Bra,Summer,Casual
56300,Women,Bra,Summer,Casual
56301,Women,Bra,Summer,Casual
56302,Women,Bra,Summer,Casual
56303,Unisex,Briefs,Summer,Casual
56304,Unisex,Briefs,Summer,Casual
56305,Women,Briefs,Summer,Casual
56306,Women,Bra,Summer,Casual
56307,Women,Bra,Summer,Casual
56308,Women,Briefs,Summer,Casual
56309,Women,Briefs,Summer,Casual
56310,Women,Bra,Summer,Casual
56311,Women,Bra,Summer,Casual
56312,Unisex,Watches,Winter,Casual
56313,Unisex,Watches,Winter,Smart Casual
56314,Men,Watches,Winter,Formal
56315,Men,Watches,Winter,Casual
56316,Women,Watches,Winter,Formal
56317,Men,Watches,Winter,Formal
56318,Men,Watches,Winter,Casual
56319,Men,Watches,Winter,Casual
56320,Women,Watches,Winter,Casual
56321,Women,Watches,Winter,Casual
56322,Women,Watches,Winter,Ethnic
56323,Women,Watches,Winter,Casual
56324,Women,Watches,Winter,Casual
56326,Men,Watches,Winter,Formal
56327,Men,Watches,Winter,Casual
56329,Men,Watches,Winter,Casual
56330,Men,Watches,Fall,Casual
56331,Unisex,Watches,Winter,Sports
56332,Women,Watches,Winter,Casual
56333,Men,Watches,Winter,Casual
56335,Men,Watches,Winter,Casual
56336,Unisex,Watches,Winter,Casual
56337,Men,Watches,Winter,Casual
56338,Men,Watches,Winter,Smart Casual
56339,Men,Watches,Winter,Casual
56340,Unisex,Watches,Winter,Sports
56341,Men,Watches,Winter,Casual
56342,Unisex,Watches,Winter,Sports
56343,Men,Watches,Winter,Casual
56344,Women,Watches,Winter,Casual
56346,Women,Watches,Winter,Casual
56348,Men,Watches,Winter,Casual
56349,Men,Deodorant,Spring,Casual
56351,Men,Deodorant,Spring,Casual
56352,Men,Deodorant,Spring,Casual
56353,Men,Deodorant,Spring,Casual
56354,Men,Deodorant,Spring,Casual
56355,Girls,Fragrance Gift Set,Spring,Casual
56356,Men,Deodorant,Spring,Casual
56359,Women,Perfume and Body Mist,Spring,Ethnic
56360,Women,Perfume and Body Mist,Spring,Ethnic
56361,Women,Perfume and Body Mist,Spring,Casual
56362,Women,Perfume and Body Mist,Spring,Casual
56363,Unisex,Perfume and Body Mist,Spring,Casual
56364,Unisex,Perfume and Body Mist,Spring,Casual
56365,Men,Perfume and Body Mist,Spring,Casual
56366,Boys,Perfume and Body Mist,Spring,Casual
56367,Boys,Perfume and Body Mist,Spring,Casual
56368,Boys,Perfume and Body Mist,Spring,Casual
56375,Women,Perfume and Body Mist,Spring,Casual
56376,Girls,Perfume and Body Mist,Spring,Casual
56377,Girls,Perfume and Body Mist,Spring,Casual
56378,Girls,Perfume and Body Mist,Spring,Casual
56379,Girls,Perfume and Body Mist,Spring,Casual
56380,Women,Perfume and Body Mist,Spring,Casual
56381,Women,Perfume and Body Mist,Spring,Casual
56385,Women,Perfume and Body Mist,Spring,Ethnic
56386,Men,Perfume and Body Mist,Spring,Casual
56388,Women,Other,Spring,Casual
56389,Girls,Perfume and Body Mist,Spring,Casual
56390,Girls,Perfume and Body Mist,Spring,Casual
56391,Women,Perfume and Body Mist,Spring,Casual
56392,Women,Perfume and Body Mist,Spring,Casual
56393,Men,Perfume and Body Mist,Spring,Smart Casual
56394,Women,Perfume and Body Mist,Spring,Casual
56395,Women,Perfume and Body Mist,Spring,Casual
56402,Women,Flats,Winter,Casual
56403,Women,Flats,Winter,Casual
56404,Women,Heels,Winter,Casual
56405,Women,Flats,Winter,Casual
56406,Women,Flats,Winter,Casual
56407,Women,Flats,Winter,Casual
56410,Men,Casual Shoes,Winter,Formal
56411,Men,Sandals,Fall,Casual
56412,Men,Heels,Fall,Casual
56413,Men,Sandals,Winter,Casual
56414,Men,Sandals,Summer,Casual
56415,Men,Sandals,Fall,Sports
56416,Women,Bra,Summer,Casual
56417,Women,Bra,Summer,Casual
56418,Women,Bra,Winter,Casual
56419,Women,Bra,Summer,Casual
56420,Women,Bra,Summer,Casual
56421,Women,Bra,Summer,Casual
56422,Women,Bra,Summer,Casual
56423,Women,Bra,Summer,Casual
56424,Men,Other,Summer,Casual
56425,Women,Perfume and Body Mist,Spring,Casual
56427,Unisex,Other,Spring,Casual
56428,Unisex,Other,Spring,Casual
56429,Men,Sports Shoes,Spring,Casual
56432,Girls,Perfume and Body Mist,Spring,Casual
56436,Women,Other,Spring,Casual
56440,Women,Other,Spring,Casual
56443,Women,Deodorant,Spring,Casual
56444,Women,Deodorant,Spring,Casual
56446,Women,Perfume and Body Mist,Spring,Casual
56447,Women,Deodorant,Spring,Casual
56448,Women,Other,Spring,Casual
56450,Men,Other,Spring,Casual
56451,Girls,Other,Spring,Casual
56452,Women,Other,Spring,Casual
56454,Women,Other,Spring,Casual
56455,Women,Perfume and Body Mist,Spring,Casual
56456,Women,Perfume and Body Mist,Spring,Casual
56458,Girls,Other,Spring,Casual
56460,Girls,Other,Spring,Casual
56461,Women,Other,Spring,Casual
56462,Girls,Other,Spring,Casual
56463,Girls,Other,Spring,Casual
56464,Women,Other,Spring,Casual
56465,Women,Other,Spring,Casual
56466,Women,Perfume and Body Mist,Spring,Casual
56467,Women,Perfume and Body Mist,Spring,Casual
56468,Women,Perfume and Body Mist,Spring,Casual
56469,Girls,Other,Spring,Casual
56470,Women,Other,Spring,Casual
56471,Women,Other,Spring,Casual
56472,Girls,Other,Spring,Casual
56473,Girls,Other,Spring,Casual
56474,Girls,Other,Spring,Casual
56475,Girls,Perfume and Body Mist,Spring,Casual
56476,Girls,Perfume and Body Mist,Spring,Casual
56477,Girls,Other,Spring,Casual
56478,Women,Perfume and Body Mist,Spring,Casual
56479,Women,Other,Spring,Casual
56480,Women,Other,Spring,Casual
56481,Women,Other,Spring,Casual
56482,Women,Perfume and Body Mist,Spring,Casual
56483,Men,Other,Spring,Casual
56484,Women,Other,Spring,Casual
56485,Women,Other,Spring,Casual
56486,Girls,Other,Spring,Casual
56488,Women,Perfume and Body Mist,Spring,Casual
56489,Women,Other,Spring,Casual
56490,Girls,Other,Spring,Casual
56491,Men,Other,Spring,Casual
56492,Women,Other,Spring,Casual
56493,Women,Other,Spring,Casual
56494,Girls,Other,Spring,Casual
56495,Women,Other,Spring,Casual
56496,Girls,Kurtas,Spring,Casual
56497,Girls,Kurtas,Spring,Casual
56498,Girls,Kurtas,Spring,Casual
56499,Women,Other,Spring,Casual
56500,Women,Other,Spring,Casual
56501,Women,Other,Spring,Casual
56502,Girls,Other,Spring,Casual
56503,Girls,Other,Spring,Casual
56504,Women,Perfume and Body Mist,Spring,Casual
56505,Girls,Other,Spring,Casual
56506,Women,Other,Spring,Casual
56507,Women,Other,Spring,Formal
56508,Unisex,Tops,Spring,Casual
56509,Unisex,Tops,Spring,Casual
56511,Unisex,Tops,Spring,Casual
56512,Unisex,Tops,Spring,Casual
56513,Women,Tops,Spring,Casual
56515,Boys,Earrings,Spring,Casual
56516,Boys,Earrings,Spring,Casual
56517,Unisex,Tops,Spring,Casual
56518,Boys,Earrings,Spring,Casual
56519,Women,Other,Spring,Casual
56520,Girls,Other,Spring,Casual
56521,Girls,Other,Spring,Casual
56522,Girls,Other,Spring,Casual
56523,Girls,Other,Spring,Casual
56524,Girls,Other,Spring,Casual
56525,Girls,Other,Spring,Casual
56526,Girls,Other,Spring,Casual
56527,Women,Other,Spring,Casual
56528,Girls,Other,Spring,Casual
56529,Girls,Other,Spring,Casual
56530,Girls,Other,Spring,Casual
56531,Girls,Other,Spring,Casual
56532,Girls,Other,Spring,Casual
56533,Girls,Other,Spring,Casual
56534,Girls,Other,Spring,Casual
56535,Girls,Other,Spring,Casual
56536,Girls,Other,Spring,Casual
56537,Girls,Other,Spring,Casual
56539,Girls,Other,Spring,Casual
56540,Girls,Other,Spring,Casual
56541,Girls,Other,Spring,Casual
56542,Women,Other,Spring,Formal
56543,Women,Other,Spring,Casual
56544,Women,Other,Spring,Ethnic
56545,Women,Other,Spring,Casual
56546,Women,Other,Spring,Casual
56547,Women,Other,Spring,Formal
56548,Women,Other,Spring,Formal
56549,Women,Other,Spring,Formal
56550,Women,Other,Spring,Formal
56551,Women,Pendant,Spring,Casual
56553,Women,Pendant,Spring,Casual
56554,Women,Pendant,Spring,Casual
56555,Women,Other,Spring,Casual
56556,Women,Other,Spring,Casual
56558,Women,Other,Spring,Casual
56559,Women,Other,Spring,Casual
56560,Women,Other,Spring,Casual
56561,Women,Other,Spring,Casual
56562,Women,Other,Spring,Casual
56563,Women,Other,Spring,Casual
56564,Women,Other,Spring,Casual
56565,Women,Other,Spring,Casual
56566,Girls,Other,Spring,Casual
56568,Men,Other,Spring,Formal
56569,Boys,Other,Spring,Sports
56570,Boys,Other,Spring,Sports
56571,Men,Backpacks,Spring,Casual
56572,Women,Perfume and Body Mist,Spring,Casual
56573,Men,Backpacks,Spring,Casual
56574,Men,Other,Spring,Casual
56575,Men,Tops,Spring,Casual
56576,Men,Tops,Spring,Casual
56579,Women,Pendant,Spring,Casual
56580,Women,Other,Spring,Casual
56581,Men,Bra,Winter,Formal
56582,Men,Bra,Winter,Formal
56583,Women,Other,Spring,Casual
56584,Women,Other,Summer,Casual
56585,Men,Other,Summer,Formal
56588,Women,Other,Spring,Casual
56590,Unisex,Perfume and Body Mist,Spring,Casual
56591,Unisex,Perfume and Body Mist,Spring,Casual
56592,Women,Perfume and Body Mist,Spring,Casual
56593,Men,Perfume and Body Mist,Spring,Casual
56594,Women,Other,Spring,Casual
56597,Women,Other,Spring,Formal
56598,Women,Other,Spring,Formal
56599,Women,Other,Spring,Formal
56600,Men,Other,Spring,Casual
56601,Women,Other,Spring,Casual
56602,Women,Other,Spring,Casual
56603,Women,Other,Spring,Casual
56604,Women,Other,Spring,Casual
56605,Men,Other,Spring,Formal
56606,Unisex,Other,Summer,Casual
56607,Women,Casual Shoes,Summer,Casual
56608,Women,Casual Shoes,Summer,Casual
56609,Unisex,Other,Summer,Sports
56610,Unisex,Other,Summer,Sports
56611,Unisex,Handbags,Summer,Sports
56612,Unisex,Wallets,Spring,Casual
56613,Unisex,Wallets,Spring,Casual
56614,Unisex,Wallets,Spring,Casual
56615,Women,Other,Spring,Casual
56616,Women,Other,Spring,Casual
56617,Unisex,Other,Spring,Casual
56618,Men,Other,Summer,Casual
56619,Men,Other,Summer,Casual
56620,Unisex,Perfume and Body Mist,Spring,Casual
56622,Men,Other,Spring,Casual
56624,Men,Perfume and Body Mist,Spring,Casual
56626,Men,Other,Winter,Casual
56627,Women,Perfume and Body Mist,Spring,Casual
56631,Men,Other,Spring,Casual
56632,Girls,Perfume and Body Mist,Spring,Casual
56634,Men,Deodorant,Spring,Formal
56638,Women,Kurtis,Summer,Casual
56639,Women,Kurtas,Summer,Ethnic
56640,Women,Kurtis,Summer,Casual
56642,Women,Tunics,Summer,Casual
56643,Women,Tops,Summer,Casual
56646,Women,Other,Summer,Casual
56647,Women,Tops,Summer,Casual
56649,Women,Tops,Summer,Casual
56650,Women,Tops,Summer,Casual
56651,Women,Tops,Summer,Casual
56652,Men,Formal Shoes,Winter,Formal
56653,Men,Casual Shoes,Summer,Casual
56654,Men,Casual Shoes,Summer,Formal
56655,Men,Casual Shoes,Winter,Casual
56656,Men,Casual Shoes,Summer,Formal
56657,Unisex,Casual Shoes,Summer,Sports
56658,Unisex,Casual Shoes,Summer,Casual
56659,Men,Formal Shoes,Winter,Formal
56660,Men,Sandals,Winter,Formal
56661,Men,Flip Flops,Summer,Formal
56662,Boys,Casual Shoes,Summer,Sports
56663,Men,Casual Shoes,Winter,Formal
56664,Men,Casual Shoes,Winter,Formal
56665,Men,Casual Shoes,Winter,Formal
56666,Men,Casual Shoes,Summer,Casual
56667,Men,Watches,Winter,Casual
56668,Men,Watches,Winter,Smart Casual
56669,Men,Watches,Winter,Casual
56670,Men,Watches,Winter,Casual
56671,Men,Watches,Winter,Casual
56672,Unisex,Watches,Winter,Casual
56673,Men,Watches,Winter,Casual
56674,Men,Watches,Winter,Casual
56675,Men,Watches,Winter,Smart Casual
56676,Men,Watches,Winter,Casual
56677,Men,Watches,Winter,Casual
56678,Men,Watches,Winter,Casual
56679,Women,Heels,Winter,Casual
56680,Women,Heels,Winter,Casual
56681,Men,Watches,Winter,Casual
56682,Men,Watches,Winter,Casual
56684,Women,Sarees,Summer,Ethnic
56685,Women,Sarees,Summer,Ethnic
56686,Women,Sarees,Summer,Ethnic
56687,Women,Dresses,Summer,Ethnic
56688,Men,Kurtas,Summer,Ethnic
56689,Men,Kurtas,Summer,Ethnic
56691,Men,Kurtas,Summer,Ethnic
56692,Men,Kurtas,Summer,Sports
56693,Men,Shirts,Summer,Ethnic
56694,Men,Kurtas,Summer,Formal
56695,Men,Shirts,Summer,Casual
56696,Men,Sweatshirts,Summer,Casual
56697,Men,Shirts,Summer,Casual
56698,Men,Tshirts,Summer,Casual
56699,Men,Shirts,Summer,Formal
56700,Men,Shirts,Summer,Ethnic
56701,Men,Shirts,Summer,Casual
56702,Men,Shirts,Summer,Casual
56703,Men,Shirts,Summer,Formal
56704,Men,Tshirts,Summer,Casual
56705,Women,Kurtas,Summer,Ethnic
56709,Women,Tunics,Summer,Ethnic
56711,Women,Kurtas,Summer,Ethnic
56713,Women,Kurtas,Summer,Ethnic
56714,Women,Kurtas,Summer,Ethnic
56715,Women,Kurtas,Summer,Ethnic
56718,Women,Kurtas,Summer,Ethnic
56720,Men,Casual Shoes,Summer,Casual
56721,Men,Casual Shoes,Summer,Sports
56722,Men,Casual Shoes,Summer,Sports
56723,Unisex,Casual Shoes,Summer,Sports
56724,Men,Flip Flops,Summer,Formal
56725,Men,Tshirts,Summer,Casual
56733,Men,Tshirts,Summer,Casual
56734,Men,Tshirts,Summer,Casual
56736,Men,Tshirts,Summer,Casual
56752,Men,Tshirts,Summer,Casual
56753,Men,Tshirts,Summer,Casual
56765,Men,Tshirts,Summer,Sports
56769,Men,Shirts,Summer,Casual
56770,Men,Shirts,Summer,Casual
56771,Men,Shirts,Summer,Casual
56787,Men,Shirts,Summer,Casual
56795,Men,Jeans,Summer,Casual
56798,Men,Jeans,Summer,Casual
56805,Women,Kurta Sets,Summer,Ethnic
56806,Women,Kurtas,Summer,Ethnic
56807,Women,Kurtas,Summer,Casual
56808,Women,Kurtas,Summer,Casual
56809,Women,Kurtas,Summer,Ethnic
56810,Women,Kurtas,Summer,Ethnic
56811,Women,Kurtas,Summer,Ethnic
56812,Women,Kurtas,Summer,Ethnic
56813,Women,Kurtas,Summer,Ethnic
56814,Women,Tops,Summer,Ethnic
56815,Women,Kurtas,Summer,Ethnic
56816,Men,Shirts,Summer,Casual
56817,Women,Shirts,Summer,Casual
56818,Men,Shirts,Summer,Casual
56819,Men,Shirts,Summer,Casual
56820,Men,Shirts,Summer,Casual
56821,Men,Shorts,Summer,Sports
56822,Men,Shorts,Summer,Casual
56825,Men,Tshirts,Summer,Casual
56827,Men,Jeans,Summer,Sports
56828,Women,Jeans,Fall,Casual
56829,Men,Jeans,Summer,Casual
56843,Unisex,Jeans,Summer,Sports
56844,Men,Jeans,Summer,Sports
56845,Men,Trousers,Summer,Casual
56846,Men,Track Pants,Fall,Sports
56847,Men,Jeans,Summer,Sports
56849,Men,Jeans,Summer,Casual
56850,Men,Trousers,Summer,Sports
56852,Men,Jeans,Fall,Casual
56854,Men,Shirts,Summer,Casual
56855,Men,Tshirts,Summer,Casual
56856,Men,Flip Flops,Fall,Casual
56857,Unisex,Flip Flops,Fall,Casual
56858,Men,Flip Flops,Summer,Casual
56859,Women,Heels,Winter,Casual
56860,Women,Flats,Winter,Casual
56861,Women,Flats,Winter,Casual
56862,Women,Flats,Winter,Casual
56863,Women,Heels,Winter,Casual
56864,Women,Heels,Winter,Casual
56865,Women,Heels,Summer,Casual
56866,Women,Flats,Winter,Casual
56867,Women,Flats,Summer,Casual
56868,Women,Flats,Winter,Casual
56869,Women,Flats,Winter,Casual
56870,Women,Flats,Winter,Casual
56871,Women,Heels,Winter,Casual
56872,Women,Heels,Winter,Casual
56873,Women,Flats,Winter,Casual
56874,Women,Heels,Winter,Sports
56875,Boys,Heels,Winter,Casual
56876,Women,Heels,Winter,Casual
56877,Women,Heels,Winter,Casual
56878,Women,Heels,Winter,Casual
56879,Women,Heels,Winter,Casual
56880,Women,Heels,Winter,Sports
56881,Women,Heels,Winter,Casual
56882,Women,Heels,Winter,Casual
56883,Women,Heels,Winter,Casual
56884,Women,Heels,Winter,Casual
56885,Women,Heels,Winter,Casual
56886,Women,Heels,Winter,Casual
56887,Women,Heels,Winter,Casual
56888,Women,Heels,Winter,Casual
56889,Women,Flats,Winter,Casual
56890,Women,Flats,Winter,Casual
56891,Women,Flats,Winter,Casual
56893,Women,Flats,Winter,Casual
56894,Women,Heels,Winter,Casual
56895,Women,Heels,Winter,Sports
56896,Women,Heels,Winter,Casual
56897,Women,Heels,Winter,Casual
56898,Women,Heels,Winter,Casual
56899,Women,Heels,Winter,Casual
56900,Women,Heels,Winter,Casual
56901,Women,Heels,Winter,Casual
56902,Women,Heels,Winter,Casual
56903,Women,Heels,Winter,Casual
56904,Women,Flats,Winter,Casual
56905,Women,Flats,Winter,Casual
56906,Women,Flats,Winter,Casual
56907,Women,Heels,Winter,Casual
56908,Women,Heels,Winter,Casual
56909,Women,Heels,Winter,Casual
56910,Women,Flats,Winter,Casual
56911,Women,Flats,Winter,Casual
56912,Women,Heels,Winter,Casual
56913,Women,Heels,Winter,Casual
56914,Women,Flats,Winter,Casual
56915,Women,Heels,Winter,Casual
56916,Women,Flats,Winter,Casual
56917,Women,Heels,Winter,Casual
56918,Women,Flats,Winter,Casual
56919,Women,Heels,Winter,Casual
56920,Women,Heels,Winter,Casual
56921,Women,Flats,Winter,Casual
56922,Women,Heels,Summer,Casual
56923,Women,Heels,Winter,Casual
56924,Women,Heels,Winter,Casual
56925,Women,Flats,Winter,Casual
56926,Women,Heels,Winter,Casual
56927,Women,Heels,Winter,Casual
56928,Women,Heels,Winter,Casual
56929,Women,Heels,Winter,Casual
56930,Women,Flats,Winter,Casual
56931,Women,Flats,Winter,Casual
56932,Women,Heels,Winter,Casual
56933,Women,Heels,Winter,Casual
56934,Women,Heels,Winter,Casual
56935,Women,Heels,Winter,Casual
56936,Women,Heels,Winter,Casual
56937,Women,Heels,Winter,Casual
56938,Women,Heels,Winter,Casual
56939,Women,Heels,Winter,Casual
56940,Women,Flats,Winter,Casual
56941,Women,Heels,Winter,Casual
56942,Women,Heels,Winter,Casual
56943,Women,Heels,Winter,Casual
56944,Women,Flats,Winter,Casual
56945,Women,Flats,Winter,Casual
56946,Women,Heels,Winter,Casual
56947,Women,Heels,Winter,Casual
56948,Unisex,Flats,Winter,Sports
56949,Women,Heels,Winter,Casual
56950,Women,Heels,Winter,Casual
56951,Women,Heels,Winter,Casual
56952,Women,Heels,Winter,Casual
56953,Women,Heels,Winter,Casual
56954,Women,Heels,Winter,Sports
56955,Women,Heels,Winter,Casual
56956,Women,Heels,Winter,Sports
56957,Women,Sunglasses,Winter,Sports
56958,Women,Heels,Fall,Casual
56959,Women,Heels,Winter,Casual
56960,Women,Heels,Winter,Casual
56961,Women,Heels,Winter,Casual
56962,Women,Heels,Winter,Casual
56963,Women,Heels,Winter,Casual
56964,Women,Heels,Winter,Casual
56965,Women,Heels,Winter,Casual
56966,Women,Heels,Winter,Casual
56967,Women,Heels,Winter,Sports
56968,Women,Heels,Winter,Casual
56969,Women,Heels,Winter,Casual
56970,Unisex,Heels,Winter,Casual
56971,Unisex,Heels,Winter,Casual
56972,Women,Heels,Winter,Casual
56973,Women,Heels,Winter,Casual
56974,Women,Heels,Winter,Casual
56975,Women,Heels,Winter,Casual
56976,Women,Heels,Winter,Casual
56977,Women,Heels,Winter,Casual
56978,Women,Flats,Winter,Casual
56979,Women,Flats,Winter,Casual
56980,Women,Flats,Winter,Casual
56981,Women,Heels,Winter,Casual
56982,Women,Flats,Winter,Casual
56983,Women,Heels,Winter,Casual
56984,Women,Flats,Winter,Casual
56985,Women,Heels,Winter,Casual
56986,Women,Heels,Winter,Casual
56987,Women,Heels,Winter,Casual
56988,Women,Heels,Winter,Casual
56989,Women,Heels,Winter,Casual
56990,Women,Heels,Winter,Casual
56991,Women,Heels,Winter,Casual
56992,Women,Flats,Winter,Formal
56993,Women,Flats,Fall,Casual
56994,Women,Heels,Winter,Casual
56995,Women,Heels,Winter,Casual
56996,Women,Heels,Winter,Casual
56997,Women,Heels,Winter,Casual
56998,Women,Sandals,Winter,Casual
56999,Women,Heels,Winter,Casual
57000,Women,Flats,Winter,Casual
57001,Women,Heels,Winter,Casual
57002,Women,Heels,Winter,Casual
57003,Women,Flats,Winter,Casual
57004,Men,Heels,Winter,Sports
57005,Unisex,Flats,Winter,Casual
57006,Women,Flats,Winter,Casual
57007,Women,Heels,Winter,Casual
57008,Women,Flats,Winter,Casual
57009,Women,Flats,Winter,Casual
57010,Women,Flats,Winter,Casual
57011,Women,Flats,Winter,Casual
57012,Women,Flats,Winter,Casual
57013,Women,Heels,Winter,Casual
57014,Women,Heels,Winter,Casual
57015,Men,Briefs,Summer,Casual
57016,Men,Briefs,Summer,Casual
57017,Men,Briefs,Summer,Casual
57018,Men,Briefs,Summer,Casual
57019,Men,Briefs,Summer,Casual
57021,Men,Briefs,Summer,Casual
57022,Men,Briefs,Summer,Casual
57023,Men,Briefs,Summer,Casual
57024,Men,Briefs,Summer,Casual
57025,Men,Briefs,Summer,Casual
57026,Men,Briefs,Summer,Casual
57027,Men,Briefs,Summer,Casual
57028,Men,Tshirts,Summer,Casual
57029,Men,Tops,Summer,Sports
57030,Women,Dresses,Summer,Casual
57031,Women,Dresses,Summer,Ethnic
57032,Men,Tops,Summer,Casual
57033,Men,Tshirts,Summer,Casual
57034,Women,Dresses,Summer,Casual
57035,Women,Dresses,Summer,Ethnic
57036,Women,Dupatta,Summer,Ethnic
57037,Women,Dresses,Summer,Ethnic
57038,Women,Dresses,Summer,Casual
57039,Women,Dresses,Summer,Casual
57040,Women,Dresses,Summer,Casual
57041,Women,Dresses,Summer,Casual
57042,Women,Dresses,Summer,Casual
57043,Women,Other,Summer,Casual
57044,Women,Dresses,Summer,Casual
57045,Women,Dresses,Summer,Casual
57046,Women,Dresses,Summer,Casual
57047,Women,Dresses,Summer,Ethnic
57048,Women,Dresses,Summer,Casual
57049,Women,Dresses,Summer,Casual
57050,Women,Dresses,Summer,Ethnic
57051,Women,Dresses,Summer,Ethnic
57052,Women,Other,Summer,Ethnic
57053,Women,Dresses,Summer,Ethnic
57054,Women,Other,Summer,Casual
57055,Women,Other,Summer,Casual
57056,Women,Tops,Summer,Casual
57057,Women,Dresses,Summer,Ethnic
57058,Women,Dresses,Summer,Ethnic
57059,Women,Tunics,Summer,Ethnic
57060,Women,Dresses,Summer,Casual
57061,Women,Dresses,Summer,Casual
57062,Women,Shirts,Summer,Casual
57063,Women,Shirts,Summer,Casual
57064,Women,Sweaters,Summer,Casual
57065,Women,Tops,Summer,Casual
57066,Women,Tops,Summer,Casual
57067,Women,Dupatta,Fall,Casual
57068,Women,Kurtas,Summer,Sports
57069,Women,Tshirts,Summer,Casual
57070,Women,Trousers,Summer,Casual
57071,Women,Trousers,Summer,Formal
57072,Women,Jeans,Summer,Ethnic
57073,Women,Jeans,Summer,Ethnic
57074,Women,Jeans,Summer,Casual
57075,Women,Jeans,Summer,Casual
57076,Women,Other,Summer,Ethnic
57077,Women,Jeans,Summer,Casual
57078,Women,Other,Summer,Ethnic
57079,Women,Tops,Summer,Casual
57080,Women,Sweatshirts,Summer,Casual
57081,Women,Tshirts,Summer,Casual
57082,Women,Skirts,Summer,Casual
57083,Women,Skirts,Summer,Ethnic
57084,Women,Skirts,Summer,Casual
57085,Women,Other,Summer,Ethnic
57086,Men,Skirts,Summer,Casual
57087,Women,Dresses,Summer,Ethnic
57088,Women,Skirts,Summer,Ethnic
57089,Women,Skirts,Summer,Casual
57090,Women,Shorts,Summer,Sports
57091,Women,Skirts,Summer,Casual
57092,Women,Dresses,Summer,Ethnic
57093,Women,Shorts,Summer,Casual
57094,Women,Skirts,Summer,Casual
57095,Women,Skirts,Summer,Casual
57096,Women,Jeans,Summer,Casual
57097,Women,Capris,Summer,Ethnic
57099,Women,Capris,Summer,Ethnic
57100,Women,Tops,Summer,Casual
57101,Women,Tops,Summer,Casual
57102,Women,Other,Fall,Casual
57103,Women,Tops,Summer,Casual
57104,Women,Other,Summer,Casual
57105,Women,Tops,Summer,Casual
57106,Women,Tops,Summer,Casual
57107,Women,Lounge Pants,Summer,Casual
57108,Women,Tops,Summer,Casual
57109,Women,Tops,Summer,Casual
57110,Women,Shirts,Fall,Casual
57111,Women,Tunics,Summer,Casual
57112,Women,Tops,Summer,Casual
57114,Women,Tops,Summer,Casual
57115,Women,Kurtas,Summer,Casual
57116,Women,Tops,Summer,Casual
57117,Women,Tops,Summer,Casual
57118,Women,Tops,Summer,Casual
57119,Women,Tops,Summer,Casual
57120,Women,Shirts,Summer,Casual
57121,Women,Tshirts,Summer,Casual
57122,Women,Tops,Summer,Casual
57123,Women,Tops,Summer,Ethnic
57124,Women,Tunics,Summer,Casual
57125,Women,Tops,Summer,Casual
57126,Women,Tops,Summer,Casual
57127,Women,Tops,Summer,Casual
57128,Women,Tops,Summer,Casual
57129,Women,Tops,Summer,Casual
57130,Women,Tops,Summer,Casual
57131,Women,Tops,Summer,Casual
57132,Women,Tops,Summer,Casual
57133,Women,Tshirts,Summer,Casual
57134,Women,Tops,Summer,Casual
57135,Women,Tops,Summer,Casual
57136,Women,Jeans,Summer,Casual
57137,Men,Trousers,Summer,Casual
57138,Women,Trousers,Summer,Formal
57139,Women,Trousers,Summer,Formal
57140,Women,Shorts,Summer,Ethnic
57141,Women,Leggings,Summer,Formal
57142,Women,Innerwear Vests,Summer,Casual
57143,Women,Tops,Summer,Casual
57144,Women,Dresses,Summer,Casual
57145,Women,Tops,Summer,Casual
57146,Women,Tops,Summer,Casual
57147,Women,Tops,Summer,Casual
57148,Women,Tops,Summer,Casual
57149,Women,Tops,Summer,Casual
57150,Women,Tshirts,Summer,Casual
57151,Women,Tops,Summer,Casual
57152,Women,Tops,Summer,Casual
57153,Women,Tops,Summer,Casual
57154,Women,Tops,Summer,Casual
57155,Women,Tops,Summer,Casual
57156,Women,Tops,Summer,Casual
57157,Women,Tops,Summer,Casual
57158,Women,Tunics,Summer,Casual
57159,Women,Tshirts,Summer,Sports
57160,Women,Tops,Summer,Casual
57161,Women,Tops,Summer,Casual
57162,Women,Tops,Summer,Casual
57163,Women,Tops,Summer,Casual
57164,Women,Tops,Summer,Casual
57165,Women,Tops,Summer,Casual
57166,Women,Tops,Summer,Casual
57167,Men,Innerwear Vests,Summer,Casual
57168,Women,Tshirts,Summer,Casual
57169,Women,Tops,Summer,Casual
57170,Women,Tops,Summer,Casual
57171,Women,Other,Summer,Casual
57172,Women,Tops,Summer,Casual
57173,Women,Tops,Summer,Ethnic
57174,Women,Shirts,Summer,Casual
57175,Women,Tops,Summer,Casual
57176,Women,Tops,Summer,Casual
57177,Women,Dupatta,Summer,Ethnic
57178,Women,Other,Summer,Casual
57179,Women,Shirts,Summer,Casual
57180,Women,Kurtis,Summer,Casual
57181,Women,Dresses,Summer,Casual
57182,Women,Dresses,Summer,Ethnic
57183,Women,Innerwear Vests,Summer,Casual
57184,Women,Tunics,Summer,Casual
57185,Women,Dresses,Summer,Ethnic
57186,Women,Dresses,Summer,Ethnic
57187,Women,Tops,Summer,Ethnic
57188,Women,Kurtas,Fall,Casual
57189,Women,Kurtis,Summer,Casual
57190,Women,Tshirts,Summer,Casual
57191,Women,Shirts,Summer,Casual
57192,Men,Dresses,Summer,Casual
57193,Women,Kurtis,Summer,Casual
57194,Women,Tops,Summer,Casual
57195,Women,Tunics,Summer,Ethnic
57196,Women,Dresses,Summer,Ethnic
57197,Women,Tunics,Summer,Casual
57198,Women,Tops,Summer,Casual
57199,Women,Tunics,Summer,Ethnic
57200,Women,Dresses,Summer,Ethnic
57201,Women,Innerwear Vests,Summer,Casual
57202,Women,Dresses,Summer,Ethnic
57203,Men,Dresses,Summer,Ethnic
57204,Women,Jeans,Summer,Casual
57205,Women,Capris,Summer,Formal
57207,Women,Shorts,Summer,Casual
57208,Women,Other,Summer,Casual
57209,Women,Jeans,Summer,Casual
57210,Women,Trousers,Summer,Formal
57211,Women,Leggings,Summer,Formal
57212,Women,Jeans,Summer,Formal
57213,Women,Leggings,Summer,Casual
57214,Women,Shorts,Summer,Casual
57215,Men,Trousers,Summer,Casual
57216,Men,Shorts,Summer,Casual
57217,Women,Shorts,Summer,Casual
57218,Women,Shorts,Summer,Casual
57225,Women,Handbags,Winter,Casual
57226,Women,Handbags,Summer,Casual
57229,Women,Handbags,Winter,Casual
57230,Women,Handbags,Summer,Casual
57231,Women,Handbags,Summer,Casual
57235,Women,Handbags,Winter,Sports
57236,Women,Handbags,Winter,Casual
57237,Unisex,Handbags,Winter,Casual
57238,Women,Handbags,Summer,Casual
57239,Unisex,Handbags,Summer,Casual
57240,Women,Handbags,Summer,Casual
57241,Women,Handbags,Summer,Casual
57242,Women,Handbags,Summer,Casual
57243,Women,Handbags,Winter,Casual
57244,Women,Handbags,Summer,Casual
57246,Women,Handbags,Winter,Casual
57247,Women,Handbags,Winter,Casual
57252,Unisex,Handbags,Winter,Casual
57253,Women,Handbags,Winter,Casual
57254,Women,Handbags,Winter,Casual
57255,Women,Handbags,Summer,Casual
57256,Girls,Handbags,Summer,Casual
57258,Women,Handbags,Summer,Casual
57259,Women,Handbags,Winter,Casual
57261,Women,Handbags,Winter,Casual
57262,Unisex,Handbags,Summer,Casual
57263,Women,Handbags,Winter,Casual
57264,Unisex,Handbags,Summer,Casual
57266,Women,Handbags,Winter,Casual
57268,Men,Tshirts,Fall,Casual
57273,Men,Shirts,Summer,Casual
57274,Men,Shirts,Fall,Casual
57275,Men,Shirts,Summer,Casual
57276,Men,Shirts,Summer,Casual
57277,Men,Kurtas,Summer,Casual
57280,Men,Shirts,Summer,Formal
57281,Men,Shirts,Summer,Casual
57282,Men,Shirts,Summer,Casual
57283,Men,Shirts,Summer,Casual
57284,Men,Shirts,Summer,Casual
57285,Men,Shirts,Summer,Casual
57286,Men,Shirts,Summer,Casual
57287,Men,Shirts,Summer,Casual
57288,Men,Tshirts,Summer,Casual
57289,Men,Kurtas,Summer,Casual
57290,Men,Shirts,Summer,Casual
57291,Men,Shirts,Summer,Casual
57292,Men,Kurtas,Summer,Casual
57293,Women,Shirts,Summer,Casual
57294,Men,Shirts,Summer,Casual
57295,Men,Shirts,Summer,Casual
57296,Men,Shirts,Summer,Casual
57297,Men,Shirts,Summer,Casual
57298,Women,Heels,Winter,Casual
57299,Women,Flats,Winter,Casual
57300,Women,Flats,Winter,Casual
57301,Women,Flats,Winter,Casual
57302,Women,Flats,Winter,Casual
57303,Women,Heels,Winter,Casual
57304,Women,Heels,Winter,Casual
57305,Women,Heels,Winter,Casual
57306,Women,Heels,Winter,Casual
57307,Women,Heels,Winter,Casual
57308,Women,Flats,Winter,Casual
57309,Women,Heels,Winter,Casual
57310,Men,Tshirts,Summer,Casual
57311,Women,Bra,Summer,Casual
57312,Women,Bra,Summer,Casual
57313,Men,Bra,Summer,Casual
57316,Women,Bra,Summer,Casual
57318,Women,Bra,Summer,Casual
57319,Women,Bra,Summer,Casual
57320,Women,Bra,Summer,Casual
57321,Women,Bra,Summer,Casual
57322,Women,Bra,Summer,Casual
57323,Women,Bra,Summer,Casual
57324,Women,Bra,Summer,Casual
57325,Women,Bra,Summer,Casual
57326,Women,Bra,Winter,Casual
57327,Women,Bra,Summer,Casual
57328,Women,Bra,Summer,Casual
57329,Women,Bra,Summer,Casual
57330,Women,Bra,Summer,Casual
57331,Women,Bra,Summer,Casual
57333,Women,Bra,Summer,Casual
57334,Women,Bra,Summer,Casual
57335,Women,Bra,Summer,Casual
57336,Women,Bra,Summer,Casual
57338,Women,Bra,Summer,Casual
57339,Women,Bra,Summer,Casual
57340,Women,Bra,Summer,Casual
57342,Women,Bra,Summer,Casual
57343,Women,Bra,Summer,Casual
57344,Women,Bra,Summer,Casual
57345,Women,Bra,Summer,Casual
57346,Women,Bra,Summer,Casual
57347,Women,Bra,Summer,Casual
57348,Women,Bra,Summer,Casual
57349,Women,Bra,Summer,Casual
57350,Women,Bra,Summer,Casual
57351,Women,Bra,Summer,Casual
57352,Women,Bra,Summer,Casual
57353,Women,Bra,Summer,Casual
57354,Women,Bra,Summer,Casual
57355,Women,Bra,Summer,Casual
57356,Women,Bra,Summer,Casual
57357,Women,Bra,Summer,Casual
57358,Women,Bra,Summer,Casual
57359,Women,Bra,Summer,Casual
57360,Women,Bra,Summer,Casual
57361,Women,Bra,Summer,Casual
57362,Women,Bra,Summer,Casual
57363,Women,Bra,Summer,Casual
57365,Women,Briefs,Summer,Casual
57366,Unisex,Briefs,Summer,Casual
57367,Women,Briefs,Summer,Casual
57368,Women,Briefs,Summer,Casual
57369,Women,Briefs,Summer,Casual
57370,Women,Briefs,Summer,Casual
57371,Women,Briefs,Summer,Casual
57372,Unisex,Briefs,Summer,Casual
57373,Women,Briefs,Summer,Casual
57374,Unisex,Briefs,Summer,Casual
57375,Women,Briefs,Summer,Casual
57376,Unisex,Briefs,Winter,Sports
57378,Women,Briefs,Summer,Casual
57379,Unisex,Briefs,Summer,Casual
57380,Unisex,Briefs,Summer,Casual
57382,Men,Briefs,Winter,Casual
57383,Men,Briefs,Summer,Casual
57384,Unisex,Briefs,Summer,Casual
57388,Unisex,Briefs,Winter,Casual
57389,Girls,Briefs,Summer,Casual
57390,Unisex,Briefs,Winter,Casual
57391,Unisex,Briefs,Winter,Casual
57392,Women,Briefs,Summer,Casual
57393,Men,Briefs,Winter,Casual
57395,Women,Briefs,Summer,Casual
57397,Women,Briefs,Summer,Casual
57398,Women,Briefs,Summer,Casual
57399,Women,Bra,Summer,Casual
57400,Men,Briefs,Summer,Casual
57401,Men,Briefs,Summer,Casual
57402,Women,Briefs,Summer,Casual
57403,Women,Briefs,Summer,Casual
57404,Unisex,Briefs,Summer,Casual
57405,Women,Briefs,Summer,Casual
57406,Women,Briefs,Summer,Casual
57407,Women,Briefs,Summer,Casual
57408,Women,Briefs,Summer,Casual
57409,Unisex,Briefs,Summer,Casual
57410,Women,Briefs,Summer,Casual
57411,Women,Briefs,Summer,Casual
57412,Unisex,Briefs,Summer,Casual
57413,Women,Briefs,Summer,Casual
57414,Women,Briefs,Summer,Casual
57415,Unisex,Briefs,Summer,Casual
57416,Women,Other,Summer,Ethnic
57418,Women,Tunics,Summer,Casual
57419,Women,Other,Summer,Casual
57420,Women,Tshirts,Summer,Casual
57421,Women,Tshirts,Summer,Casual
57422,Women,Tshirts,Summer,Casual
57423,Women,Tshirts,Summer,Casual
57424,Women,Tshirts,Summer,Casual
57425,Women,Tshirts,Summer,Casual
57426,Women,Tshirts,Summer,Casual
57427,Women,Tshirts,Summer,Casual
57428,Women,Tshirts,Summer,Casual
57429,Women,Tops,Summer,Casual
57430,Women,Tops,Summer,Ethnic
57431,Women,Tshirts,Summer,Casual
57432,Women,Tops,Summer,Casual
57433,Women,Tops,Summer,Casual
57434,Women,Tshirts,Summer,Casual
57435,Women,Tops,Summer,Casual
57436,Women,Tshirts,Summer,Casual
57437,Women,Tops,Summer,Casual
57438,Women,Tshirts,Summer,Casual
57439,Women,Tops,Summer,Casual
57440,Women,Tshirts,Summer,Casual
57441,Women,Other,Summer,Casual
57442,Women,Tops,Summer,Casual
57443,Women,Tops,Summer,Casual
57444,Women,Tops,Summer,Casual
57445,Women,Tshirts,Summer,Casual
57446,Women,Tops,Summer,Casual
57447,Women,Tshirts,Summer,Casual
57448,Women,Tops,Summer,Casual
57449,Women,Other,Summer,Casual
57450,Women,Tops,Summer,Casual
57457,Unisex,Handbags,Winter,Casual
57458,Women,Handbags,Winter,Casual
57459,Girls,Handbags,Winter,Casual
57462,Women,Clutches,Summer,Casual
57463,Men,Belts,Summer,Formal
57466,Men,Flip Flops,Summer,Casual
57467,Unisex,Casual Shoes,Summer,Casual
57468,Men,Flip Flops,Summer,Casual
57469,Men,Casual Shoes,Summer,Casual
57470,Men,Casual Shoes,Summer,Casual
57471,Men,Casual Shoes,Winter,Casual
57475,Men,Sandals,Winter,Casual
57476,Men,Formal Shoes,Winter,Formal
57477,Unisex,Casual Shoes,Summer,Sports
57478,Unisex,Casual Shoes,Summer,Sports
57479,Men,Casual Shoes,Summer,Sports
57480,Men,Casual Shoes,Summer,Casual
57481,Unisex,Casual Shoes,Summer,Sports
57482,Men,Casual Shoes,Summer,Casual
57483,Men,Casual Shoes,Summer,Sports
57484,Men,Sandals,Fall,Casual
57487,Men,Formal Shoes,Winter,Formal
57488,Men,Casual Shoes,Summer,Formal
57489,Men,Casual Shoes,Summer,Formal
57490,Men,Formal Shoes,Winter,Formal
57491,Men,Formal Shoes,Winter,Formal
57492,Men,Formal Shoes,Winter,Formal
57493,Men,Formal Shoes,Winter,Formal
57494,Men,Formal Shoes,Winter,Formal
57495,Men,Formal Shoes,Winter,Formal
57496,Men,Formal Shoes,Summer,Formal
57497,Men,Formal Shoes,Winter,Formal
57498,Men,Formal Shoes,Winter,Formal
57499,Men,Formal Shoes,Winter,Formal
57500,Men,Sandals,Fall,Casual
57501,Men,Sandals,Fall,Casual
57502,Men,Sandals,Winter,Casual
57503,Men,Sandals,Summer,Casual
57504,Men,Sandals,Summer,Casual
57505,Men,Sandals,Summer,Casual
57506,Men,Sandals,Summer,Casual
57507,Men,Sandals,Summer,Casual
57508,Men,Sandals,Summer,Casual
57509,Men,Formal Shoes,Winter,Formal
57510,Men,Formal Shoes,Summer,Formal
57511,Men,Formal Shoes,Winter,Formal
57512,Men,Formal Shoes,Winter,Formal
57513,Men,Formal Shoes,Winter,Formal
57514,Men,Formal Shoes,Winter,Formal
57515,Men,Formal Shoes,Winter,Formal
57516,Men,Formal Shoes,Winter,Formal
57517,Men,Formal Shoes,Winter,Formal
57518,Men,Formal Shoes,Winter,Formal
57519,Men,Formal Shoes,Summer,Formal
57520,Men,Formal Shoes,Winter,Formal
57521,Men,Formal Shoes,Summer,Formal
57522,Men,Formal Shoes,Summer,Formal
57523,Men,Formal Shoes,Winter,Formal
57524,Men,Formal Shoes,Winter,Formal
57525,Men,Casual Shoes,Winter,Formal
57526,Men,Formal Shoes,Summer,Formal
57527,Men,Formal Shoes,Winter,Formal
57528,Men,Formal Shoes,Winter,Formal
57529,Men,Formal Shoes,Winter,Formal
57530,Men,Formal Shoes,Winter,Formal
57531,Men,Formal Shoes,Winter,Formal
57532,Men,Formal Shoes,Summer,Formal
57533,Men,Casual Shoes,Winter,Formal
57534,Men,Belts,Summer,Formal
57536,Women,Belts,Summer,Formal
57539,Unisex,Belts,Summer,Casual
57543,Women,Other,Spring,Casual
57544,Women,Other,Spring,Ethnic
57545,Women,Other,Spring,Ethnic
57547,Women,Other,Spring,Ethnic
57548,Women,Other,Spring,Casual
57549,Women,Other,Spring,Sports
57550,Women,Other,Spring,Casual
57552,Women,Other,Spring,Casual
57553,Women,Other,Spring,Casual
57554,Women,Other,Spring,Casual
57555,Women,Other,Spring,Casual
57556,Women,Other,Spring,Casual
57557,Women,Other,Spring,Casual
57558,Women,Other,Spring,Casual
57559,Women,Other,Spring,Casual
57560,Women,Other,Spring,Ethnic
57561,Women,Other,Winter,Casual
57562,Women,Other,Spring,Ethnic
57563,Women,Other,Winter,Ethnic
57566,Women,Other,Spring,Ethnic
57567,Women,Other,Spring,Casual
57568,Women,Other,Spring,Ethnic
57569,Women,Other,Spring,Ethnic
57570,Women,Other,Spring,Ethnic
57571,Women,Other,Spring,Ethnic
57572,Women,Other,Spring,Casual
57573,Women,Other,Spring,Ethnic
57574,Women,Other,Spring,Ethnic
57575,Women,Other,Winter,Casual
57576,Women,Other,Spring,Casual
57577,Women,Other,Spring,Ethnic
57578,Women,Other,Spring,Ethnic
57579,Women,Perfume and Body Mist,Spring,Ethnic
57580,Women,Other,Spring,Ethnic
57581,Boys,Socks,Summer,Ethnic
57582,Boys,Other,Spring,Ethnic
57583,Women,Other,Spring,Casual
57584,Girls,Other,Spring,Casual
57586,Girls,Other,Spring,Ethnic
57587,Girls,Other,Spring,Casual
57588,Boys,Other,Spring,Casual
57589,Girls,Other,Spring,Casual
57591,Boys,Other,Spring,Casual
57592,Boys,Other,Spring,Casual
57593,Girls,Other,Spring,Casual
57594,Girls,Other,Spring,Casual
57595,Girls,Other,Spring,Casual
57596,Boys,Other,Spring,Casual
57597,Girls,Other,Spring,Casual
57598,Women,Other,Winter,Casual
57599,Women,Other,Spring,Casual
57600,Women,Other,Spring,Casual
57601,Women,Other,Spring,Casual
57603,Girls,Other,Spring,Casual
57604,Girls,Other,Spring,Casual
57605,Girls,Other,Spring,Casual
57606,Girls,Other,Spring,Casual
57607,Women,Perfume and Body Mist,Spring,Casual
57608,Girls,Perfume and Body Mist,Spring,Casual
57609,Women,Other,Spring,Casual
57610,Women,Other,Spring,Ethnic
57611,Men,Other,Spring,Casual
57613,Boys,Other,Spring,Casual
57614,Unisex,Other,Spring,Casual
57615,Girls,Perfume and Body Mist,Summer,Casual
57616,Women,Other,Spring,Casual
57617,Women,Perfume and Body Mist,Spring,Casual
57619,Boys,Other,Spring,Casual
57620,Women,Ring,Spring,Casual
57621,Men,Other,Spring,Casual
57622,Boys,Other,Spring,Casual
57623,Unisex,Tshirts,Spring,Casual
57624,Women,Other,Spring,Casual
57625,Boys,Perfume and Body Mist,Spring,Casual
57627,Women,Other,Spring,Casual
57628,Unisex,Other,Spring,Casual
57629,Women,Perfume and Body Mist,Spring,Casual
57630,Women,Perfume and Body Mist,Winter,Casual
57631,Men,Other,Spring,Formal
57632,Women,Pendant,Spring,Formal
57633,Women,Pendant,Spring,Formal
57634,Women,Pendant,Spring,Formal
57635,Women,Pendant,Spring,Formal
57636,Women,Pendant,Spring,Formal
57637,Women,Pendant,Spring,Formal
57638,Women,Other,Spring,Casual
57639,Women,Other,Spring,Formal
57640,Women,Pendant,Spring,Casual
57642,Women,Pendant,Spring,Formal
57643,Women,Pendant,Spring,Casual
57644,Men,Other,Spring,Formal
57645,Women,Pendant,Spring,Casual
57646,Women,Pendant,Spring,Casual
57647,Men,Pendant,Spring,Casual
57649,Women,Perfume and Body Mist,Spring,Casual
57650,Women,Perfume and Body Mist,Spring,Casual
57651,Women,Pendant,Spring,Formal
57652,Women,Pendant,Spring,Casual
57653,Women,Pendant,Spring,Formal
57654,Women,Pendant,Spring,Formal
57655,Women,Pendant,Spring,Formal
57656,Women,Perfume and Body Mist,Spring,Casual
57657,Women,Other,Spring,Formal
57658,Women,Pendant,Spring,Casual
57660,Men,Other,Spring,Formal
57661,Men,Pendant,Spring,Formal
57662,Men,Pendant,Spring,Formal
57664,Women,Other,Spring,Casual
57667,Women,Perfume and Body Mist,Spring,Casual
57668,Women,Pendant,Spring,Formal
57669,Men,Pendant,Spring,Formal
57670,Women,Pendant,Spring,Casual
57671,Men,Perfume and Body Mist,Spring,Formal
57672,Men,Pendant,Spring,Formal
57673,Women,Other,Spring,Casual
57674,Women,Pendant,Spring,Casual
57675,Men,Perfume and Body Mist,Spring,Casual
57676,Women,Other,Spring,Casual
57677,Men,Other,Spring,Sports
57678,Women,Other,Spring,Ethnic
57679,Girls,Perfume and Body Mist,Spring,Casual
57681,Girls,Perfume and Body Mist,Spring,Casual
57683,Girls,Perfume and Body Mist,Spring,Casual
57685,Women,Perfume and Body Mist,Spring,Casual
57687,Women,Other,Spring,Casual
57689,Women,Other,Spring,Casual
57690,Women,Perfume and Body Mist,Spring,Casual
57691,Girls,Perfume and Body Mist,Spring,Casual
57692,Women,Tshirts,Spring,Casual
57694,Girls,Perfume and Body Mist,Spring,Casual
57696,Girls,Perfume and Body Mist,Spring,Casual
57697,Unisex,Handbags,Spring,Casual
57698,Unisex,Perfume and Body Mist,Summer,Casual
57699,Unisex,Perfume and Body Mist,Spring,Casual
57700,Unisex,Wallets,Spring,Casual
57701,Men,Belts,Winter,Formal
57702,Girls,Other,Spring,Casual
57703,Women,Watches,Spring,Casual
57704,Girls,Leggings,Spring,Casual
57705,Women,Other,Spring,Casual
57706,Women,Scarves,Spring,Casual
57707,Women,Other,Spring,Casual
57708,Women,Other,Spring,Casual
57709,Women,Other,Spring,Casual
57710,Women,Other,Spring,Casual
57711,Women,Other,Spring,Casual
57712,Women,Other,Spring,Casual
57713,Women,Other,Spring,Casual
57714,Women,Other,Spring,Casual
57715,Women,Other,Spring,Casual
57716,Women,Other,Spring,Casual
57717,Women,Other,Spring,Casual
57718,Women,Perfume and Body Mist,Spring,Casual
57719,Women,Other,Spring,Ethnic
57720,Women,Other,Spring,Casual
57721,Women,Other,Spring,Casual
57724,Women,Other,Spring,Casual
57725,Women,Perfume and Body Mist,Spring,Casual
57727,Women,Other,Spring,Casual
57728,Women,Perfume and Body Mist,Spring,Casual
57729,Women,Perfume and Body Mist,Spring,Casual
57730,Girls,Wallets,Summer,Casual
57731,Girls,Handbags,Spring,Casual
57732,Girls,Wallets,Spring,Casual
57733,Women,Handbags,Spring,Casual
57734,Girls,Perfume and Body Mist,Spring,Casual
57735,Girls,Perfume and Body Mist,Spring,Casual
57736,Women,Perfume and Body Mist,Spring,Casual
57737,Girls,Perfume and Body Mist,Spring,Casual
57738,Unisex,Handbags,Spring,Casual
57739,Women,Dresses,Spring,Casual
57740,Women,Dresses,Summer,Casual
57741,Women,Dresses,Spring,Casual
57742,Men,Dresses,Spring,Casual
57743,Women,Dresses,Spring,Casual
57744,Men,Dresses,Spring,Casual
57745,Women,Handbags,Spring,Casual
57746,Women,Handbags,Spring,Casual
57747,Women,Handbags,Spring,Casual
57749,Women,Other,Spring,Casual
57750,Women,Other,Spring,Casual
57752,Women,Other,Spring,Casual
57753,Women,Other,Spring,Casual
57754,Women,Deodorant,Spring,Ethnic
57755,Women,Perfume and Body Mist,Spring,Ethnic
57756,Girls,Deodorant,Spring,Casual
57757,Women,Perfume and Body Mist,Spring,Casual
57758,Women,Other,Spring,Casual
57759,Women,Perfume and Body Mist,Spring,Ethnic
57760,Women,Perfume and Body Mist,Spring,Casual
57761,Women,Deodorant,Spring,Casual
57762,Women,Jeans,Spring,Casual
57763,Unisex,Wallets,Summer,Casual
57764,Women,Other,Spring,Casual
57765,Girls,Jeans,Spring,Casual
57766,Girls,Perfume and Body Mist,Summer,Casual
57767,Men,Other,Spring,Casual
57768,Women,Deodorant,Spring,Casual
57770,Boys,Wallets,Summer,Casual
57771,Women,Jeans,Spring,Casual
57772,Women,Deodorant,Spring,Casual
57773,Women,Wallets,Summer,Casual
57774,Women,Perfume and Body Mist,Spring,Casual
57776,Women,Perfume and Body Mist,Spring,Casual
57777,Girls,Tunics,Spring,Casual
57778,Girls,Tshirts,Spring,Casual
57779,Girls,Tshirts,Spring,Casual
57780,Women,Other,Spring,Casual
57781,Girls,Other,Spring,Casual
57782,Men,Other,Winter,Casual
57783,Women,Other,Spring,Casual
57784,Unisex,Wallets,Winter,Casual
57785,Unisex,Wallets,Spring,Casual
57786,Unisex,Wallets,Winter,Casual
57787,Unisex,Handbags,Spring,Casual
57788,Unisex,Handbags,Summer,Casual
57789,Unisex,Handbags,Spring,Casual
57790,Unisex,Handbags,Summer,Casual
57791,Women,Other,Spring,Casual
57792,Women,Other,Spring,Casual
57793,Women,Other,Spring,Casual
57794,Unisex,Clutches,Winter,Casual
57795,Unisex,Wallets,Spring,Casual
57796,Unisex,Perfume and Body Mist,Winter,Sports
57798,Women,Perfume and Body Mist,Spring,Casual
57800,Women,Other,Spring,Casual
57801,Girls,Other,Spring,Casual
57802,Women,Flats,Winter,Casual
57803,Women,Other,Winter,Casual
57804,Women,Perfume and Body Mist,Spring,Casual
57805,Men,Other,Spring,Casual
57810,Women,Tops,Summer,Casual
57811,Women,Dresses,Summer,Casual
57812,Women,Dresses,Summer,Ethnic
57815,Women,Tops,Summer,Casual
57816,Women,Tops,Summer,Casual
57817,Women,Other,Summer,Casual
57818,Women,Tops,Summer,Casual
57819,Women,Skirts,Summer,Casual
57820,Women,Tshirts,Summer,Casual
57823,Women,Other,Summer,Casual
57824,Women,Other,Summer,Casual
57832,Women,Scarves,Summer,Ethnic
57833,Men,Shirts,Summer,Sports
57834,Men,Tshirts,Summer,Casual
57835,Unisex,Clutches,Summer,Casual
57836,Boys,Other,Winter,Casual
57837,Unisex,Other,Winter,Casual
57838,Unisex,Clutches,Summer,Casual
57845,Unisex,Other,Summer,Casual
57846,Women,Handbags,Summer,Casual
57847,Unisex,Other,Summer,Casual
57849,Women,Heels,Winter,Casual
57850,Women,Heels,Winter,Casual
57851,Women,Sports Shoes,Fall,Sports
57852,Women,Heels,Winter,Casual
57853,Unisex,Heels,Winter,Casual
57854,Women,Heels,Winter,Casual
57855,Women,Heels,Winter,Casual
57856,Women,Heels,Winter,Casual
57857,Women,Heels,Winter,Casual
57858,Women,Flats,Winter,Casual
57859,Boys,Deodorant,Spring,Casual
57860,Boys,Perfume and Body Mist,Spring,Casual
57861,Boys,Perfume and Body Mist,Spring,Casual
57862,Boys,Perfume and Body Mist,Spring,Casual
57863,Boys,Perfume and Body Mist,Summer,Casual
57864,Boys,Deodorant,Spring,Casual
57865,Boys,Perfume and Body Mist,Spring,Casual
57866,Unisex,Briefs,Summer,Casual
57867,Boys,Perfume and Body Mist,Spring,Casual
57868,Boys,Perfume and Body Mist,Spring,Casual
57869,Boys,Other,Spring,Casual
57870,Boys,Perfume and Body Mist,Spring,Casual
57871,Men,Perfume and Body Mist,Spring,Casual
57872,Boys,Perfume and Body Mist,Spring,Casual
57873,Boys,Sweaters,Spring,Casual
57874,Boys,Handbags,Summer,Casual
57875,Boys,Perfume and Body Mist,Spring,Casual
57876,Men,Perfume and Body Mist,Spring,Ethnic
57877,Boys,Perfume and Body Mist,Spring,Casual
57878,Boys,Other,Summer,Casual
57879,Unisex,Briefs,Summer,Casual
57880,Boys,Wallets,Spring,Casual
57881,Women,Perfume and Body Mist,Spring,Casual
57883,Boys,Perfume and Body Mist,Spring,Casual
57884,Boys,Tshirts,Spring,Casual
57885,Unisex,Perfume and Body Mist,Summer,Casual
57886,Boys,Tshirts,Spring,Casual
57887,Boys,Perfume and Body Mist,Spring,Casual
57888,Unisex,Briefs,Summer,Casual
57889,Unisex,Perfume and Body Mist,Spring,Casual
57890,Men,Wallets,Winter,Sports
57891,Men,Other,Spring,Sports
57892,Unisex,Perfume and Body Mist,Winter,Casual
57893,Men,Other,Summer,Casual
57894,Women,Leggings,Summer,Ethnic
57895,Women,Kurtis,Summer,Ethnic
57896,Men,Shorts,Summer,Casual
57897,Women,Dresses,Summer,Casual
57898,Women,Tops,Summer,Casual
57899,Women,Leggings,Summer,Casual
57906,Women,Socks,Summer,Casual
57907,Unisex,Socks,Summer,Sports
57908,Women,Socks,Summer,Casual
57909,Unisex,Socks,Summer,Sports
57910,Unisex,Socks,Summer,Sports
57911,Men,Socks,Summer,Sports
57912,Men,Socks,Summer,Formal
57913,Unisex,Socks,Summer,Sports
57914,Women,Socks,Summer,Casual
57915,Men,Socks,Fall,Sports
57916,Unisex,Socks,Fall,Formal
57917,Women,Socks,Summer,Casual
57918,Unisex,Socks,Fall,Sports
57919,Men,Socks,Summer,Sports
57920,Women,Socks,Summer,Formal
57921,Men,Socks,Summer,Casual
57922,Women,Leggings,Summer,Casual
57923,Women,Other,Summer,Casual
57924,Women,Leggings,Summer,Ethnic
57925,Women,Leggings,Summer,Casual
57930,Men,Tshirts,Summer,Casual
57931,Men,Tshirts,Summer,Casual
57932,Men,Tshirts,Summer,Casual
57933,Men,Tshirts,Summer,Formal
57934,Men,Casual Shoes,Winter,Casual
57935,Men,Casual Shoes,Summer,Sports
57936,Men,Casual Shoes,Summer,Sports
57937,Men,Sports Shoes,Fall,Sports
57938,Men,Sports Sandals,Winter,Casual
57939,Men,Casual Shoes,Winter,Formal
57940,Unisex,Flip Flops,Summer,Sports
57941,Men,Casual Shoes,Winter,Formal
57942,Men,Casual Shoes,Winter,Formal
57943,Men,Casual Shoes,Winter,Formal
57944,Men,Sandals,Summer,Formal
57945,Men,Sandals,Winter,Formal
57946,Men,Casual Shoes,Winter,Formal
57947,Men,Casual Shoes,Winter,Formal
57948,Men,Casual Shoes,Winter,Formal
57949,Men,Casual Shoes,Fall,Formal
57950,Men,Formal Shoes,Winter,Formal
57952,Women,Sarees,Winter,Ethnic
57953,Women,Sarees,Summer,Ethnic
57954,Women,Sarees,Summer,Ethnic
57956,Women,Sarees,Fall,Ethnic
57957,Women,Sarees,Summer,Ethnic
57958,Women,Sarees,Fall,Ethnic
57959,Men,Backpacks,Summer,Ethnic
57960,Women,Sarees,Fall,Ethnic
57961,Women,Sarees,Summer,Ethnic
57962,Women,Watches,Summer,Ethnic
57963,Women,Sarees,Fall,Ethnic
57964,Women,Dresses,Summer,Ethnic
57965,Women,Sarees,Summer,Ethnic
57966,Women,Sarees,Summer,Ethnic
57967,Women,Sarees,Fall,Ethnic
57968,Women,Sarees,Summer,Ethnic
57969,Women,Sarees,Summer,Ethnic
57970,Women,Heels,Fall,Ethnic
57971,Women,Sarees,Fall,Ethnic
57972,Women,Free Gifts,Summer,Ethnic
57973,Women,Sarees,Summer,Ethnic
57974,Women,Sarees,Summer,Ethnic
57975,Women,Sarees,Summer,Ethnic
57976,Women,Dresses,Summer,Ethnic
57980,Girls,Tops,Summer,Casual
57981,Women,Tops,Summer,Casual
57982,Women,Tops,Summer,Casual
57983,Women,Tshirts,Summer,Casual
57985,Women,Tops,Summer,Casual
57986,Women,Dresses,Summer,Ethnic
57987,Women,Dresses,Summer,Casual
57988,Women,Tops,Summer,Casual
57989,Women,Dresses,Summer,Casual
57990,Women,Dresses,Summer,Ethnic
57991,Women,Other,Summer,Ethnic
57992,Women,Shirts,Summer,Casual
57993,Women,Dresses,Summer,Ethnic
57994,Women,Dresses,Summer,Ethnic
57995,Women,Dresses,Summer,Casual
57996,Women,Dupatta,Summer,Ethnic
57997,Women,Dresses,Summer,Casual
57998,Women,Dresses,Summer,Ethnic
57999,Women,Dresses,Summer,Casual
58000,Women,Dresses,Summer,Casual
58001,Women,Tunics,Summer,Casual
58002,Women,Dresses,Summer,Casual
58003,Women,Dresses,Summer,Casual
58004,Women,Tops,Summer,Casual
58005,Women,Tops,Summer,Casual
58006,Women,Tops,Summer,Casual
58007,Women,Tops,Summer,Casual
58008,Women,Tops,Summer,Casual
58009,Women,Tops,Summer,Casual
58010,Women,Tops,Summer,Casual
58011,Women,Tops,Summer,Casual
58012,Women,Tops,Summer,Casual
58013,Women,Tops,Summer,Casual
58014,Women,Tops,Summer,Casual
58015,Women,Tops,Summer,Casual
58016,Women,Earrings,Summer,Ethnic
58017,Women,Earrings,Summer,Casual
58018,Women,Earrings,Summer,Casual
58020,Women,Earrings,Winter,Casual
58022,Women,Earrings,Summer,Ethnic
58023,Women,Earrings,Summer,Ethnic
58024,Women,Earrings,Summer,Ethnic
58027,Women,Earrings,Summer,Ethnic
58028,Women,Earrings,Summer,Ethnic
58030,Women,Earrings,Winter,Ethnic
58032,Women,Earrings,Summer,Ethnic
58035,Women,Casual Shoes,Fall,Sports
58037,Women,Earrings,Summer,Casual
58039,Women,Earrings,Winter,Casual
58041,Women,Earrings,Spring,Ethnic
58042,Men,Earrings,Summer,Casual
58044,Women,Earrings,Summer,Casual
58045,Men,Earrings,Summer,Casual
58046,Boys,Earrings,Summer,Sports
58049,Women,Earrings,Summer,Casual
58050,Girls,Earrings,Summer,Casual
58051,Boys,Earrings,Summer,Casual
58052,Women,Earrings,Summer,Casual
58053,Women,Earrings,Summer,Ethnic
58057,Women,Earrings,Summer,Casual
58058,Unisex,Caps,Summer,Sports
58059,Women,Earrings,Summer,Ethnic
58060,Women,Earrings,Summer,Casual
58061,Girls,Earrings,Summer,Casual
58062,Women,Earrings,Winter,Ethnic
58063,Women,Earrings,Summer,Ethnic
58071,Women,Earrings,Summer,Casual
58072,Women,Earrings,Summer,Casual
58073,Women,Earrings,Summer,Ethnic
58074,Women,Earrings,Summer,Ethnic
58075,Women,Earrings,Winter,Ethnic
58076,Women,Earrings,Summer,Ethnic
58078,Women,Earrings,Summer,Ethnic
58085,Boys,Earrings,Winter,Casual
58086,Boys,Earrings,Winter,Casual
58087,Boys,Earrings,Summer,Casual
58093,Women,Earrings,Summer,Casual
58096,Boys,Pendant,Summer,Ethnic
58097,Boys,Ring,Summer,Casual
58098,Boys,Pendant,Summer,Casual
58099,Boys,Pendant,Winter,Casual
58100,Women,Shirts,Summer,Casual
58104,Women,Ring,Summer,Casual
58107,Women,Earrings,Winter,Ethnic
58108,Women,Earrings,Winter,Casual
58109,Women,Earrings,Summer,Casual
58110,Women,Earrings,Winter,Ethnic
58111,Women,Earrings,Winter,Ethnic
58112,Women,Earrings,Winter,Casual
58115,Women,Other,Summer,Casual
58116,Women,Other,Summer,Ethnic
58117,Women,Pendant,Winter,Casual
58118,Women,Other,Winter,Ethnic
58121,Girls,Earrings,Winter,Ethnic
58123,Women,Earrings,Winter,Ethnic
58128,Women,Earrings,Winter,Ethnic
58129,Girls,Earrings,Summer,Casual
58131,Women,Earrings,Summer,Ethnic
58132,Women,Earrings,Summer,Ethnic
58133,Girls,Earrings,Summer,Ethnic
58135,Women,Earrings,Summer,Casual
58136,Girls,Earrings,Winter,Casual
58137,Women,Earrings,Winter,Casual
58138,Women,Bangle,Summer,Casual
58139,Women,Other,Summer,Casual
58140,Women,Earrings,Summer,Ethnic
58141,Women,Earrings,Summer,Ethnic
58143,Unisex,Backpacks,Fall,Casual
58144,Unisex,Backpacks,Summer,Casual
58145,Unisex,Backpacks,Spring,Sports
58146,Unisex,Backpacks,Summer,Sports
58147,Men,Socks,Summer,Casual
58148,Unisex,Caps,Summer,Casual
58149,Girls,Caps,Summer,Sports
58150,Unisex,Caps,Summer,Sports
58151,Unisex,Caps,Summer,Casual
58152,Unisex,Caps,Summer,Sports
58153,Unisex,Caps,Summer,Casual
58154,Unisex,Caps,Summer,Sports
58155,Women,Handbags,Summer,Casual
58156,Women,Handbags,Summer,Sports
58157,Men,Handbags,Summer,Casual
58158,Women,Kurta Sets,Summer,Ethnic
58159,Women,Wallets,Winter,Casual
58160,Women,Clutches,Summer,Casual
58161,Unisex,Wallets,Summer,Casual
58162,Women,Wallets,Summer,Casual
58163,Women,Wallets,Summer,Casual
58164,Unisex,Wallets,Summer,Casual
58165,Women,Wallets,Summer,Casual
58166,Women,Wallets,Summer,Casual
58167,Girls,Clutches,Summer,Casual
58168,Men,Clutches,Summer,Casual
58169,Women,Clutches,Winter,Casual
58170,Unisex,Clutches,Summer,Casual
58171,Women,Handbags,Winter,Casual
58172,Women,Handbags,Summer,Casual
58173,Women,Handbags,Winter,Casual
58174,Women,Handbags,Summer,Casual
58175,Women,Handbags,Winter,Casual
58176,Women,Handbags,Summer,Casual
58177,Women,Handbags,Summer,Casual
58178,Unisex,Handbags,Summer,Casual
58179,Women,Handbags,Summer,Casual
58180,Women,Handbags,Summer,Casual
58181,Girls,Handbags,Summer,Casual
58182,Women,Handbags,Summer,Casual
58183,Women,Handbags,Summer,Casual
58184,Women,Handbags,Summer,Casual
58185,Women,Handbags,Summer,Casual
58186,Women,Handbags,Summer,Casual
58187,Unisex,Handbags,Winter,Sports
58188,Women,Handbags,Summer,Casual
58189,Unisex,Handbags,Summer,Casual
58190,Women,Handbags,Winter,Casual
58191,Women,Handbags,Winter,Casual
58194,Women,Handbags,Winter,Casual
58195,Unisex,Handbags,Summer,Sports
58196,Women,Handbags,Summer,Casual
58200,Men,Casual Shoes,Summer,Formal
58201,Unisex,Wallets,Summer,Casual
58202,Men,Belts,Summer,Formal
58203,Men,Belts,Summer,Formal
58204,Men,Belts,Summer,Formal
58205,Men,Belts,Summer,Formal
58206,Unisex,Belts,Summer,Casual
58207,Men,Belts,Summer,Formal
58208,Men,Belts,Summer,Casual
58209,Women,Other,Summer,Ethnic
58210,Women,Other,Summer,Ethnic
58211,Women,Shorts,Summer,Ethnic
58212,Women,Other,Summer,Ethnic
58213,Women,Other,Summer,Ethnic
58214,Women,Other,Summer,Ethnic
58215,Women,Other,Summer,Ethnic
58216,Women,Other,Summer,Ethnic
58218,Women,Watches,Summer,Ethnic
58220,Women,Other,Summer,Ethnic
58222,Women,Jeans,Summer,Casual
58225,Women,Tops,Summer,Casual
58226,Men,Sandals,Summer,Casual
58227,Men,Sandals,Summer,Casual
58229,Men,Sandals,Summer,Formal
58231,Women,Flats,Summer,Casual
58232,Men,Flip Flops,Summer,Casual
58233,Unisex,Wallets,Summer,Casual
58234,Unisex,Wallets,Summer,Casual
58235,Unisex,Wallets,Winter,Casual
58236,Women,Wallets,Summer,Casual
58237,Women,Wallets,Summer,Casual
58238,Women,Wallets,Summer,Casual
58239,Women,Clutches,Summer,Casual
58240,Women,Clutches,Summer,Casual
58241,Women,Wallets,Summer,Casual
58242,Unisex,Wallets,Summer,Casual
58243,Unisex,Wallets,Summer,Casual
58244,Boys,Wallets,Summer,Casual
58245,Women,Wallets,Summer,Casual
58246,Women,Wallets,Summer,Casual
58247,Women,Wallets,Summer,Casual
58248,Women,Wallets,Summer,Casual
58249,Women,Wallets,Summer,Casual
58250,Women,Wallets,Summer,Casual
58251,Women,Wallets,Summer,Casual
58252,Unisex,Wallets,Summer,Casual
58253,Unisex,Wallets,Summer,Casual
58254,Women,Wallets,Winter,Casual
58255,Women,Wallets,Summer,Casual
58256,Women,Clutches,Summer,Casual
58257,Unisex,Wallets,Summer,Casual
58258,Girls,Wallets,Summer,Casual
58259,Unisex,Wallets,Summer,Casual
58260,Unisex,Wallets,Summer,Casual
58261,Unisex,Wallets,Summer,Casual
58262,Women,Clutches,Summer,Casual
58263,Women,Clutches,Summer,Casual
58264,Women,Handbags,Winter,Casual
58265,Women,Handbags,Winter,Casual
58266,Women,Handbags,Winter,Casual
58267,Women,Handbags,Winter,Casual
58268,Women,Handbags,Winter,Casual
58269,Women,Handbags,Winter,Casual
58270,Women,Clutches,Winter,Casual
58271,Women,Handbags,Summer,Casual
58272,Women,Wallets,Summer,Casual
58273,Unisex,Handbags,Summer,Casual
58274,Women,Handbags,Summer,Casual
58275,Girls,Handbags,Summer,Casual
58276,Women,Handbags,Summer,Casual
58277,Unisex,Handbags,Winter,Casual
58278,Women,Handbags,Winter,Casual
58279,Women,Handbags,Summer,Casual
58280,Women,Handbags,Summer,Sports
58281,Unisex,Wallets,Winter,Casual
58282,Unisex,Wallets,Winter,Sports
58283,Women,Clutches,Winter,Casual
58284,Women,Clutches,Summer,Casual
58286,Unisex,Briefs,Summer,Casual
58291,Men,Socks,Summer,Sports
58292,Men,Socks,Summer,Formal
58293,Unisex,Socks,Summer,Formal
58294,Unisex,Socks,Summer,Sports
58295,Unisex,Socks,Summer,Sports
58296,Men,Socks,Summer,Sports
58297,Men,Socks,Summer,Sports
58298,Men,Socks,Summer,Sports
58299,Unisex,Socks,Summer,Sports
58300,Women,Socks,Summer,Formal
58301,Unisex,Socks,Winter,Sports
58304,Unisex,Socks,Summer,Formal
58305,Men,Socks,Summer,Casual
58306,Unisex,Socks,Summer,Formal
58307,Men,Socks,Summer,Sports
58308,Unisex,Socks,Summer,Sports
58309,Men,Socks,Summer,Formal
58310,Men,Socks,Summer,Formal
58311,Unisex,Socks,Summer,Casual
58312,Men,Socks,Summer,Formal
58313,Men,Socks,Summer,Sports
58314,Men,Socks,Summer,Sports
58315,Men,Socks,Summer,Sports
58316,Men,Socks,Summer,Sports
58317,Girls,Socks,Summer,Sports
58318,Men,Socks,Summer,Sports
58319,Men,Socks,Fall,Sports
58320,Women,Socks,Summer,Casual
58321,Men,Socks,Summer,Sports
58322,Unisex,Socks,Summer,Sports
58323,Unisex,Socks,Summer,Formal
58324,Men,Flip Flops,Summer,Formal
58325,Women,Flip Flops,Summer,Sports
58326,Women,Heels,Winter,Casual
58327,Women,Flip Flops,Winter,Casual
58328,Unisex,Flip Flops,Summer,Casual
58329,Men,Flip Flops,Summer,Sports
58330,Men,Flip Flops,Summer,Formal
58331,Men,Flip Flops,Summer,Sports
58332,Men,Flip Flops,Summer,Formal
58333,Men,Flip Flops,Fall,Sports
58334,Men,Flip Flops,Winter,Casual
58335,Men,Flip Flops,Summer,Casual
58336,Men,Flip Flops,Summer,Sports
58337,Women,Heels,Winter,Sports
58338,Women,Heels,Fall,Casual
58339,Women,Flip Flops,Fall,Casual
58340,Women,Flip Flops,Fall,Casual
58349,Men,Tshirts,Summer,Sports
58351,Men,Tshirts,Summer,Casual
58357,Men,Tshirts,Summer,Casual
58358,Men,Tshirts,Summer,Casual
58372,Women,Tshirts,Summer,Casual
58375,Men,Tshirts,Fall,Casual
58381,Men,Tshirts,Summer,Casual
58385,Men,Tshirts,Summer,Casual
58394,Men,Shirts,Summer,Casual
58395,Men,Shirts,Summer,Sports
58411,Men,Jeans,Summer,Sports
58418,Women,Jeans,Summer,Casual
58425,Women,Kurtas,Summer,Ethnic
58439,Women,Kurtas,Summer,Smart Casual
58444,Women,Watches,Winter,Casual
58445,Women,Watches,Winter,Smart Casual
58446,Women,Kurtis,Fall,Ethnic
58447,Men,Watches,Winter,Formal
58448,Men,Watches,Winter,Casual
58449,Men,Watches,Winter,Casual
58450,Men,Watches,Winter,Casual
58451,Men,Watches,Winter,Smart Casual
58452,Men,Watches,Winter,Casual
58453,Men,Watches,Winter,Smart Casual
58454,Unisex,Watches,Winter,Sports
58455,Women,Watches,Winter,Casual
58456,Men,Watches,Winter,Smart Casual
58458,Boys,Tshirts,Summer,Casual
58459,Girls,Tshirts,Summer,Casual
58460,Boys,Tshirts,Summer,Casual
58463,Men,Belts,Summer,Formal
58464,Men,Belts,Summer,Formal
58465,Men,Belts,Summer,Formal
58466,Unisex,Belts,Summer,Formal
58467,Men,Belts,Summer,Casual
58468,Men,Belts,Summer,Casual
58470,Unisex,Wallets,Summer,Casual
58471,Men,Wallets,Summer,Casual
58472,Unisex,Wallets,Summer,Casual
58473,Unisex,Wallets,Summer,Casual
58474,Unisex,Wallets,Summer,Casual
58475,Men,Wallets,Summer,Casual
58476,Unisex,Wallets,Summer,Casual
58477,Men,Wallets,Summer,Smart Casual
58478,Men,Wallets,Summer,Smart Casual
58479,Unisex,Wallets,Summer,Casual
58480,Unisex,Wallets,Summer,Casual
58481,Unisex,Wallets,Summer,Casual
58482,Unisex,Wallets,Summer,Casual
58483,Men,Wallets,Summer,Casual
58484,Unisex,Wallets,Summer,Casual
58485,Unisex,Wallets,Summer,Casual
58486,Men,Wallets,Summer,Casual
58487,Men,Wallets,Summer,Casual
58488,Women,Heels,Winter,Casual
58489,Women,Dresses,Summer,Casual
58490,Women,Other,Summer,Casual
58491,Women,Shorts,Summer,Casual
58492,Women,Dresses,Summer,Ethnic
58493,Women,Dresses,Summer,Casual
58494,Women,Free Gifts,Fall,Casual
58495,Women,Tops,Summer,Casual
58496,Women,Shirts,Summer,Casual
58497,Women,Other,Summer,Ethnic
58498,Women,Kurtas,Summer,Casual
58499,Women,Tops,Summer,Casual
58500,Women,Other,Summer,Ethnic
58501,Women,Dresses,Summer,Casual
58502,Women,Kurta Sets,Summer,Ethnic
58503,Women,Shirts,Summer,Casual
58504,Women,Dresses,Summer,Ethnic
58505,Women,Other,Summer,Casual
58506,Women,Dresses,Summer,Ethnic
58507,Women,Tops,Summer,Casual
58508,Women,Tops,Summer,Casual
58509,Women,Other,Summer,Ethnic
58510,Women,Tops,Summer,Casual
58511,Women,Shirts,Summer,Casual
58512,Women,Tops,Summer,Casual
58513,Women,Tops,Summer,Casual
58514,Women,Tshirts,Summer,Casual
58515,Women,Tops,Summer,Casual
58516,Women,Sweatshirts,Summer,Casual
58517,Women,Shirts,Summer,Casual
58518,Women,Tops,Summer,Casual
58519,Women,Necklace and Chains,Winter,Sports
58520,Women,Dresses,Summer,Casual
58521,Unisex,Backpacks,Summer,Sports
58522,Unisex,Handbags,Winter,Sports
58523,Unisex,Clutches,Summer,Casual
58524,Unisex,Other,Spring,Casual
58525,Unisex,Clutches,Summer,Casual
58526,Men,Shirts,Summer,Casual
58527,Unisex,Sunglasses,Winter,Casual
58528,Unisex,Sunglasses,Winter,Casual
58529,Men,Sunglasses,Winter,Casual
58530,Unisex,Sunglasses,Winter,Casual
58531,Unisex,Sunglasses,Winter,Casual
58532,Unisex,Sunglasses,Winter,Casual
58533,Unisex,Sunglasses,Winter,Casual
58534,Unisex,Sunglasses,Winter,Casual
58535,Unisex,Sunglasses,Winter,Casual
58536,Men,Sunglasses,Winter,Casual
58537,Unisex,Sunglasses,Winter,Casual
58538,Unisex,Sunglasses,Winter,Casual
58539,Unisex,Sunglasses,Winter,Casual
58540,Women,Sunglasses,Winter,Casual
58541,Women,Sunglasses,Winter,Casual
58542,Women,Sunglasses,Winter,Casual
58543,Women,Sunglasses,Winter,Casual
58544,Unisex,Sunglasses,Winter,Casual
58545,Women,Sunglasses,Winter,Casual
58546,Women,Sunglasses,Winter,Casual
58547,Men,Sunglasses,Winter,Casual
58548,Women,Sunglasses,Winter,Casual
58549,Women,Sunglasses,Winter,Casual
58550,Women,Sunglasses,Winter,Casual
58551,Women,Sunglasses,Winter,Casual
58552,Unisex,Sunglasses,Winter,Casual
58553,Women,Sunglasses,Winter,Casual
58555,Men,Formal Shoes,Winter,Formal
58559,Men,Tshirts,Summer,Casual
58560,Women,Other,Summer,Formal
58561,Women,Trousers,Summer,Formal
58562,Women,Jeans,Summer,Sports
58563,Men,Shirts,Fall,Casual
58565,Men,Shirts,Summer,Casual
58566,Men,Shirts,Summer,Casual
58567,Men,Sarees,Summer,Formal
58569,Men,Tshirts,Summer,Casual
58570,Men,Shirts,Summer,Casual
58571,Men,Shorts,Summer,Sports
58573,Women,Tshirts,Summer,Sports
58574,Women,Tops,Summer,Casual
58576,Women,Tshirts,Summer,Casual
58577,Men,Tshirts,Summer,Casual
58581,Women,Earrings,Winter,Casual
58586,Women,Necklace and Chains,Summer,Casual
58588,Women,Pendant,Winter,Formal
58589,Women,Necklace and Chains,Summer,Casual
58590,Women,Necklace and Chains,Fall,Sports
58591,Women,Necklace and Chains,Winter,Casual
58600,Girls,Necklace and Chains,Summer,Casual
58603,Boys,Earrings,Summer,Sports
58605,Women,Earrings,Summer,Casual
58606,Women,Earrings,Winter,Ethnic
58607,Women,Earrings,Winter,Casual
58608,Women,Earrings,Winter,Casual
58609,Women,Earrings,Winter,Ethnic
58610,Girls,Earrings,Summer,Casual
58611,Boys,Earrings,Summer,Casual
58612,Boys,Earrings,Summer,Casual
58614,Boys,Other,Winter,Casual
58615,Boys,Other,Summer,Casual
58616,Girls,Earrings,Summer,Casual
58618,Women,Earrings,Summer,Casual
58619,Women,Earrings,Summer,Casual
58620,Women,Earrings,Summer,Ethnic
58621,Boys,Earrings,Spring,Casual
58622,Women,Trunk,Summer,Casual
58624,Unisex,Caps,Fall,Casual
58625,Boys,Bracelet,Winter,Casual
58626,Unisex,Belts,Summer,Sports
58627,Unisex,Belts,Summer,Sports
58628,Unisex,Belts,Summer,Casual
58629,Unisex,Sandals,Summer,Casual
58634,Women,Socks,Winter,Sports
58635,Men,Socks,Summer,Casual
58636,Unisex,Socks,Summer,Sports
58637,Unisex,Socks,Summer,Formal
58638,Unisex,Socks,Summer,Casual
58639,Men,Socks,Summer,Sports
58640,Unisex,Socks,Summer,Sports
58641,Unisex,Socks,Summer,Formal
58642,Unisex,Socks,Summer,Sports
58643,Women,Tunics,Summer,Ethnic
58644,Women,Other,Summer,Ethnic
58645,Women,Kurtas,Summer,Ethnic
58646,Women,Dresses,Summer,Casual
58647,Women,Tops,Summer,Ethnic
58648,Women,Kurtas,Summer,Ethnic
58652,Women,Kurtas,Summer,Ethnic
58653,Women,Kurtas,Summer,Ethnic
58654,Women,Kurtas,Summer,Ethnic
58655,Women,Kurtas,Summer,Ethnic
58656,Women,Kurtas,Summer,Ethnic
58657,Women,Kurtas,Summer,Ethnic
58658,Women,Kurtas,Summer,Ethnic
58659,Women,Kurtas,Summer,Ethnic
58660,Women,Kurtas,Summer,Ethnic
58661,Women,Kurtas,Summer,Ethnic
58662,Women,Kurtas,Summer,Ethnic
58663,Women,Kurtas,Summer,Ethnic
58664,Women,Kurtas,Summer,Ethnic
58666,Women,Tunics,Summer,Ethnic
58667,Women,Kurtas,Summer,Ethnic
58668,Women,Sunglasses,Summer,Ethnic
58669,Women,Kurtas,Summer,Ethnic
58670,Women,Dresses,Summer,Ethnic
58671,Women,Kurtas,Summer,Ethnic
58672,Women,Kurtas,Summer,Ethnic
58673,Women,Kurtas,Summer,Ethnic
58674,Women,Kurtas,Summer,Ethnic
58675,Women,Kurtas,Summer,Ethnic
58676,Women,Kurtas,Summer,Ethnic
58677,Women,Kurtas,Summer,Ethnic
58678,Women,Kurtas,Summer,Ethnic
58680,Women,Tops,Summer,Ethnic
58681,Women,Kurtas,Summer,Ethnic
58682,Women,Kurtas,Summer,Ethnic
58683,Women,Kurtas,Summer,Ethnic
58684,Women,Kurtas,Summer,Ethnic
58685,Women,Dresses,Summer,Ethnic
58686,Women,Tunics,Summer,Ethnic
58687,Women,Shirts,Summer,Ethnic
58689,Women,Kurtas,Summer,Ethnic
58690,Women,Tunics,Summer,Ethnic
58691,Women,Tunics,Summer,Ethnic
58692,Women,Kurtas,Summer,Ethnic
58693,Women,Kurtas,Summer,Ethnic
58694,Women,Kurtas,Summer,Ethnic
58695,Women,Kurtas,Summer,Ethnic
58696,Women,Kurtas,Summer,Ethnic
58698,Women,Dresses,Summer,Ethnic
58700,Women,Kurtas,Summer,Ethnic
58701,Women,Kurtas,Summer,Ethnic
58702,Women,Other,Summer,Ethnic
58703,Women,Dresses,Summer,Ethnic
58718,Women,Kurtas,Summer,Ethnic
58719,Women,Kurtas,Summer,Ethnic
58720,Men,Tshirts,Summer,Casual
58722,Men,Tshirts,Summer,Casual
58723,Men,Tshirts,Summer,Casual
58724,Men,Tshirts,Summer,Casual
58725,Men,Tshirts,Summer,Casual
58726,Men,Tshirts,Summer,Casual
58727,Women,Tshirts,Summer,Casual
58728,Women,Tops,Summer,Casual
58729,Women,Tshirts,Summer,Casual
58730,Women,Tops,Summer,Casual
58731,Women,Tops,Summer,Casual
58732,Men,Tshirts,Summer,Casual
58734,Men,Tshirts,Fall,Sports
58735,Women,Tops,Summer,Casual
58736,Women,Shorts,Summer,Ethnic
58737,Women,Tops,Summer,Casual
58738,Women,Tops,Summer,Casual
58740,Men,Shirts,Summer,Casual
58741,Men,Tshirts,Summer,Casual
58742,Men,Tshirts,Summer,Casual
58743,Men,Tshirts,Summer,Casual
58744,Men,Tshirts,Summer,Casual
58745,Men,Tshirts,Summer,Sports
58765,Men,Shirts,Summer,Casual
58770,Men,Shirts,Summer,Casual
58793,Men,Shirts,Summer,Formal
58794,Men,Shirts,Summer,Formal
58795,Men,Shirts,Summer,Casual
58796,Men,Shirts,Summer,Casual
58797,Men,Shirts,Summer,Casual
58798,Men,Jackets,Summer,Formal
58800,Men,Shirts,Summer,Casual
58801,Men,Shirts,Fall,Casual
58802,Men,Shirts,Summer,Formal
58805,Men,Shirts,Fall,Casual
58807,Women,Jackets,Summer,Casual
58808,Men,Shirts,Summer,Casual
58809,Men,Shirts,Fall,Formal
58810,Men,Shirts,Summer,Casual
58815,Women,Casual Shoes,Winter,Casual
58816,Women,Casual Shoes,Winter,Casual
58817,Women,Heels,Winter,Casual
58818,Women,Casual Shoes,Winter,Casual
58819,Women,Casual Shoes,Winter,Casual
58820,Men,Sandals,Summer,Sports
58821,Men,Watches,Winter,Smart Casual
58822,Men,Watches,Winter,Smart Casual
58823,Men,Watches,Winter,Casual
58825,Men,Watches,Winter,Formal
58827,Men,Watches,Winter,Smart Casual
58828,Women,Watches,Winter,Smart Casual
58829,Women,Watches,Winter,Casual
58830,Men,Watches,Winter,Casual
58831,Women,Watches,Winter,Casual
58832,Women,Watches,Winter,Sports
58833,Women,Other,Summer,Casual
58834,Unisex,Other,Summer,Casual
58835,Girls,Other,Summer,Casual
58836,Unisex,Other,Summer,Casual
58837,Boys,Other,Winter,Casual
58838,Men,Other,Winter,Casual
58839,Men,Other,Summer,Casual
58840,Women,Earrings,Winter,Casual
58841,Boys,Other,Summer,Casual
58842,Boys,Other,Summer,Casual
58843,Men,Other,Winter,Casual
58844,Boys,Other,Winter,Casual
58845,Unisex,Other,Winter,Casual
58846,Women,Other,Winter,Casual
58847,Boys,Other,Summer,Casual
58848,Women,Other,Winter,Sports
58849,Girls,Other,Winter,Casual
58850,Unisex,Other,Summer,Sports
58851,Men,Other,Summer,Casual
58852,Boys,Other,Winter,Sports
58853,Boys,Other,Winter,Casual
58854,Girls,Other,Summer,Casual
58855,Boys,Other,Winter,Casual
58856,Unisex,Other,Summer,Sports
58857,Boys,Other,Summer,Casual
58858,Unisex,Other,Summer,Casual
58859,Women,Other,Winter,Casual
58860,Women,Other,Winter,Casual
58861,Women,Other,Winter,Casual
58862,Women,Other,Summer,Casual
58863,Men,Other,Winter,Formal
58864,Boys,Other,Winter,Casual
58865,Men,Other,Winter,Sports
58867,Boys,Earrings,Winter,Casual
58868,Women,Earrings,Winter,Casual
58869,Men,Other,Winter,Casual
58870,Women,Other,Summer,Casual
58871,Boys,Other,Summer,Casual
58872,Men,Ties,Summer,Formal
58873,Men,Ties,Summer,Formal
58874,Men,Ties,Summer,Formal
58875,Men,Ties,Summer,Formal
58876,Men,Ties,Summer,Formal
58877,Men,Ties,Summer,Formal
58878,Men,Ties,Summer,Formal
58879,Women,Ties,Summer,Formal
58880,Women,Ties,Winter,Casual
58881,Men,Ties,Summer,Formal
58882,Men,Ties,Summer,Formal
58883,Men,Ties,Summer,Formal
58884,Women,Ties,Summer,Formal
58885,Women,Ties,Summer,Formal
58886,Women,Ties,Summer,Formal
58887,Women,Ties,Winter,Casual
58888,Women,Ties,Summer,Formal
58889,Men,Ties,Summer,Formal
58890,Women,Ties,Summer,Formal
58891,Women,Ties,Summer,Formal
58892,Men,Ties,Summer,Formal
58893,Men,Ties,Summer,Formal
58894,Men,Ties,Summer,Formal
58895,Men,Ties,Summer,Formal
58896,Men,Ties,Summer,Formal
58897,Men,Ties,Summer,Formal
58898,Men,Ties,Summer,Formal
58899,Men,Ties,Summer,Formal
58900,Men,Ties,Summer,Formal
58901,Men,Ties,Summer,Formal
58902,Women,Ties,Summer,Formal
58903,Men,Ties,Summer,Formal
58904,Men,Ties,Summer,Formal
58905,Women,Ties,Summer,Formal
58906,Men,Ties,Summer,Formal
58907,Women,Ties,Summer,Formal
58908,Men,Ties,Summer,Formal
58909,Men,Ties,Summer,Formal
58910,Men,Ties,Summer,Formal
58911,Men,Ties,Summer,Formal
58912,Men,Ties,Summer,Formal
58913,Women,Ties,Summer,Formal
58914,Men,Ties,Summer,Formal
58915,Men,Ties,Summer,Formal
58916,Women,Ties,Summer,Formal
58917,Men,Ties,Summer,Formal
58918,Men,Ties,Summer,Formal
58919,Men,Ties,Summer,Formal
58920,Men,Accessory Gift Set,Winter,Sports
58921,Unisex,Accessory Gift Set,Summer,Sports
58922,Unisex,Accessory Gift Set,Summer,Sports
58923,Men,Accessory Gift Set,Winter,Sports
58924,Men,Accessory Gift Set,Winter,Sports
58925,Unisex,Handbags,Summer,Casual
58926,Women,Handbags,Winter,Casual
58928,Women,Laptop Bag,Summer,Casual
58931,Unisex,Clutches,Summer,Casual
58932,Unisex,Clutches,Summer,Casual
58934,Men,Watches,Winter,Casual
58935,Men,Watches,Winter,Casual
58937,Men,Watches,Winter,Smart Casual
58939,Men,Watches,Winter,Casual
58940,Men,Watches,Winter,Casual
58941,Women,Watches,Winter,Casual
58942,Women,Watches,Winter,Casual
58943,Women,Deodorant,Spring,Casual
58944,Women,Perfume and Body Mist,Spring,Casual
58945,Women,Perfume and Body Mist,Spring,Casual
58946,Women,Perfume and Body Mist,Spring,Casual
58947,Women,Deodorant,Spring,Casual
58948,Women,Deodorant,Spring,Ethnic
58949,Girls,Deodorant,Spring,Casual
58950,Girls,Deodorant,Spring,Casual
58951,Men,Deodorant,Spring,Casual
58952,Women,Deodorant,Spring,Casual
58954,Women,Deodorant,Spring,Casual
58955,Girls,Deodorant,Spring,Casual
58956,Men,Deodorant,Spring,Casual
58958,Men,Deodorant,Spring,Casual
58959,Women,Deodorant,Spring,Casual
58960,Girls,Perfume and Body Mist,Spring,Casual
58961,Women,Perfume and Body Mist,Spring,Casual
58962,Women,Perfume and Body Mist,Spring,Casual
58963,Men,Deodorant,Spring,Casual
58964,Women,Deodorant,Spring,Ethnic
58965,Girls,Perfume and Body Mist,Spring,Casual
58966,Women,Perfume and Body Mist,Spring,Casual
58967,Women,Deodorant,Spring,Casual
58968,Women,Perfume and Body Mist,Spring,Casual
58969,Men,Deodorant,Spring,Casual
58970,Women,Perfume and Body Mist,Spring,Casual
58971,Women,Deodorant,Spring,Casual
58972,Women,Deodorant,Spring,Ethnic
58973,Women,Perfume and Body Mist,Spring,Casual
58974,Women,Deodorant,Spring,Casual
58975,Unisex,Deodorant,Spring,Casual
58976,Girls,Deodorant,Spring,Casual
58977,Women,Deodorant,Spring,Casual
58978,Men,Deodorant,Spring,Casual
58979,Girls,Deodorant,Spring,Ethnic
58980,Girls,Deodorant,Spring,Casual
58981,Girls,Deodorant,Spring,Casual
58982,Women,Deodorant,Spring,Ethnic
58983,Girls,Deodorant,Spring,Casual
58984,Women,Deodorant,Spring,Casual
58985,Men,Deodorant,Spring,Casual
58986,Women,Deodorant,Spring,Casual
58987,Women,Deodorant,Spring,Casual
58988,Women,Deodorant,Spring,Casual
58989,Men,Perfume and Body Mist,Spring,Casual
58990,Men,Perfume and Body Mist,Spring,Casual
58991,Men,Deodorant,Spring,Casual
58992,Men,Deodorant,Spring,Casual
59002,Women,Deodorant,Spring,Casual
59003,Women,Deodorant,Spring,Casual
59004,Women,Deodorant,Spring,Casual
59005,Men,Deodorant,Spring,Casual
59006,Women,Deodorant,Spring,Casual
59008,Unisex,Sports Shoes,Fall,Sports
59010,Men,Sports Shoes,Summer,Sports
59011,Men,Sports Shoes,Summer,Sports
59012,Men,Sports Shoes,Summer,Sports
59013,Men,Sports Shoes,Summer,Formal
59014,Men,Sports Shoes,Fall,Sports
59015,Men,Sports Shoes,Fall,Sports
59016,Men,Sports Shoes,Summer,Sports
59017,Men,Flip Flops,Summer,Formal
59018,Women,Heels,Winter,Sports
59019,Women,Flats,Winter,Casual
59020,Women,Heels,Winter,Casual
59021,Women,Heels,Winter,Casual
59022,Women,Heels,Winter,Casual
59023,Women,Flats,Winter,Casual
59024,Women,Flats,Winter,Casual
59025,Women,Heels,Winter,Sports
59026,Women,Heels,Winter,Casual
59027,Women,Heels,Winter,Casual
59028,Women,Heels,Winter,Casual
59029,Women,Heels,Winter,Casual
59030,Women,Flats,Winter,Casual
59031,Women,Heels,Winter,Casual
59032,Women,Heels,Winter,Casual
59033,Women,Heels,Winter,Casual
59034,Women,Heels,Winter,Casual
59035,Women,Heels,Winter,Casual
59036,Women,Flats,Winter,Casual
59037,Women,Heels,Fall,Casual
59038,Women,Flats,Winter,Casual
59039,Women,Flip Flops,Winter,Casual
59040,Women,Flats,Winter,Casual
59042,Women,Heels,Winter,Sports
59043,Women,Heels,Winter,Casual
59044,Women,Heels,Winter,Casual
59045,Women,Heels,Winter,Sports
59046,Women,Heels,Winter,Casual
59047,Women,Flats,Winter,Casual
59048,Women,Flats,Winter,Casual
59049,Women,Heels,Winter,Casual
59050,Women,Heels,Winter,Casual
59051,Unisex,Flats,Winter,Casual
59052,Women,Flats,Winter,Casual
59053,Women,Heels,Winter,Casual
59054,Women,Casual Shoes,Winter,Casual
59055,Women,Heels,Winter,Casual
59056,Women,Sports Shoes,Winter,Casual
59058,Women,Tops,Summer,Ethnic
59059,Women,Kurtas,Summer,Ethnic
59060,Women,Kurtas,Summer,Ethnic
59061,Women,Dresses,Summer,Ethnic
59062,Women,Shirts,Summer,Ethnic
59063,Women,Kurtas,Summer,Ethnic
59064,Men,Bra,Summer,Casual
59065,Women,Bra,Summer,Casual
59066,Men,Bra,Summer,Casual
59067,Women,Bra,Summer,Casual
59068,Women,Bra,Summer,Casual
59069,Men,Bra,Summer,Casual
59070,Men,Bra,Summer,Casual
59071,Men,Bra,Summer,Casual
59072,Women,Bra,Summer,Casual
59073,Women,Bra,Summer,Casual
59074,Women,Bra,Summer,Casual
59075,Women,Bra,Summer,Casual
59076,Women,Bra,Summer,Casual
59077,Women,Bra,Summer,Casual
59078,Women,Briefs,Summer,Casual
59079,Women,Briefs,Summer,Casual
59080,Women,Briefs,Summer,Casual
59081,Women,Bra,Summer,Casual
59082,Women,Bra,Summer,Casual
59083,Women,Bra,Summer,Casual
59084,Women,Bra,Summer,Casual
59085,Women,Briefs,Winter,Casual
59086,Women,Briefs,Winter,Casual
59087,Women,Bra,Summer,Casual
59088,Women,Bra,Summer,Casual
59089,Women,Briefs,Summer,Casual
59090,Women,Bra,Summer,Casual
59091,Women,Bra,Summer,Casual
59092,Men,Bra,Summer,Casual
59093,Women,Bra,Summer,Casual
59094,Women,Bra,Summer,Casual
59095,Men,Bra,Summer,Casual
59096,Women,Bra,Summer,Casual
59097,Women,Bra,Summer,Casual
59098,Women,Bra,Summer,Casual
59099,Women,Briefs,Summer,Casual
59100,Women,Briefs,Summer,Casual
59101,Women,Briefs,Summer,Casual
59102,Men,Sweatshirts,Summer,Casual
59103,Men,Jackets,Summer,Casual
59104,Men,Jackets,Summer,Casual
59105,Men,Sweatshirts,Summer,Casual
59106,Men,Shirts,Summer,Sports
59112,Men,Sweaters,Summer,Casual
59115,Men,Sweatshirts,Summer,Casual
59116,Men,Jackets,Summer,Casual
59117,Men,Shirts,Fall,Casual
59118,Men,Jackets,Summer,Sports
59119,Women,Jackets,Summer,Casual
59120,Men,Jackets,Fall,Sports
59121,Men,Jackets,Summer,Sports
59122,Men,Jackets,Summer,Casual
59123,Men,Jackets,Fall,Casual
59124,Men,Shirts,Summer,Casual
59126,Men,Shirts,Fall,Casual
59127,Women,Jackets,Summer,Casual
59128,Men,Backpacks,Summer,Casual
59129,Men,Jackets,Summer,Sports
59130,Men,Jackets,Summer,Sports
59131,Men,Shirts,Summer,Casual
59132,Men,Shirts,Summer,Casual
59133,Women,Jackets,Fall,Casual
59142,Women,Flats,Winter,Casual
59143,Women,Flats,Winter,Casual
59144,Women,Flats,Summer,Casual
59145,Women,Heels,Winter,Casual
59146,Women,Flats,Summer,Casual
59147,Women,Heels,Winter,Casual
59149,Men,Formal Shoes,Winter,Formal
59160,Men,Formal Shoes,Winter,Formal
59161,Men,Casual Shoes,Winter,Formal
59165,Women,Flats,Winter,Sports
59166,Men,Formal Shoes,Fall,Formal
59167,Men,Formal Shoes,Winter,Formal
59172,Men,Formal Shoes,Winter,Formal
59173,Men,Formal Shoes,Fall,Formal
59174,Men,Formal Shoes,Winter,Formal
59175,Men,Formal Shoes,Winter,Formal
59176,Men,Casual Shoes,Winter,Formal
59177,Men,Casual Shoes,Winter,Formal
59178,Men,Casual Shoes,Winter,Formal
59181,Men,Formal Shoes,Winter,Formal
59185,Men,Casual Shoes,Fall,Sports
59187,Unisex,Heels,Winter,Casual
59188,Women,Heels,Winter,Casual
59190,Men,Sandals,Fall,Sports
59212,Women,Heels,Winter,Casual
59213,Women,Watches,Winter,Casual
59214,Women,Watches,Winter,Smart Casual
59215,Men,Watches,Winter,Smart Casual
59216,Women,Watches,Winter,Casual
59217,Women,Watches,Winter,Casual
59218,Men,Socks,Summer,Sports
59219,Men,Watches,Fall,Casual
59220,Women,Watches,Winter,Casual
59221,Women,Watches,Winter,Casual
59222,Women,Watches,Winter,Ethnic
59223,Women,Watches,Winter,Casual
59224,Women,Watches,Winter,Casual
59225,Women,Watches,Winter,Smart Casual
59226,Women,Watches,Winter,Ethnic
59227,Women,Watches,Winter,Smart Casual
59228,Women,Watches,Winter,Ethnic
59229,Men,Free Gifts,Winter,Casual
59230,Men,Watches,Winter,Smart Casual
59231,Men,Watches,Winter,Casual
59232,Men,Watches,Winter,Casual
59233,Men,Watches,Winter,Casual
59235,Men,Watches,Winter,Casual
59236,Men,Watches,Winter,Smart Casual
59237,Unisex,Watches,Winter,Casual
59238,Unisex,Watches,Winter,Casual
59239,Men,Watches,Winter,Casual
59240,Men,Watches,Winter,Casual
59241,Men,Watches,Winter,Sports
59242,Men,Watches,Winter,Casual
59243,Men,Watches,Winter,Smart Casual
59244,Men,Watches,Winter,Casual
59245,Men,Watches,Winter,Casual
59246,Men,Watches,Winter,Casual
59247,Women,Watches,Winter,Casual
59248,Men,Watches,Winter,Casual
59249,Men,Watches,Winter,Casual
59250,Men,Watches,Winter,Casual
59251,Men,Free Gifts,Winter,Casual
59252,Men,Watches,Winter,Casual
59253,Men,Watches,Winter,Smart Casual
59254,Men,Watches,Winter,Smart Casual
59255,Men,Watches,Winter,Casual
59256,Men,Watches,Winter,Casual
59257,Women,Watches,Winter,Casual
59258,Women,Watches,Winter,Casual
59259,Women,Watches,Winter,Casual
59260,Women,Watches,Winter,Casual
59261,Women,Watches,Winter,Ethnic
59262,Men,Watches,Winter,Casual
59263,Men,Watches,Winter,Sports
59264,Men,Watches,Winter,Casual
59265,Women,Watches,Winter,Ethnic
59266,Unisex,Watches,Winter,Casual
59267,Women,Watches,Winter,Casual
59268,Women,Watches,Winter,Casual
59269,Women,Watches,Winter,Casual
59270,Men,Watches,Winter,Smart Casual
59271,Women,Watches,Winter,Smart Casual
59272,Women,Watches,Winter,Smart Casual
59273,Women,Watches,Winter,Casual
59274,Women,Watches,Winter,Casual
59275,Women,Track Pants,Winter,Casual
59276,Men,Watches,Winter,Smart Casual
59277,Men,Watches,Winter,Formal
59278,Men,Watches,Winter,Casual
59279,Women,Watches,Winter,Casual
59280,Women,Watches,Winter,Casual
59281,Men,Watches,Winter,Casual
59282,Men,Deodorant,Summer,Casual
59283,Men,Watches,Winter,Casual
59284,Men,Watches,Winter,Casual
59286,Women,Watches,Winter,Casual
59287,Women,Watches,Winter,Ethnic
59290,Men,Free Gifts,Winter,Formal
59291,Men,Watches,Winter,Smart Casual
59292,Men,Watches,Winter,Smart Casual
59293,Men,Watches,Winter,Smart Casual
59294,Men,Shirts,Summer,Formal
59295,Men,Shirts,Summer,Casual
59296,Men,Shirts,Summer,Casual
59297,Men,Shirts,Fall,Formal
59298,Men,Shirts,Summer,Formal
59299,Men,Kurtas,Summer,Casual
59300,Women,Shirts,Summer,Casual
59301,Men,Tshirts,Summer,Casual
59302,Men,Sweaters,Summer,Casual
59303,Men,Shirts,Summer,Casual
59304,Men,Shirts,Summer,Casual
59305,Men,Shirts,Summer,Casual
59306,Men,Shirts,Summer,Casual
59311,Men,Sandals,Summer,Casual
59312,Men,Sandals,Winter,Casual
59315,Women,Casual Shoes,Summer,Casual
59323,Men,Sandals,Fall,Casual
59324,Men,Sandals,Summer,Sports
59326,Women,Flats,Winter,Formal
59329,Men,Sports Shoes,Fall,Casual
59330,Unisex,Casual Shoes,Summer,Sports
59338,Women,Casual Shoes,Fall,Formal
59342,Men,Casual Shoes,Summer,Formal
59349,Men,Sandals,Summer,Casual
59352,Women,Kurtas,Summer,Ethnic
59353,Women,Tunics,Summer,Ethnic
59354,Women,Kurtas,Summer,Ethnic
59355,Women,Kurtas,Summer,Ethnic
59356,Women,Kurtas,Summer,Ethnic
59357,Women,Kurtas,Summer,Ethnic
59358,Women,Kurtas,Summer,Ethnic
59359,Women,Kurtas,Summer,Ethnic
59360,Women,Kurtas,Summer,Ethnic
59361,Women,Kurtas,Summer,Ethnic
59362,Women,Kurtas,Summer,Ethnic
59363,Women,Kurtas,Summer,Ethnic
59364,Women,Kurtas,Summer,Ethnic
59365,Women,Dresses,Summer,Ethnic
59366,Women,Tunics,Summer,Ethnic
59367,Women,Dresses,Summer,Ethnic
59368,Women,Kurtas,Summer,Ethnic
59369,Women,Kurtas,Summer,Ethnic
59370,Women,Kurtas,Summer,Ethnic
59371,Women,Kurtas,Summer,Ethnic
59372,Women,Kurtas,Summer,Ethnic
59373,Women,Dresses,Summer,Ethnic
59374,Women,Kurtas,Summer,Ethnic
59375,Women,Kurtas,Summer,Ethnic
59376,Women,Kurtas,Summer,Ethnic
59377,Men,Tunics,Summer,Ethnic
59378,Women,Kurtas,Summer,Ethnic
59379,Women,Kurtas,Summer,Ethnic
59380,Women,Kurtas,Summer,Ethnic
59381,Women,Tunics,Summer,Ethnic
59382,Women,Kurtas,Summer,Ethnic
59383,Women,Kurtas,Summer,Ethnic
59387,Women,Flats,Winter,Casual
59388,Women,Heels,Winter,Casual
59390,Men,Formal Shoes,Fall,Formal
59396,Men,Casual Shoes,Fall,Sports
59399,Women,Kurtas,Summer,Casual
59400,Women,Kurtas,Summer,Ethnic
59403,Women,Tops,Summer,Casual
59404,Women,Tops,Summer,Casual
59405,Women,Tops,Summer,Ethnic
59407,Women,Tops,Summer,Casual
59410,Women,Night suits,Summer,Casual
59413,Women,Tshirts,Summer,Casual
59418,Women,Tops,Summer,Ethnic
59421,Women,Tops,Summer,Casual
59422,Women,Tops,Summer,Casual
59428,Unisex,Handbags,Summer,Sports
59430,Women,Handbags,Summer,Casual
59432,Women,Handbags,Winter,Casual
59433,Women,Clutches,Summer,Casual
59435,Men,Formal Shoes,Summer,Formal
59436,Women,Heels,Winter,Casual
59437,Women,Heels,Winter,Casual
59439,Men,Shirts,Summer,Formal
59440,Men,Shirts,Summer,Casual
59441,Men,Shirts,Summer,Casual
59442,Men,Shirts,Summer,Formal
59443,Men,Shirts,Summer,Formal
59444,Men,Shirts,Summer,Formal
59445,Men,Shirts,Summer,Formal
59446,Men,Shirts,Summer,Formal
59448,Men,Shirts,Summer,Formal
59451,Men,Shirts,Summer,Formal
59452,Men,Shirts,Summer,Formal
59453,Men,Shirts,Summer,Casual
59454,Men,Shirts,Summer,Casual
59455,Unisex,Ring,Summer,Casual
59456,Women,Ring,Summer,Casual
59457,Unisex,Ring,Summer,Casual
59458,Women,Ring,Summer,Casual
59459,Women,Ring,Summer,Casual
59460,Boys,Ring,Summer,Casual
59461,Women,Ring,Summer,Casual
59462,Women,Ring,Summer,Casual
59463,Girls,Ring,Summer,Casual
59464,Women,Ring,Summer,Casual
59465,Girls,Ring,Summer,Casual
59466,Women,Pendant,Winter,Casual
59467,Women,Ring,Summer,Casual
59468,Girls,Ring,Winter,Casual
59469,Girls,Bangle,Summer,Casual
59470,Girls,Ring,Summer,Casual
59471,Girls,Ring,Summer,Casual
59474,Women,Ring,Summer,Casual
59481,Girls,Ring,Summer,Casual
59484,Women,Ring,Winter,Casual
59498,Women,Other,Summer,Sports
59499,Women,Necklace and Chains,Winter,Casual
59501,Women,Pendant,Summer,Casual
59502,Women,Necklace and Chains,Winter,Formal
59503,Women,Pendant,Summer,Casual
59504,Women,Pendant,Summer,Ethnic
59505,Women,Pendant,Summer,Casual
59507,Women,Necklace and Chains,Winter,Casual
59508,Women,Pendant,Summer,Casual
59509,Women,Pendant,Summer,Casual
59510,Women,Pendant,Summer,Casual
59511,Women,Pendant,Summer,Casual
59512,Women,Pendant,Winter,Formal
59513,Women,Necklace and Chains,Winter,Formal
59514,Women,Pendant,Winter,Formal
59515,Women,Necklace and Chains,Winter,Formal
59516,Women,Necklace and Chains,Winter,Casual
59518,Women,Necklace and Chains,Winter,Casual
59519,Women,Necklace and Chains,Summer,Formal
59520,Women,Earrings,Summer,Casual
59521,Women,Earrings,Summer,Casual
59522,Women,Earrings,Summer,Casual
59523,Women,Earrings,Winter,Casual
59524,Women,Earrings,Summer,Casual
59525,Women,Earrings,Summer,Ethnic
59526,Women,Earrings,Summer,Casual
59527,Women,Earrings,Summer,Casual
59528,Women,Earrings,Summer,Casual
59529,Women,Earrings,Summer,Casual
59530,Women,Earrings,Summer,Casual
59531,Girls,Earrings,Spring,Casual
59532,Women,Earrings,Summer,Casual
59533,Women,Earrings,Summer,Casual
59534,Women,Earrings,Summer,Casual
59535,Women,Earrings,Summer,Casual
59537,Women,Earrings,Summer,Casual
59541,Women,Earrings,Summer,Casual
59543,Women,Earrings,Summer,Casual
59544,Women,Earrings,Summer,Casual
59545,Women,Earrings,Summer,Casual
59546,Women,Earrings,Summer,Casual
59547,Women,Earrings,Summer,Casual
59550,Women,Earrings,Summer,Casual
59551,Women,Earrings,Summer,Casual
59552,Women,Bracelet,Summer,Casual
59553,Unisex,Bangle,Summer,Sports
59554,Women,Bracelet,Summer,Casual
59555,Unisex,Bracelet,Summer,Casual
59556,Women,Bangle,Winter,Casual
59557,Women,Bracelet,Summer,Casual
59558,Women,Bangle,Summer,Casual
59559,Unisex,Bracelet,Summer,Casual
59560,Women,Bracelet,Summer,Casual
59561,Girls,Ring,Summer,Casual
59563,Men,Pendant,Winter,Ethnic
59564,Girls,Earrings,Summer,Casual
59565,Girls,Other,Summer,Casual
59566,Boys,Other,Summer,Casual
59567,Unisex,Other,Summer,Casual
59568,Boys,Other,Summer,Casual
59569,Boys,Other,Summer,Casual
59570,Boys,Other,Winter,Casual
59571,Boys,Other,Summer,Casual
59572,Women,Earrings,Winter,Casual
59573,Boys,Other,Fall,Casual
59574,Girls,Other,Winter,Casual
59575,Boys,Other,Summer,Casual
59576,Unisex,Other,Winter,Casual
59577,Women,Other,Summer,Casual
59578,Girls,Earrings,Summer,Casual
59579,Boys,Other,Winter,Casual
59580,Boys,Earrings,Winter,Casual
59581,Boys,Other,Winter,Casual
59582,Boys,Other,Winter,Casual
59583,Girls,Other,Summer,Casual
59584,Boys,Other,Summer,Formal
59585,Boys,Earrings,Summer,Casual
59586,Boys,Other,Winter,Casual
59587,Boys,Earrings,Winter,Sports
59589,Women,Free Gifts,Fall,Ethnic
59590,Women,Sarees,Fall,Ethnic
59591,Women,Sarees,Fall,Ethnic
59592,Women,Sarees,Summer,Ethnic
59593,Women,Sarees,Fall,Ethnic
59594,Women,Sarees,Fall,Ethnic
59595,Women,Free Gifts,Summer,Ethnic
59596,Women,Sarees,Fall,Ethnic
59597,Women,Sarees,Fall,Ethnic
59598,Women,Tops,Summer,Ethnic
59599,Women,Sarees,Fall,Ethnic
59600,Women,Sarees,Fall,Ethnic
59601,Women,Sarees,Summer,Ethnic
59603,Women,Sarees,Summer,Ethnic
59604,Women,Sarees,Summer,Ethnic
59606,Women,Sarees,Fall,Ethnic
59607,Women,Sarees,Fall,Ethnic
59608,Women,Sarees,Summer,Ethnic
59609,Women,Sarees,Summer,Ethnic
59610,Women,Sarees,Fall,Ethnic
59611,Men,Sarees,Summer,Ethnic
59612,Women,Sarees,Summer,Ethnic
59613,Women,Sarees,Fall,Ethnic
59614,Women,Sarees,Fall,Ethnic
59615,Women,Sarees,Summer,Ethnic
59616,Women,Sarees,Summer,Ethnic
59618,Women,Sarees,Fall,Ethnic
59619,Women,Sarees,Summer,Ethnic
59620,Women,Sarees,Summer,Ethnic
59621,Women,Sarees,Summer,Ethnic
59622,Women,Sarees,Summer,Ethnic
59623,Women,Sarees,Summer,Ethnic
59624,Women,Sarees,Fall,Ethnic
59625,Women,Sarees,Fall,Ethnic
59626,Women,Sarees,Summer,Ethnic
59628,Women,Sarees,Summer,Ethnic
59630,Women,Sarees,Summer,Ethnic
59631,Women,Free Gifts,Summer,Ethnic
59632,Women,Sarees,Summer,Ethnic
59633,Women,Free Gifts,Summer,Ethnic
59634,Women,Sarees,Fall,Ethnic
59635,Women,Sarees,Summer,Ethnic
59636,Women,Free Gifts,Fall,Ethnic
59637,Women,Sarees,Summer,Ethnic
59638,Women,Free Gifts,Fall,Ethnic
59639,Women,Sarees,Fall,Ethnic
59640,Women,Free Gifts,Fall,Ethnic
59641,Women,Sarees,Summer,Ethnic
59642,Women,Sarees,Fall,Ethnic
59643,Women,Sarees,Summer,Ethnic
59644,Women,Sarees,Fall,Ethnic
59645,Women,Sarees,Summer,Ethnic
59646,Women,Sarees,Summer,Ethnic
59647,Women,Sarees,Summer,Ethnic
59648,Women,Sarees,Fall,Ethnic
59649,Women,Sarees,Fall,Ethnic
59650,Women,Sarees,Fall,Ethnic
59651,Women,Sarees,Summer,Ethnic
59652,Women,Sarees,Summer,Ethnic
59653,Women,Sarees,Summer,Ethnic
59654,Women,Sarees,Fall,Ethnic
59655,Women,Sarees,Summer,Ethnic
59656,Women,Sarees,Summer,Ethnic
59657,Women,Sarees,Summer,Ethnic
59658,Women,Sarees,Fall,Ethnic
59659,Women,Sarees,Fall,Ethnic
59660,Women,Sarees,Summer,Ethnic
59661,Women,Sarees,Summer,Ethnic
59662,Women,Sarees,Summer,Ethnic
59663,Women,Sarees,Fall,Ethnic
59664,Women,Free Gifts,Fall,Ethnic
59665,Women,Sarees,Summer,Ethnic
59666,Women,Kurta Sets,Summer,Ethnic
59667,Women,Sarees,Fall,Ethnic
59668,Women,Sarees,Summer,Ethnic
59669,Women,Sarees,Fall,Ethnic
59670,Women,Sarees,Summer,Ethnic
59672,Women,Sarees,Fall,Ethnic
59673,Women,Dresses,Summer,Ethnic
59674,Women,Free Gifts,Summer,Ethnic
59675,Women,Flats,Winter,Casual
59676,Women,Flats,Winter,Casual
59677,Women,Briefs,Summer,Casual
59678,Men,Briefs,Summer,Casual
59679,Women,Briefs,Summer,Casual
59680,Women,Briefs,Summer,Casual
59681,Women,Briefs,Summer,Casual
59682,Women,Briefs,Summer,Casual
59683,Women,Briefs,Summer,Casual
59684,Men,Briefs,Summer,Casual
59685,Women,Briefs,Summer,Casual
59686,Women,Briefs,Summer,Casual
59687,Unisex,Briefs,Summer,Casual
59688,Women,Briefs,Summer,Casual
59689,Women,Bra,Summer,Casual
59690,Women,Bra,Summer,Casual
59691,Women,Bra,Summer,Casual
59692,Women,Bra,Summer,Casual
59693,Women,Bra,Summer,Casual
59694,Women,Briefs,Summer,Casual
59695,Women,Briefs,Summer,Casual
59696,Women,Briefs,Summer,Casual
59697,Women,Tops,Summer,Casual
59698,Women,Tops,Summer,Casual
59699,Women,Bra,Summer,Casual
59700,Women,Bra,Summer,Casual
59701,Unisex,Briefs,Summer,Casual
59702,Women,Tops,Summer,Casual
59703,Women,Briefs,Summer,Casual
59704,Women,Briefs,Summer,Casual
59705,Women,Bra,Summer,Casual
59706,Women,Bra,Summer,Casual
59707,Unisex,Briefs,Summer,Casual
59708,Women,Briefs,Summer,Casual
59709,Women,Briefs,Summer,Casual
59710,Women,Briefs,Summer,Casual
59711,Women,Briefs,Summer,Casual
59712,Women,Tops,Summer,Casual
59713,Women,Tops,Summer,Casual
59714,Women,Tops,Summer,Casual
59715,Women,Shirts,Summer,Casual
59716,Women,Other,Summer,Casual
59717,Women,Bra,Winter,Casual
59718,Women,Bra,Summer,Casual
59719,Women,Bra,Summer,Casual
59720,Women,Bra,Summer,Casual
59721,Women,Bra,Summer,Casual
59722,Unisex,Briefs,Summer,Casual
59723,Women,Bra,Summer,Casual
59724,Women,Bra,Summer,Casual
59725,Women,Bra,Summer,Casual
59726,Women,Bra,Summer,Casual
59727,Women,Bra,Summer,Casual
59728,Women,Bra,Summer,Casual
59729,Women,Bra,Summer,Casual
59730,Women,Bra,Summer,Casual
59731,Women,Bra,Summer,Casual
59732,Women,Bra,Summer,Casual
59733,Women,Bra,Summer,Casual
59734,Unisex,Briefs,Summer,Casual
59735,Women,Briefs,Summer,Casual
59736,Women,Briefs,Summer,Casual
59739,Women,Bra,Summer,Casual
59740,Women,Bra,Summer,Casual
59741,Women,Bra,Winter,Casual
59742,Women,Briefs,Summer,Casual
59743,Women,Briefs,Summer,Casual
59744,Women,Dresses,Summer,Casual
59745,Women,Dresses,Summer,Casual
59746,Women,Dresses,Summer,Ethnic
59747,Women,Socks,Summer,Casual
59748,Women,Night suits,Summer,Ethnic
59749,Women,Leggings,Summer,Ethnic
59750,Men,Briefs,Summer,Casual
59751,Women,Briefs,Summer,Casual
59752,Women,Briefs,Summer,Casual
59753,Women,Briefs,Summer,Casual
59754,Women,Other,Summer,Casual
59755,Women,Briefs,Summer,Casual
59756,Women,Tops,Summer,Casual
59757,Women,Flats,Winter,Casual
59758,Women,Flats,Winter,Casual
59759,Women,Flats,Winter,Casual
59760,Women,Heels,Winter,Casual
59761,Women,Flats,Winter,Casual
59762,Women,Flats,Winter,Casual
59763,Women,Heels,Winter,Casual
59764,Women,Heels,Winter,Casual
59765,Women,Earrings,Winter,Ethnic
59766,Women,Earrings,Summer,Ethnic
59767,Women,Earrings,Summer,Ethnic
59768,Men,Handbags,Winter,Casual
59769,Women,Pendant,Winter,Casual
59770,Women,Pendant,Winter,Casual
59771,Women,Pendant,Winter,Casual
59772,Women,Pendant,Winter,Casual
59773,Women,Pendant,Spring,Casual
59774,Unisex,Necklace and Chains,Winter,Sports
59775,Women,Bangle,Winter,Casual
59776,Women,Bangle,Winter,Casual
59777,Women,Bracelet,Winter,Casual
59778,Women,Bracelet,Winter,Casual
59779,Women,Bracelet,Winter,Casual
59780,Women,Bangle,Winter,Casual
59781,Girls,Bracelet,Winter,Casual
59782,Women,Bracelet,Winter,Casual
59783,Women,Belts,Summer,Casual
59784,Women,Bracelet,Winter,Casual
59794,Women,Tops,Summer,Casual
59795,Women,Tops,Summer,Casual
59796,Women,Tops,Summer,Casual
59797,Men,Tshirts,Summer,Casual
59810,Men,Tshirts,Summer,Casual
59811,Women,Kurtas,Summer,Ethnic
59813,Women,Shorts,Summer,Casual
59814,Women,Trousers,Summer,Casual
59819,Men,Shirts,Summer,Smart Casual
59824,Men,Shirts,Summer,Casual
59826,Men,Shirts,Summer,Casual
59827,Men,Shirts,Summer,Casual
59832,Women,Shirts,Summer,Formal
59833,Men,Kurtis,Summer,Casual
59834,Men,Sweatshirts,Summer,Casual
59838,Men,Shirts,Summer,Casual
59839,Boys,Fragrance Gift Set,Spring,Sports
59851,Women,Other,Spring,Casual
59853,Unisex,Perfume and Body Mist,Spring,Casual
59856,Men,Perfume and Body Mist,Fall,Sports
59858,Men,Perfume and Body Mist,Spring,Casual
59859,Women,Other,Spring,Casual
59860,Unisex,Perfume and Body Mist,Spring,Casual
59862,Men,Other,Spring,Formal
59863,Men,Perfume and Body Mist,Spring,Casual
59866,Men,Perfume and Body Mist,Spring,Casual
59872,Women,Tops,Summer,Casual
59873,Women,Skirts,Summer,Casual
59874,Women,Shirts,Summer,Casual
59875,Women,Tops,Summer,Casual
59876,Women,Sarees,Summer,Ethnic
59877,Women,Leggings,Summer,Ethnic
59878,Women,Track Pants,Summer,Casual
59879,Women,Jeans,Summer,Ethnic
59880,Women,Leggings,Fall,Formal
59881,Women,Other,Summer,Casual
59882,Women,Tops,Summer,Casual
59883,Women,Tops,Summer,Casual
59884,Women,Tops,Summer,Casual
59885,Women,Tops,Summer,Casual
59886,Women,Tops,Summer,Casual
59887,Women,Tops,Summer,Casual
59888,Women,Tops,Summer,Casual
59889,Women,Tops,Summer,Casual
59890,Men,Dresses,Winter,Casual
59891,Men,Shirts,Summer,Casual
59892,Women,Tops,Summer,Casual
59893,Women,Shirts,Summer,Casual
59894,Women,Tops,Summer,Casual
59895,Women,Tunics,Summer,Ethnic
59896,Women,Sarees,Fall,Ethnic
59897,Women,Sarees,Summer,Ethnic
59898,Women,Tops,Summer,Casual
59900,Women,Tops,Summer,Casual
59901,Women,Socks,Summer,Casual
59902,Women,Tops,Summer,Casual
59903,Women,Tops,Summer,Ethnic
59904,Women,Dupatta,Summer,Ethnic
59905,Women,Watches,Summer,Casual
59906,Women,Kurtas,Summer,Ethnic
59907,Women,Stoles,Summer,Casual
59908,Women,Other,Summer,Ethnic
59909,Women,Dresses,Summer,Ethnic
59910,Women,Kurtas,Summer,Ethnic
59911,Women,Kurtas,Summer,Ethnic
59912,Women,Dresses,Summer,Ethnic
59914,Women,Kurtas,Summer,Ethnic
59915,Women,Kurtas,Summer,Ethnic
59916,Women,Other,Summer,Ethnic
59917,Women,Kurtas,Summer,Ethnic
59918,Women,Kurtas,Summer,Ethnic
59919,Women,Kurtas,Summer,Ethnic
59920,Women,Kurtas,Summer,Ethnic
59921,Women,Kurtas,Summer,Ethnic
59922,Women,Kurtas,Summer,Ethnic
59923,Women,Kurtas,Summer,Ethnic
59924,Women,Kurtas,Summer,Casual
59925,Men,Kurtas,Summer,Ethnic
59926,Women,Kurtas,Summer,Ethnic
59927,Women,Tops,Summer,Ethnic
59928,Women,Tops,Summer,Ethnic
59929,Women,Kurtas,Summer,Ethnic
59930,Women,Tops,Summer,Ethnic
59931,Women,Kurtas,Summer,Ethnic
59932,Women,Kurtas,Summer,Ethnic
59933,Women,Kurtas,Summer,Ethnic
59934,Women,Kurtas,Summer,Ethnic
59935,Men,Casual Shoes,Summer,Sports
59936,Men,Casual Shoes,Summer,Casual
59937,Men,Casual Shoes,Summer,Casual
59938,Unisex,Casual Shoes,Summer,Casual
59939,Unisex,Casual Shoes,Summer,Casual
59940,Unisex,Casual Shoes,Summer,Sports
59941,Men,Casual Shoes,Summer,Formal
59942,Men,Casual Shoes,Summer,Casual
59943,Men,Casual Shoes,Summer,Casual
59944,Unisex,Casual Shoes,Summer,Sports
59945,Men,Casual Shoes,Summer,Formal
59946,Women,Perfume and Body Mist,Spring,Casual
59947,Women,Perfume and Body Mist,Spring,Casual
59948,Women,Deodorant,Spring,Ethnic
59949,Women,Deodorant,Spring,Casual
59950,Women,Deodorant,Spring,Casual
59951,Women,Deodorant,Spring,Casual
59961,Unisex,Deodorant,Spring,Casual
59962,Men,Deodorant,Spring,Casual
59963,Women,Dresses,Fall,Ethnic
59964,Women,Dresses,Summer,Ethnic
59965,Women,Tunics,Summer,Ethnic
59966,Women,Dresses,Summer,Casual
59967,Women,Dresses,Summer,Ethnic
59968,Women,Dresses,Summer,Casual
59969,Women,Dresses,Summer,Casual
59970,Women,Dresses,Summer,Ethnic
59971,Women,Dresses,Summer,Casual
59972,Women,Dresses,Summer,Ethnic
59973,Women,Dresses,Summer,Casual
59974,Women,Dresses,Summer,Ethnic
59975,Women,Kurtas,Summer,Casual
59976,Women,Sarees,Summer,Casual
59977,Women,Dresses,Summer,Ethnic
59978,Women,Dresses,Summer,Ethnic
59979,Women,Dresses,Summer,Ethnic
59980,Women,Dresses,Summer,Casual
59981,Women,Dresses,Summer,Ethnic
59982,Women,Dresses,Winter,Casual
59983,Women,Kurtas,Summer,Ethnic
59984,Women,Dresses,Summer,Ethnic
59985,Women,Dresses,Summer,Ethnic
59986,Women,Dresses,Summer,Ethnic
59987,Men,Dresses,Summer,Casual
59988,Women,Dresses,Summer,Casual
59989,Women,Sandals,Summer,Ethnic
59990,Women,Kurtas,Summer,Ethnic
59991,Women,Dresses,Summer,Casual
59992,Women,Kurta Sets,Summer,Ethnic
59993,Women,Dresses,Summer,Casual
59994,Women,Dresses,Summer,Casual
59995,Men,Watches,Summer,Casual
59996,Women,Kurtas,Summer,Ethnic
59998,Women,Heels,Winter,Casual
59999,Women,Heels,Winter,Casual
60000,Women,Kurtas,Summer,Ethnic
