id,predicted_season,confidence_score
52003,Fall,0.5134981
52007,Summer,0.88243186
52017,Summer,0.57391715
52021,Summer,0.8277384
52023,Summer,0.78060865
52026,Summer,0.88840896
52027,Summer,0.5432783
52028,Summer,0.778499
52029,Summer,0.47736406
52030,Summer,0.805353
52031,Summer,0.6917413
52032,Summer,0.8438933
52034,Summer,0.7047134
52042,Fall,0.78801876
52043,Summer,0.7991362
52044,Summer,0.83115876
52045,Summer,0.9006255
52049,Summer,0.86455244
52050,Summer,0.744942
52051,Summer,0.7544418
52052,Summer,0.6566958
52053,Summer,0.4993154
52054,Summer,0.8349736
52055,Summer,0.6553577
52056,Summer,0.7904646
52057,Summer,0.96586555
52058,Summer,0.46281138
52059,Summer,0.5388849
52060,Summer,0.5798319
52061,Summer,0.59423494
52062,Summer,0.35780606
52063,Summer,0.8605383
52064,Summer,0.8547951
52065,Summer,0.79263616
52066,Summer,0.9294574
52067,Summer,0.63758296
52068,Summer,0.7025145
52069,Summer,0.7409371
52070,Summer,0.9609919
52071,Summer,0.60281867
52072,Summer,0.8525075
52073,Summer,0.84181124
52074,Summer,0.89129704
52075,Summer,0.44967645
52076,Summer,0.7708594
52077,Summer,0.82685155
52078,Summer,0.9907644
52079,Summer,0.5945841
52080,Summer,0.9295108
52081,Summer,0.8553108
52082,Summer,0.93195254
52083,Summer,0.876799
52084,Summer,0.97781897
52085,Summer,0.8927341
52086,Summer,0.7343211
52087,Summer,0.9092755
52088,Summer,0.8929591
52089,Summer,0.61158794
52090,Summer,0.96039605
52091,Summer,0.9168648
52092,Summer,0.8836856
52093,Summer,0.62572527
52094,Summer,0.95465165
52095,Summer,0.6438722
52096,Summer,0.87873113
52097,Summer,0.98929965
52098,Summer,0.9126301
52099,Summer,0.98281074
52100,Summer,0.9739734
52101,Summer,0.87681884
52102,Summer,0.58175594
52103,Summer,0.9361053
52104,Fall,0.5218683
52105,Summer,0.8314281
52106,Summer,0.9622191
52107,Summer,0.9165378
52108,Summer,0.95562303
52109,Summer,0.97329265
52110,Summer,0.8584791
52111,Summer,0.9227351
52112,Summer,0.96089363
52113,Summer,0.9557521
52114,Summer,0.91326785
52115,Summer,0.93464804
52116,Summer,0.8682525
52117,Summer,0.9802894
52118,Summer,0.88049316
52119,Summer,0.98283434
52120,Summer,0.8372877
52121,Summer,0.5147555
52122,Summer,0.7880498
52123,Summer,0.91351837
52124,Summer,0.8201454
52125,Summer,0.94483286
52126,Summer,0.8185776
52127,Summer,0.55183065
52128,Summer,0.5692492
52129,Summer,0.78599644
52130,Summer,0.7348112
52131,Summer,0.7464052
52132,Summer,0.78326195
52133,Summer,0.5832881
52134,Summer,0.51336735
52135,Summer,0.64179045
52136,Summer,0.8632639
52137,Summer,0.9118152
52138,Summer,0.9551472
52139,Summer,0.90089405
52140,Summer,0.97638613
52141,Summer,0.9680269
52142,Summer,0.9810199
52143,Summer,0.9801107
52144,Summer,0.9953666
52145,Summer,0.78227484
52146,Summer,0.972384
52147,Summer,0.9840172
52148,Summer,0.95539653
52149,Summer,0.8655428
52150,Summer,0.9941703
52151,Summer,0.9964993
52153,Summer,0.9941208
52154,Summer,0.9828584
52155,Summer,0.94836295
52156,Summer,0.9393434
52157,Summer,0.9812091
52158,Summer,0.98461676
52159,Summer,0.9356207
52160,Summer,0.9876303
52161,Summer,0.9470909
52162,Summer,0.9218059
52163,Summer,0.9873455
52164,Summer,0.9642401
52165,Fall,0.43756574
52166,Summer,0.3693696
52168,Summer,0.5470129
52169,Fall,0.4452079
52172,Winter,0.8458
52173,Winter,0.83681345
52176,Summer,0.41451746
52177,Summer,0.5578587
52178,Summer,0.4863745
52179,Fall,0.38942468
52180,Summer,0.42452127
52181,Winter,0.71375084
52182,Summer,0.47109783
52183,Summer,0.4854415
52185,Summer,0.378971
52186,Summer,0.4158945
52187,Summer,0.66069394
52190,Summer,0.6535967
52191,Winter,0.5894224
52193,Fall,0.60720897
52195,Summer,0.46887589
52198,Summer,0.6038684
52200,Winter,0.40495247
52202,Fall,0.48190826
52204,Summer,0.450031
52205,Winter,0.6322028
52209,Summer,0.39409956
52210,Winter,0.4900212
52211,Fall,0.36214405
52214,Fall,0.37079376
52220,Winter,0.45868638
52221,Winter,0.6042905
52222,Summer,0.7867465
52223,Fall,0.3857973
52224,Winter,0.41925424
52225,Winter,0.9784975
52228,Summer,0.60813737
52230,Fall,0.8787257
52235,Summer,0.4909597
52254,Summer,0.8589526
52255,Summer,0.75300527
52256,Summer,0.8154286
52257,Summer,0.8074699
52299,Summer,0.8732719
52303,Winter,0.63668215
52304,Winter,0.77918386
52305,Winter,0.7947892
52306,Winter,0.5666363
52307,Winter,0.6998069
52308,Winter,0.7904283
52309,Summer,0.71029127
52310,Summer,0.5217838
52311,Summer,0.48437327
52312,Winter,0.56441474
52313,Winter,0.32708994
52314,Winter,0.4484188
52315,Summer,0.31931955
52316,Winter,0.50929576
52317,Winter,0.42492706
52318,Fall,0.47463113
52320,Summer,0.39205378
52322,Summer,0.44975436
52323,Winter,0.48242298
52324,Summer,0.49609333
52325,Summer,0.57048124
52326,Winter,0.58077663
52327,Summer,0.39316392
52328,Fall,0.6280313
52329,Summer,0.6553414
52330,Summer,0.45470226
52331,Summer,0.4796345
52332,Summer,0.5248678
52333,Summer,0.5977958
52334,Winter,0.52083427
52335,Winter,0.63619804
52336,Summer,0.50590503
52337,Summer,0.56046844
52338,Winter,0.5399678
52339,Summer,0.59169775
52340,Fall,0.49633625
52341,Summer,0.79674906
52342,Summer,0.97449535
52343,Summer,0.90188175
52344,Summer,0.8597754
52345,Summer,0.66712284
52346,Summer,0.91202927
52347,Summer,0.8417127
52348,Summer,0.94928795
52349,Summer,0.991532
52350,Summer,0.95634073
52351,Summer,0.72688615
52352,Summer,0.9623352
52353,Summer,0.9660796
52354,Summer,0.82676345
52355,Summer,0.72797817
52356,Summer,0.90889674
52357,Summer,0.75267327
52358,Summer,0.94696385
52359,Summer,0.85207874
52360,Summer,0.8439257
52361,Summer,0.75699496
52362,Summer,0.8127988
52363,Summer,0.8782336
52364,Summer,0.9239653
52366,Summer,0.930784
52367,Summer,0.86143327
52368,Summer,0.8755135
52369,Summer,0.50076056
52370,Summer,0.71201044
52371,Summer,0.86950403
52372,Summer,0.81717396
52373,Summer,0.9065078
52374,Summer,0.94322634
52375,Summer,0.66150784
52376,Summer,0.9232966
52377,Summer,0.87497306
52378,Summer,0.94138116
52379,Summer,0.85134846
52380,Summer,0.8669845
52381,Summer,0.7400745
52382,Summer,0.89847976
52383,Summer,0.84839684
52384,Summer,0.9369256
52385,Summer,0.8697953
52386,Winter,0.54612386
52387,Summer,0.9320499
52390,Summer,0.8677386
52391,Summer,0.65260124
52392,Summer,0.77798545
52393,Summer,0.86725533
52394,Summer,0.9212438
52395,Summer,0.9519018
52396,Summer,0.7749758
52397,Summer,0.9215614
52398,Summer,0.76164174
52399,Summer,0.74537915
52400,Summer,0.7476477
52401,Summer,0.8776304
52402,Summer,0.97024363
52403,Summer,0.6839557
52404,Summer,0.9549431
52405,Summer,0.97151923
52406,Summer,0.97911453
52407,Summer,0.9523926
52408,Summer,0.754324
52409,Summer,0.986043
52410,Summer,0.8681466
52411,Summer,0.88424057
52412,Summer,0.6328887
52413,Summer,0.85556287
52414,Summer,0.6510971
52415,Summer,0.89908993
52416,Summer,0.5709228
52417,Summer,0.81399095
52418,Summer,0.7658851
52419,Summer,0.73840964
52420,Summer,0.95782375
52421,Summer,0.97246236
52422,Summer,0.8379575
52423,Summer,0.9140575
52424,Winter,0.65723765
52425,Summer,0.73947203
52426,Summer,0.6281947
52427,Summer,0.9011965
52428,Summer,0.92533576
52429,Summer,0.756571
52430,Summer,0.91635674
52431,Summer,0.96966076
52432,Summer,0.9116217
52434,Summer,0.86257726
52435,Summer,0.990926
52436,Summer,0.9203264
52437,Summer,0.8712959
52438,Summer,0.66164654
52439,Summer,0.7935001
52440,Summer,0.871346
52441,Summer,0.6061914
52442,Summer,0.76424974
52443,Summer,0.9254338
52444,Summer,0.9541583
52445,Winter,0.6265115
52446,Summer,0.8312299
52447,Summer,0.7126577
52448,Summer,0.9137932
52449,Summer,0.95623064
52450,Summer,0.5798139
52451,Summer,0.75425327
52452,Summer,0.8566212
52453,Summer,0.6901076
52454,Summer,0.92215925
52455,Summer,0.87157893
52456,Summer,0.91310483
52457,Summer,0.9881528
52458,Summer,0.9703743
52459,Summer,0.99531806
52460,Summer,0.8928125
52461,Summer,0.95573854
52462,Winter,0.8585798
52463,Summer,0.9167067
52464,Summer,0.9444465
52465,Summer,0.68879735
52466,Summer,0.77522284
52467,Summer,0.9074533
52468,Summer,0.728798
52469,Summer,0.84525484
52470,Summer,0.9280827
52472,Summer,0.85695535
52473,Summer,0.9550924
52474,Summer,0.73222643
52475,Fall,0.65329933
52476,Summer,0.80604
52477,Summer,0.94106674
52478,Summer,0.8900532
52479,Summer,0.71914625
52480,Summer,0.88386786
52481,Summer,0.8558358
52482,Summer,0.9407132
52483,Summer,0.6747493
52484,Summer,0.494148
52485,Summer,0.7751271
52486,Summer,0.7937791
52487,Summer,0.80946916
52488,Summer,0.61877877
52489,Summer,0.6154369
52490,Summer,0.63399124
52491,Summer,0.8419625
52492,Summer,0.85915
52493,Summer,0.9075782
52494,Summer,0.685641
52495,Summer,0.75635433
52496,Summer,0.7357051
52497,Fall,0.6177216
52498,Summer,0.8308971
52499,Summer,0.8393917
52500,Summer,0.85624224
52501,Summer,0.93090796
52502,Fall,0.691492
52503,Fall,0.6268812
52504,Summer,0.688605
52505,Summer,0.61179847
52506,Summer,0.67174983
52507,Summer,0.93365663
52508,Summer,0.93461055
52509,Summer,0.5950154
52510,Summer,0.9457575
52511,Summer,0.93618083
52512,Fall,0.51788116
52513,Summer,0.8608873
52514,Summer,0.6102421
52515,Summer,0.759284
52516,Summer,0.5269707
52517,Summer,0.7175994
52518,Summer,0.88464415
52519,Summer,0.8191049
52520,Summer,0.5447828
52522,Summer,0.9068544
52523,Summer,0.79640865
52524,Summer,0.7734514
52525,Summer,0.80335474
52528,Summer,0.9436243
52529,Winter,0.46075016
52536,Summer,0.53242403
52539,Summer,0.60786784
52547,Summer,0.8506465
52548,Fall,0.623071
52553,Summer,0.6196008
52554,Summer,0.6577248
52555,Summer,0.46683294
52556,Summer,0.5982078
52557,Summer,0.9127707
52558,Summer,0.57134795
52559,Winter,0.5000857
52560,Summer,0.60902214
52561,Summer,0.8040037
52563,Winter,0.75035787
52564,Summer,0.575415
52565,Winter,0.50100136
52568,Summer,0.62686217
52569,Winter,0.6184749
52570,Winter,0.90108687
52574,Summer,0.58783215
52575,Summer,0.56730306
52576,Summer,0.53190166
52577,Summer,0.5475923
52579,Summer,0.4482472
52581,Spring,0.5319198
52582,Summer,0.5301283
52585,Summer,0.589974
52586,Summer,0.5536739
52588,Summer,0.58965534
52589,Summer,0.4939303
52593,Spring,0.8467531
52594,Summer,0.6186549
52599,Summer,0.61303294
52602,Summer,0.6235507
52603,Summer,0.63708
52604,Winter,0.60419405
52609,Summer,0.7083232
52616,Winter,0.6487466
52618,Winter,0.5742125
52622,Winter,0.63542426
52623,Winter,0.73804075
52626,Winter,0.5378881
52632,Winter,0.72930914
52633,Winter,0.6294924
52634,Winter,0.7662492
52635,Summer,0.7717776
52636,Summer,0.49611083
52637,Summer,0.48953763
52638,Summer,0.58649683
52639,Summer,0.75050527
52641,Summer,0.62505525
52642,Winter,0.592265
52643,Winter,0.6109405
52647,Winter,0.64233917
52648,Winter,0.495046
52649,Winter,0.56493217
52650,Summer,0.66383344
52651,Summer,0.6596274
52652,Summer,0.5516617
52653,Summer,0.62270826
52654,Winter,0.610302
52655,Summer,0.6582346
52656,Winter,0.6374856
52657,Summer,0.5687666
52658,Winter,0.6917976
52659,Winter,0.5901667
52660,Summer,0.77453655
52661,Summer,0.52816737
52665,Winter,0.996416
52670,Winter,0.99739325
52671,Winter,0.99831533
52673,Winter,0.99857914
52675,Winter,0.98219925
52676,Winter,0.9993643
52677,Winter,0.97447556
52678,Winter,0.99735886
52679,Winter,0.8772773
52680,Winter,0.9826843
52681,Winter,0.99616987
52682,Winter,0.99745136
52683,Winter,0.99947065
52684,Winter,0.99907243
52686,Winter,0.9983473
52687,Winter,0.96078587
52688,Winter,0.9890559
52690,Winter,0.89943093
52691,Winter,0.9608068
52692,Winter,0.97436255
52693,Winter,0.985967
52694,Winter,0.9969349
52695,Winter,0.8887658
52749,Spring,1.0
52751,Spring,1.0
52754,Winter,0.55464363
52756,Winter,0.8694245
52758,Summer,0.53432184
52759,Summer,0.54722744
52766,Winter,0.5353481
52767,Summer,0.71861756
52768,Summer,0.5645939
52772,Summer,0.5754064
52773,Summer,0.60846364
52774,Summer,0.57357925
52775,Summer,0.5833951
52776,Summer,0.66572326
52777,Summer,0.5789639
52778,Summer,0.6480388
52779,Summer,0.7004248
52780,Winter,0.4550322
52781,Summer,0.44438204
52782,Summer,0.58562994
52784,Summer,0.60992247
52785,Summer,0.5369295
52786,Summer,0.6123751
52789,Summer,0.48899823
52791,Summer,0.4811056
52792,Summer,0.45658356
52793,Summer,0.56015503
52794,Summer,0.53670245
52795,Summer,0.55314803
52796,Summer,0.54256034
52797,Summer,0.526072
52798,Summer,0.5344631
52799,Summer,0.5256647
52800,Summer,0.5132766
52801,Summer,0.5173904
52802,Summer,0.44250607
52803,Winter,0.39819115
52804,Summer,0.49639124
52805,Summer,0.55452216
52806,Summer,0.5323799
52807,Summer,0.54825276
52808,Summer,0.5712148
52809,Summer,0.49069825
52810,Summer,0.530876
52811,Summer,0.507688
52812,Summer,0.5029904
52813,Summer,0.5309804
52814,Summer,0.5688756
52816,Winter,0.99924195
52817,Summer,0.702829
52818,Summer,0.81374073
52819,Summer,0.47199264
52820,Summer,0.54253775
52822,Winter,0.6453635
52823,Winter,0.51234555
52825,Summer,0.46716338
52827,Summer,0.66152847
52828,Summer,0.3882887
52831,Winter,0.7361144
52834,Winter,0.7736524
52835,Summer,0.59109646
52836,Winter,0.5371762
52837,Summer,0.664387
52839,Summer,0.46304825
52840,Summer,0.5070955
52841,Summer,0.61039215
52842,Winter,0.45255947
52846,Summer,0.46685544
52847,Winter,0.74106145
52848,Winter,0.8993776
52850,Winter,0.378385
52851,Winter,0.9880833
52852,Summer,0.5401984
52854,Winter,0.51447904
52855,Summer,0.45547393
52859,Summer,0.5898562
52860,Winter,0.4887822
52862,Summer,0.4970948
52863,Winter,0.622509
52864,Winter,0.80337507
52868,Summer,0.49124318
52869,Winter,0.5247513
52871,Spring,0.99999785
52874,Summer,0.8195745
52875,Summer,0.5513769
52876,Fall,0.58489114
52877,Summer,0.83944565
52878,Summer,0.85533655
52879,Summer,0.6805159
52880,Summer,0.7425782
52881,Summer,0.7194752
52882,Summer,0.7079885
52883,Summer,0.6317371
52884,Summer,0.566156
52885,Fall,0.52930015
52886,Summer,0.85658765
52887,Summer,0.6991174
52888,Fall,0.74887294
52889,Summer,0.92512286
52890,Fall,0.63160783
52891,Fall,0.59879196
52892,Fall,0.9142328
52893,Fall,0.8845504
52894,Fall,0.73723376
52895,Summer,0.54380155
52896,Summer,0.5281872
52897,Summer,0.6027886
52898,Summer,0.8429004
52899,Summer,0.8710629
52901,Summer,0.55188996
52902,Summer,0.66875637
52903,Fall,0.7940083
52904,Fall,0.6693772
52905,Summer,0.70075655
52906,Fall,0.7063542
52907,Fall,0.6728886
52908,Summer,0.6381512
52909,Fall,0.5723966
52910,Fall,0.63314086
52911,Fall,0.5625838
52912,Summer,0.7016312
52913,Summer,0.78646713
52914,Fall,0.5179475
52915,Summer,0.70032096
52916,Fall,0.5650744
52917,Fall,0.5597814
52918,Fall,0.54064566
52919,Fall,0.741786
52920,Summer,0.56446505
52921,Summer,0.5584716
52922,Fall,0.6250998
52923,Fall,0.77718234
52924,Fall,0.64431435
52925,Summer,0.66140175
52926,Summer,0.7329312
52927,Fall,0.43118045
52928,Fall,0.5453626
52929,Fall,0.53798914
52930,Summer,0.84746015
52931,Summer,0.76336896
52934,Summer,0.96036303
52935,Summer,0.538163
52936,Fall,0.4959226
52937,Summer,0.56021637
52938,Summer,0.54929554
52940,Fall,0.5937603
52941,Fall,0.5637264
52942,Fall,0.72026426
52943,Fall,0.8764903
52944,Fall,0.57503146
52945,Fall,0.7231539
52946,Summer,0.52410054
52947,Fall,0.50825644
52948,Summer,0.46074873
52949,Fall,0.82718784
52950,Summer,0.551435
52951,Fall,0.6781913
52952,Fall,0.47507823
52953,Summer,0.64106005
52954,Fall,0.6056944
52955,Summer,0.81705254
52956,Fall,0.7987513
52957,Fall,0.91945934
52958,Fall,0.8616694
52959,Summer,0.564884
52960,Fall,0.5666073
52961,Fall,0.77346
52962,Summer,0.5930167
52963,Fall,0.6178241
52964,Summer,0.84295326
52965,Fall,0.5846981
52966,Fall,0.6689996
52967,Fall,0.63634515
52968,Fall,0.5526607
52969,Fall,0.64081174
52970,Summer,0.85864556
52971,Fall,0.6441687
52972,Fall,0.6126334
52973,Fall,0.6382361
52975,Summer,0.5824103
52976,Summer,0.4875139
52978,Summer,0.6085808
52979,Summer,0.56065804
52980,Fall,0.6050747
52981,Summer,0.83464766
52982,Summer,0.85617787
52983,Summer,0.6829285
52986,Fall,0.5434131
52987,Summer,0.45066848
52988,Summer,0.87728006
52989,Summer,0.7190748
52990,Fall,0.5487029
52991,Summer,0.6769552
52992,Fall,0.67149705
52993,Fall,0.5279585
52996,Summer,0.7203037
52998,Summer,0.6738263
52999,Fall,0.66699535
53000,Fall,0.52896285
53001,Summer,0.5802998
53002,Fall,0.52645683
53003,Fall,0.49917656
53004,Summer,0.5752144
53006,Summer,0.62704694
53007,Fall,0.67203635
53008,Summer,0.8885057
53009,Summer,0.5053781
53010,Summer,0.6132598
53011,Summer,0.7660723
53013,Summer,0.8698106
53014,Fall,0.73256934
53015,Fall,0.5049426
53016,Fall,0.522581
53017,Fall,0.72594374
53019,Fall,0.57796586
53020,Summer,0.94963074
53021,Summer,0.7739018
53023,Summer,0.97100645
53024,Summer,0.5824648
53025,Summer,0.5933375
53026,Summer,0.8162659
53027,Fall,0.6668218
53029,Fall,0.686354
53030,Summer,0.6816324
53031,Summer,0.7871181
53032,Summer,0.74836457
53033,Fall,0.70209783
53034,Summer,0.651255
53035,Summer,0.7013817
53036,Fall,0.4780058
53037,Summer,0.6678371
53038,Summer,0.88988996
53039,Fall,0.5120327
53040,Summer,0.63473886
53041,Summer,0.7597633
53042,Summer,0.5087279
53043,Fall,0.7026113
53044,Summer,0.8393402
53045,Summer,0.56958026
53046,Summer,0.58976054
53047,Fall,0.64039254
53048,Summer,0.8596891
53049,Summer,0.6970607
53050,Summer,0.6423929
53051,Summer,0.54794943
53052,Fall,0.7820406
53053,Summer,0.5121483
53054,Fall,0.6573238
53055,Summer,0.5449138
53056,Summer,0.8567813
53057,Summer,0.6134827
53058,Winter,0.702073
53059,Summer,0.5064994
53060,Winter,0.60123336
53061,Winter,0.6408435
53062,Winter,0.62438357
53063,Winter,0.58920693
53064,Winter,0.6047415
53065,Winter,0.5636589
53066,Winter,0.7678882
53067,Winter,0.7020074
53068,Summer,0.53517795
53069,Summer,0.5391272
53070,Summer,0.47928724
53071,Winter,0.6422666
53072,Summer,0.5662253
53073,Winter,0.76580495
53075,Winter,0.777279
53076,Winter,0.7288385
53077,Summer,0.5230725
53078,Summer,0.62937826
53079,Summer,0.6386735
53080,Winter,0.6831569
53081,Winter,0.58769006
53082,Winter,0.60151994
53083,Summer,0.5626122
53084,Summer,0.4605443
53085,Summer,0.65957135
53086,Winter,0.7595462
53087,Summer,0.4837013
53088,Summer,0.67032737
53089,Summer,0.34161037
53090,Spring,0.3378243
53091,Summer,0.5204391
53092,Winter,0.5207478
53093,Winter,0.7686882
53094,Summer,0.4976653
53095,Summer,0.6032669
53096,Winter,0.47930706
53097,Summer,0.5447784
53098,Summer,0.6553603
53099,Winter,0.464321
53100,Summer,0.55545723
53101,Summer,0.5541284
53102,Summer,0.5972557
53103,Summer,0.5558539
53104,Winter,0.28868407
53105,Summer,0.5319255
53106,Summer,0.6802291
53107,Summer,0.6358237
53108,Summer,0.5930269
53109,Summer,0.60431254
53110,Summer,0.5484765
53111,Summer,0.68322057
53112,Summer,0.68055797
53113,Summer,0.51997745
53114,Summer,0.64660084
53115,Summer,0.8043288
53116,Summer,0.8125164
53117,Summer,0.928011
53118,Summer,0.8819303
53119,Summer,0.9646906
53120,Summer,0.96624416
53121,Summer,0.83660245
53122,Summer,0.8806566
53123,Summer,0.91389596
53124,Summer,0.98779386
53125,Summer,0.7993675
53126,Summer,0.9522628
53127,Fall,0.4341152
53128,Winter,0.65882695
53129,Winter,0.9107158
53130,Winter,0.9387563
53131,Winter,0.9445687
53132,Winter,0.44603068
53133,Winter,0.80032223
53134,Winter,0.8044733
53135,Winter,0.7798492
53136,Winter,0.93877447
53137,Winter,0.6853484
53138,Winter,0.74746144
53139,Winter,0.94463944
53140,Winter,0.93177724
53141,Winter,0.6438894
53142,Winter,0.8563574
53143,Winter,0.99110234
53144,Winter,0.7750231
53145,Winter,0.7236166
53146,Winter,0.8757003
53147,Winter,0.92345774
53148,Winter,0.92801654
53149,Winter,0.9030459
53150,Winter,0.82406175
53152,Summer,0.43124998
53159,Summer,0.9387109
53211,Summer,0.67185265
53215,Summer,0.9112638
53226,Summer,0.91673666
53228,Summer,0.4413581
53248,Fall,0.47250232
53252,Summer,0.73873556
53264,Summer,0.8843761
53269,Summer,0.62834924
53278,Summer,0.32380104
53282,Summer,0.68205744
53286,Summer,0.47484258
53287,Summer,0.6204137
53296,Fall,0.5222932
53303,Summer,0.8928829
53307,Summer,0.5251281
53312,Summer,0.87839675
53313,Summer,0.8188554
53314,Summer,0.57863194
53318,Summer,0.6679081
53319,Summer,0.46322712
53328,Summer,0.84537476
53329,Summer,0.8334851
53332,Summer,0.95465785
53338,Summer,0.9455248
53345,Summer,0.9759188
53348,Summer,0.86275434
53357,Summer,0.80963165
53358,Summer,0.7547622
53360,Summer,0.57669884
53361,Summer,0.6454745
53362,Spring,0.3296489
53363,Winter,0.48837772
53364,Summer,0.48256874
53365,Summer,0.44259125
53366,Spring,0.5315122
53367,Summer,0.50942063
53368,Summer,0.49293512
53369,Summer,0.6725782
53370,Summer,0.5063264
53371,Summer,0.3578946
53372,Winter,0.5075786
53373,Summer,0.57513005
53374,Summer,0.602276
53376,Summer,0.6177765
53377,Summer,0.55160606
53378,Winter,0.482518
53379,Summer,0.46750048
53380,Summer,0.34572744
53381,Summer,0.39623576
53382,Fall,0.42404163
53383,Winter,0.4021212
53384,Summer,0.3910073
53386,Summer,0.6860542
53387,Summer,0.51324946
53388,Summer,0.78877366
53389,Summer,0.9226276
53390,Summer,0.56828994
53391,Summer,0.98738724
53392,Summer,0.94705063
53393,Summer,0.97012275
53394,Summer,0.9187836
53395,Summer,0.9945332
53396,Summer,0.990406
53397,Summer,0.95989776
53398,Summer,0.9583813
53399,Summer,0.99686193
53401,Summer,0.98492044
53402,Summer,0.7644425
53403,Summer,0.99252784
53404,Summer,0.9823826
53405,Summer,0.99359095
53406,Summer,0.967922
53408,Summer,0.9948598
53409,Summer,0.9982235
53410,Summer,0.9442309
53411,Summer,0.95163614
53412,Summer,0.9407967
53413,Summer,0.9837442
53414,Summer,0.9910108
53415,Summer,0.97702825
53416,Summer,0.98861605
53417,Summer,0.9959156
53418,Summer,0.99200773
53419,Summer,0.96057296
53420,Summer,0.98907757
53421,Summer,0.98668957
53422,Summer,0.98963565
53423,Summer,0.9924986
53424,Summer,0.9942399
53425,Summer,0.97540617
53426,Summer,0.9851335
53427,Summer,0.99655545
53428,Summer,0.98509926
53429,Summer,0.98528373
53430,Summer,0.9549879
53431,Summer,0.9885457
53432,Summer,0.6052345
53433,Summer,0.7361006
53434,Summer,0.7286364
53435,Summer,0.58211327
53436,Summer,0.7450278
53437,Summer,0.639008
53438,Summer,0.4936669
53439,Fall,0.4298247
53440,Summer,0.3575766
53441,Summer,0.5550471
53442,Fall,0.49678105
53444,Summer,0.4007973
53445,Winter,0.5543509
53446,Summer,0.36394614
53447,Summer,0.40587148
53448,Fall,0.3634019
53449,Fall,0.37578285
53450,Winter,0.4520132
53452,Winter,0.8273425
53453,Winter,0.68004227
53454,Winter,0.74081385
53455,Winter,0.635173
53456,Winter,0.88321704
53457,Winter,0.8610848
53458,Winter,0.85184944
53459,Winter,0.8039205
53460,Winter,0.88675016
53461,Summer,0.5915645
53462,Summer,0.9762631
53463,Summer,0.81429726
53464,Summer,0.6257419
53465,Summer,0.5316951
53466,Winter,0.51499796
53467,Winter,0.49636075
53468,Summer,0.6904288
53469,Summer,0.59535414
53470,Summer,0.5972315
53473,Summer,0.58707255
53474,Winter,0.4304896
53475,Summer,0.9931311
53476,Summer,0.5862732
53477,Summer,0.5269767
53478,Summer,0.5670069
53479,Summer,0.6287225
53480,Summer,0.67655796
53484,Fall,0.57851684
53485,Summer,0.79927367
53486,Summer,0.46678635
53487,Summer,0.57738364
53488,Fall,0.7393114
53489,Summer,0.4941239
53490,Summer,0.5689826
53491,Summer,0.9567787
53492,Summer,0.754484
53493,Summer,0.6846628
53498,Summer,0.9671766
53506,Summer,0.5430083
53507,Summer,0.6369974
53508,Summer,0.61214006
53520,Summer,0.9872857
53525,Summer,0.55424523
53526,Summer,0.9090362
53527,Summer,0.8392719
53528,Summer,0.7974276
53529,Summer,0.86142826
53530,Summer,0.613111
53531,Summer,0.9240179
53532,Summer,0.83524203
53533,Summer,0.7854621
53534,Summer,0.61538666
53535,Summer,0.8912854
53536,Summer,0.9356288
53537,Summer,0.7634187
53538,Summer,0.5291344
53539,Summer,0.8463098
53540,Summer,0.6079641
53541,Summer,0.61144346
53542,Summer,0.83631223
53543,Summer,0.66516453
53545,Summer,0.85344374
53546,Summer,0.8927618
53547,Summer,0.6924492
53548,Summer,0.8169243
53554,Summer,0.94576347
53555,Summer,0.9262912
53556,Summer,0.90941304
53557,Summer,0.95584166
53558,Summer,0.95855445
53559,Summer,0.85794526
53560,Winter,0.99925894
53561,Winter,0.998544
53562,Winter,0.9963044
53563,Winter,0.9740389
53564,Winter,0.9994117
53565,Winter,0.99785894
53566,Winter,0.99634993
53567,Winter,0.9896769
53568,Winter,0.9943988
53569,Winter,0.9839504
53570,Winter,0.9987311
53571,Winter,0.9918807
53572,Winter,0.9959758
53573,Winter,0.99727863
53574,Winter,0.99743867
53575,Winter,0.997719
53576,Winter,0.9633165
53577,Winter,0.9872142
53578,Winter,0.99785906
53579,Winter,0.99782926
53580,Winter,0.9970554
53581,Winter,0.9970976
53582,Winter,0.9877785
53583,Winter,0.9993069
53584,Winter,0.9969494
53585,Winter,0.9992588
53586,Winter,0.99632394
53587,Winter,0.9992224
53588,Winter,0.99841356
53589,Winter,0.99954
53590,Winter,0.9825758
53591,Winter,0.9991817
53592,Winter,0.999435
53593,Winter,0.9995377
53594,Winter,0.9995541
53595,Winter,0.9992717
53596,Winter,0.9990716
53597,Winter,0.9989893
53598,Winter,0.99949443
53599,Winter,0.99950886
53600,Winter,0.99481505
53601,Winter,0.9990859
53602,Winter,0.9986712
53603,Winter,0.9984289
53604,Winter,0.99923253
53605,Winter,0.9994925
53606,Winter,0.9988638
53608,Winter,0.9992487
53609,Winter,0.9762014
53611,Winter,0.99957496
53612,Winter,0.99889827
53613,Winter,0.998917
53614,Winter,0.99983275
53615,Winter,0.99933857
53616,Winter,0.9996131
53617,Winter,0.99909973
53618,Winter,0.99616987
53619,Winter,0.9975078
53620,Winter,0.98390317
53621,Winter,0.99707365
53622,Winter,0.99803716
53623,Winter,0.9993475
53624,Winter,0.9860874
53625,Winter,0.99842995
53626,Winter,0.99833435
53627,Winter,0.99867
53628,Winter,0.9995297
53629,Winter,0.9984951
53630,Summer,0.48402387
53631,Summer,0.5048638
53632,Fall,0.40111792
53633,Fall,0.37802747
53634,Summer,0.46634987
53635,Summer,0.44191298
53636,Fall,0.44434255
53637,Summer,0.41771546
53638,Summer,0.49691042
53639,Summer,0.45191443
53640,Summer,0.45899022
53648,Summer,0.7064757
53649,Summer,0.7383507
53651,Winter,0.5225811
53652,Winter,0.5417106
53653,Winter,0.5293678
53654,Winter,0.55673796
53655,Summer,0.5086535
53656,Winter,0.61021173
53657,Summer,0.6198157
53659,Winter,0.59269434
53660,Summer,0.4872339
53661,Winter,0.61145175
53663,Summer,0.566747
53665,Winter,0.5048548
53666,Summer,0.55137706
53667,Summer,0.57280797
53668,Summer,0.5626354
53669,Summer,0.49599472
53670,Summer,0.5874851
53671,Winter,0.48054296
53672,Winter,0.5791651
53673,Summer,0.5290024
53674,Winter,0.56064594
53675,Summer,0.564156
53676,Winter,0.551664
53677,Winter,0.5560011
53678,Summer,0.45866346
53679,Summer,0.67590725
53680,Summer,0.56835806
53681,Summer,0.59591776
53682,Summer,0.59690666
53683,Summer,0.5525472
53684,Summer,0.60578215
53685,Spring,0.4942675
53686,Summer,0.5123993
53687,Summer,0.7688841
53688,Summer,0.79953337
53689,Summer,0.47469854
53692,Summer,0.6212618
53695,Summer,0.73137766
53696,Summer,0.5681217
53698,Summer,0.59249794
53702,Winter,0.5887001
53706,Winter,0.49945676
53708,Summer,0.5630637
53710,Winter,0.5192054
53715,Summer,0.5993786
53719,Summer,0.6776588
53720,Summer,0.5123271
53723,Winter,0.38670197
53724,Summer,0.33348516
53725,Summer,0.3646044
53726,Winter,0.48024347
53727,Winter,0.35982424
53729,Winter,0.45082748
53731,Summer,0.52688026
53732,Summer,0.5790055
53734,Summer,0.39753214
53735,Winter,0.3654992
53737,Summer,0.5103138
53738,Summer,0.57213
53740,Summer,0.7750891
53741,Summer,0.55107254
53742,Summer,0.5189249
53743,Fall,0.39924642
53744,Summer,0.71017945
53745,Summer,0.6054256
53747,Summer,0.57616353
53748,Summer,0.646469
53749,Summer,0.47707233
53750,Summer,0.74395734
53751,Summer,0.8724051
53752,Summer,0.94330984
53753,Summer,0.7958747
53754,Summer,0.77655303
53755,Summer,0.7119991
53756,Winter,0.5272327
53757,Fall,0.46433812
53759,Summer,0.98018986
53760,Summer,0.42270944
53761,Summer,0.9435623
53762,Summer,0.75444734
53763,Summer,0.57027066
53764,Summer,0.740928
53765,Summer,0.85496867
53766,Summer,0.768821
53767,Summer,0.65514576
53768,Summer,0.39570406
53770,Summer,0.711233
53771,Summer,0.67600167
53772,Summer,0.8899143
53773,Summer,0.8167567
53774,Summer,0.8599394
53775,Summer,0.7462075
53776,Summer,0.7066657
53777,Summer,0.49510106
53778,Summer,0.77919024
53779,Summer,0.9580895
53780,Summer,0.86050713
53781,Fall,0.5047332
53782,Summer,0.75252146
53783,Summer,0.90305716
53784,Summer,0.4466139
53785,Summer,0.5915027
53786,Summer,0.80844665
53787,Summer,0.92643875
53788,Summer,0.7828408
53791,Summer,0.95666677
53793,Summer,0.6209318
53794,Fall,0.40099636
53795,Summer,0.95278555
53796,Summer,0.7414389
53797,Summer,0.52556366
53798,Summer,0.6246395
53799,Summer,0.89045453
53800,Summer,0.859771
53801,Summer,0.9764435
53802,Summer,0.9334648
53803,Summer,0.6530988
53804,Summer,0.8935576
53805,Winter,0.42997736
53806,Summer,0.4772668
53807,Summer,0.5815712
53808,Summer,0.9635869
53809,Summer,0.8245639
53810,Summer,0.9976648
53811,Summer,0.9927982
53812,Summer,0.9097944
53813,Summer,0.99227315
53814,Summer,0.6295469
53815,Summer,0.9963288
53816,Summer,0.9854671
53817,Summer,0.66640073
53818,Summer,0.9682501
53819,Summer,0.9913429
53820,Summer,0.9595028
53822,Summer,0.9742401
53823,Summer,0.9790607
53824,Summer,0.9650916
53825,Summer,0.75327647
53826,Summer,0.96854657
53829,Summer,0.71321976
53830,Summer,0.98265326
53832,Summer,0.907019
53833,Summer,0.930083
53834,Summer,0.9802893
53835,Summer,0.8209848
53836,Summer,0.9266951
53837,Summer,0.99534386
53838,Summer,0.9989304
53839,Summer,0.9232126
53840,Summer,0.98426855
53841,Summer,0.9589097
53842,Summer,0.86423206
53843,Summer,0.8077283
53849,Summer,0.83283025
53850,Summer,0.90219355
53851,Summer,0.8658462
53852,Summer,0.73105794
53856,Summer,0.9182506
53857,Summer,0.7924828
53859,Summer,0.8254401
53861,Summer,0.94205797
53863,Summer,0.9398097
53864,Summer,0.9594018
53866,Summer,0.95218
53867,Winter,0.9342548
53868,Winter,0.8531799
53869,Winter,0.84751767
53870,Winter,0.979506
53871,Winter,0.9987423
53872,Summer,0.64527965
53873,Fall,0.549356
53874,Fall,0.5016947
53875,Summer,0.44923627
53876,Winter,0.31864902
53877,Winter,0.39087108
53878,Fall,0.37818336
53879,Fall,0.44722995
53880,Summer,0.3530745
53881,Summer,0.37200743
53882,Summer,0.4704805
53883,Summer,0.46231174
53884,Summer,0.6544179
53886,Winter,0.5754505
53887,Summer,0.8993005
53888,Summer,0.7270307
53889,Summer,0.7742762
53890,Summer,0.47683915
53891,Summer,0.75960064
53892,Summer,0.37323302
53893,Summer,0.71404606
53894,Winter,0.52629566
53895,Summer,0.55834216
53896,Summer,0.6162732
53897,Summer,0.47406185
53900,Summer,0.5137487
53902,Winter,0.63030547
53905,Summer,0.5876704
53907,Winter,0.73666036
53911,Winter,0.6156924
53914,Summer,0.60639846
53918,Winter,0.69572294
53921,Summer,0.5704568
53927,Winter,0.5756594
53928,Summer,0.6219437
53930,Summer,0.53618276
53931,Winter,0.49083042
53934,Summer,0.50612813
53935,Summer,0.50284183
53941,Winter,0.5929013
53942,Winter,0.58979577
53943,Winter,0.5601226
53944,Winter,0.6130096
53946,Summer,0.57042444
53961,Winter,0.73583806
53963,Winter,0.5003092
53964,Winter,0.6513942
53979,Winter,0.49002507
53981,Summer,0.62056583
53985,Summer,0.5430457
53990,Summer,0.7789665
53991,Summer,0.49562198
53994,Winter,0.48455587
53997,Summer,0.50695693
53999,Winter,0.6521907
54000,Summer,0.7295076
54002,Winter,0.64341676
54003,Summer,0.5056011
54007,Summer,0.49942935
54008,Winter,0.5585682
54009,Summer,0.5269499
54014,Summer,0.6826806
54016,Summer,0.6112058
54017,Summer,0.6646188
54018,Winter,0.49036607
54019,Summer,0.67110544
54020,Summer,0.79682285
54031,Summer,0.58317107
54032,Summer,0.79825306
54033,Winter,0.4933174
54035,Summer,0.76688164
54036,Summer,0.47546107
54040,Winter,0.48514444
54041,Summer,0.5183851
54049,Summer,0.8664748
54050,Summer,0.61924535
54051,Summer,0.82286835
54052,Summer,0.5265773
54053,Summer,0.8214955
54054,Summer,0.6474158
54055,Summer,0.61443
54056,Summer,0.6926179
54057,Summer,0.54338557
54058,Winter,0.7502948
54059,Winter,0.42395717
54060,Summer,0.48663116
54061,Spring,0.9999949
54062,Spring,0.99999857
54063,Spring,0.99999964
54064,Spring,0.999962
54065,Summer,0.7919062
54066,Summer,0.45865846
54068,Summer,0.3361182
54069,Summer,0.39984095
54070,Summer,0.52666366
54071,Summer,0.44677386
54072,Fall,0.4741387
54073,Fall,0.5533069
54076,Summer,0.70177937
54077,Winter,0.393767
54078,Summer,0.5673332
54079,Summer,0.96473986
54080,Summer,0.96385366
54081,Summer,0.93913835
54082,Summer,0.9889791
54083,Summer,0.964869
54084,Summer,0.98215574
54086,Summer,0.9850537
54087,Summer,0.94981086
54088,Summer,0.95948887
54089,Summer,0.9932761
54090,Summer,0.9733835
54095,Summer,0.57061166
54103,Winter,0.86983883
54104,Winter,0.9591137
54105,Winter,0.8582993
54106,Winter,0.80122066
54107,Winter,0.93603957
54108,Winter,0.73324305
54109,Winter,0.72712207
54110,Winter,0.9821147
54111,Winter,0.975251
54112,Winter,0.9819785
54113,Winter,0.936458
54114,Winter,0.76727116
54115,Winter,0.89933103
54116,Winter,0.54456997
54117,Winter,0.9444309
54118,Winter,0.95705944
54119,Winter,0.98124504
54120,Winter,0.69040805
54121,Winter,0.7194904
54122,Winter,0.9166439
54123,Winter,0.95301545
54124,Winter,0.63644755
54125,Winter,0.9441591
54126,Winter,0.9861102
54127,Winter,0.9433444
54128,Winter,0.7501676
54129,Winter,0.5837689
54130,Winter,0.869282
54131,Winter,0.93180895
54132,Winter,0.87678295
54133,Winter,0.8125807
54134,Winter,0.79649305
54135,Winter,0.5152792
54136,Winter,0.6852952
54137,Winter,0.9740326
54138,Winter,0.9611606
54139,Winter,0.96893007
54140,Winter,0.9841666
54141,Winter,0.9273501
54142,Winter,0.93304455
54143,Winter,0.9072358
54144,Winter,0.9508181
54145,Winter,0.58292603
54146,Summer,0.7661266
54147,Summer,0.41956085
54148,Summer,0.9512383
54149,Winter,0.9100441
54150,Fall,0.39087656
54151,Winter,0.76725334
54152,Winter,0.9080786
54153,Summer,0.698668
54154,Winter,0.71487445
54155,Winter,0.65240103
54156,Winter,0.7478904
54157,Winter,0.5724623
54158,Winter,0.57737005
54159,Winter,0.5848417
54160,Winter,0.71222097
54161,Summer,0.48668975
54162,Winter,0.87847316
54163,Winter,0.62636095
54164,Summer,0.45783058
54165,Winter,0.7590744
54166,Winter,0.80900794
54167,Winter,0.64212453
54168,Summer,0.69728005
54169,Winter,0.7560884
54170,Winter,0.7624548
54171,Winter,0.3797231
54172,Winter,0.94259775
54173,Summer,0.6445224
54174,Winter,0.63868576
54175,Winter,0.7215429
54176,Summer,0.5245033
54177,Winter,0.6060505
54178,Winter,0.5311017
54182,Summer,0.5829398
54183,Summer,0.75991696
54185,Summer,0.36996362
54186,Summer,0.9902379
54187,Summer,0.8690671
54188,Winter,0.6403828
54189,Summer,0.77245295
54192,Fall,0.4755196
54194,Summer,0.46415827
54200,Fall,0.48416507
54202,Summer,0.88617027
54225,Summer,0.5344824
54226,Summer,0.64756435
54228,Winter,0.74708354
54229,Winter,0.57999045
54252,Summer,0.65075266
54280,Summer,0.552741
54302,Summer,0.80274945
54303,Summer,0.8428303
54304,Summer,0.6492442
54305,Summer,0.87631327
54306,Summer,0.5440006
54307,Summer,0.56075495
54311,Summer,0.873402
54318,Summer,0.70479095
54319,Summer,0.92537206
54320,Summer,0.852916
54325,Summer,0.62433034
54326,Summer,0.75277394
54327,Winter,0.5547151
54328,Summer,0.90876216
54329,Summer,0.79015964
54330,Summer,0.8985655
54332,Summer,0.900582
54334,Fall,0.8923636
54338,Summer,0.92325467
54339,Summer,0.6195082
54340,Summer,0.6647056
54341,Summer,0.7012081
54342,Summer,0.8180024
54343,Summer,0.5894768
54344,Summer,0.75778604
54345,Summer,0.58598375
54346,Summer,0.96524775
54375,Summer,0.5227317
54380,Summer,0.54687995
54381,Summer,0.5332166
54382,Winter,0.7255279
54383,Summer,0.6183125
54384,Winter,0.48894554
54385,Summer,0.47548607
54386,Winter,0.65409106
54387,Summer,0.53189474
54388,Winter,0.45837393
54389,Summer,0.53039306
54390,Summer,0.6435759
54391,Summer,0.4332613
54392,Winter,0.4986403
54393,Summer,0.48405403
54394,Summer,0.53636974
54395,Summer,0.64799076
54396,Summer,0.4959289
54397,Winter,0.49439257
54398,Summer,0.5352712
54399,Summer,0.5511608
54400,Summer,0.57628953
54401,Summer,0.60887647
54402,Summer,0.6671936
54403,Summer,0.5165441
54404,Summer,0.6930652
54405,Summer,0.64446986
54406,Winter,0.5960464
54407,Summer,0.67198974
54408,Winter,0.54038346
54409,Summer,0.48836896
54410,Summer,0.754379
54411,Summer,0.65637624
54412,Summer,0.6776866
54475,Winter,0.6720892
54476,Winter,0.91249245
54477,Summer,0.6100613
54478,Summer,0.6110147
54479,Summer,0.85409606
54480,Summer,0.6121104
54481,Summer,0.8183689
54482,Summer,0.8996971
54483,Winter,0.7428338
54484,Winter,0.764994
54485,Winter,0.69698733
54486,Summer,0.8055966
54487,Summer,0.6986818
54488,Winter,0.5093427
54489,Summer,0.5773386
54490,Summer,0.52695984
54491,Winter,0.5605849
54492,Summer,0.58607566
54493,Winter,0.640124
54494,Winter,0.47073865
54495,Winter,0.53502315
54496,Winter,0.57682294
54497,Winter,0.4491874
54498,Winter,0.51291144
54499,Winter,0.6893364
54500,Winter,0.48696935
54501,Winter,0.5299653
54502,Winter,0.70928603
54503,Summer,0.45146793
54504,Winter,0.6203852
54505,Summer,0.79798883
54506,Summer,0.65352154
54507,Summer,0.59029096
54508,Summer,0.7132452
54509,Summer,0.774093
54510,Winter,0.49683553
54511,Summer,0.63109696
54512,Summer,0.56068224
54513,Fall,0.35702696
54514,Summer,0.43722802
54515,Fall,0.49289995
54516,Summer,0.5711535
54517,Summer,0.5869472
54518,Fall,0.6073814
54519,Summer,0.5988797
54520,Summer,0.5833211
54521,Fall,0.7236877
54522,Summer,0.59283316
54523,Summer,0.56995
54524,Summer,0.47370356
54525,Summer,0.5446325
54526,Fall,0.67726916
54527,Summer,0.34738877
54528,Summer,0.4866216
54529,Fall,0.56617206
54530,Summer,0.61571795
54533,Summer,0.49908972
54534,Summer,0.529051
54535,Summer,0.5662774
54536,Summer,0.33199394
54537,Summer,0.49401996
54538,Fall,0.5567777
54539,Summer,0.6386379
54540,Summer,0.53199065
54541,Summer,0.35602853
54542,Summer,0.49999857
54543,Fall,0.50716263
54544,Fall,0.5126582
54545,Summer,0.633094
54546,Summer,0.46035716
54547,Summer,0.99576676
54548,Summer,0.9892281
54549,Summer,0.9827539
54550,Summer,0.99463826
54551,Summer,0.9453234
54553,Summer,0.973004
54554,Summer,0.98875
54555,Summer,0.9496359
54556,Summer,0.985292
54557,Summer,0.99523747
54558,Summer,0.9935278
54559,Summer,0.99371475
54561,Summer,0.99629325
54562,Summer,0.9931579
54563,Summer,0.9873761
54564,Summer,0.9747859
54565,Summer,0.89337415
54566,Summer,0.976765
54567,Summer,0.90292066
54568,Summer,0.98393536
54569,Summer,0.8878098
54570,Summer,0.81381583
54571,Summer,0.80956084
54572,Summer,0.72024125
54573,Summer,0.9884244
54574,Summer,0.9522673
54575,Summer,0.89373404
54576,Summer,0.52423406
54577,Summer,0.67110574
54578,Summer,0.93897295
54579,Summer,0.97024494
54580,Summer,0.95542556
54581,Summer,0.7347188
54582,Summer,0.95146734
54584,Summer,0.9537658
54585,Summer,0.9564643
54586,Summer,0.9250883
54587,Summer,0.9069655
54588,Summer,0.98987913
54589,Summer,0.9123853
54590,Summer,0.94042236
54595,Summer,0.7996993
54596,Summer,0.8560113
54597,Summer,0.59111357
54598,Fall,0.62011415
54599,Summer,0.684204
54600,Summer,0.8810852
54601,Summer,0.8627135
54602,Summer,0.85829055
54603,Summer,0.9722882
54604,Summer,0.974595
54605,Summer,0.8733541
54606,Summer,0.7385305
54607,Summer,0.68006045
54608,Summer,0.87585646
54609,Summer,0.57135797
54610,Winter,0.6494327
54611,Summer,0.5900608
54612,Summer,0.4691559
54613,Summer,0.97545063
54614,Summer,0.9805862
54615,Summer,0.9046465
54616,Summer,0.9042864
54617,Summer,0.9748106
54618,Summer,0.83744144
54619,Winter,0.9983917
54620,Winter,0.9994504
54621,Winter,0.9979388
54622,Winter,0.9948828
54623,Winter,0.97169554
54625,Winter,0.9990791
54626,Winter,0.99945873
54627,Winter,0.9985436
54628,Winter,0.99929976
54629,Winter,0.99950385
54630,Winter,0.9997775
54631,Winter,0.998252
54632,Winter,0.9981817
54633,Winter,0.9311854
54634,Winter,0.99256283
54635,Winter,0.98478055
54636,Winter,0.9984883
54637,Winter,0.99787545
54638,Winter,0.9993192
54639,Winter,0.9992817
54640,Winter,0.99806577
54641,Winter,0.9995814
54642,Winter,0.999418
54643,Winter,0.99946386
54644,Winter,0.99832755
54645,Winter,0.9988967
54646,Winter,0.9878985
54647,Winter,0.99619305
54648,Winter,0.99564856
54649,Winter,0.8758222
54650,Winter,0.9969349
54651,Winter,0.96870697
54652,Winter,0.85894436
54653,Winter,0.99556196
54654,Winter,0.99978834
54655,Winter,0.9993874
54656,Winter,0.99911314
54657,Winter,0.99857163
54658,Winter,0.999617
54659,Winter,0.9970818
54660,Winter,0.9927164
54661,Winter,0.99775416
54662,Winter,0.99777526
54663,Winter,0.9966736
54664,Winter,0.9811911
54665,Winter,0.9866899
54666,Winter,0.9985967
54667,Winter,0.99955744
54668,Winter,0.99920565
54669,Winter,0.948448
54670,Winter,0.9937655
54671,Winter,0.9946326
54672,Winter,0.99460185
54674,Winter,0.9975076
54675,Winter,0.9996642
54676,Winter,0.96669465
54677,Winter,0.96024454
54678,Winter,0.99584323
54679,Winter,0.9951912
54680,Summer,0.8772971
54681,Summer,0.9881088
54682,Summer,0.99394965
54683,Summer,0.9219548
54684,Summer,0.9775212
54685,Summer,0.89644915
54686,Summer,0.9332176
54687,Summer,0.9433566
54688,Summer,0.95910525
54689,Summer,0.9873537
54690,Summer,0.9292934
54691,Summer,0.9849509
54692,Summer,0.9291659
54693,Summer,0.89129466
54694,Summer,0.9347218
54695,Summer,0.9444188
54696,Summer,0.9618595
54697,Summer,0.9940667
54698,Summer,0.9485131
54699,Summer,0.98840886
54700,Summer,0.8963886
54702,Summer,0.95531744
54703,Summer,0.6906418
54704,Summer,0.9481167
54705,Summer,0.9514722
54706,Summer,0.9941597
54708,Summer,0.9826155
54710,Summer,0.88603514
54711,Summer,0.9783288
54712,Summer,0.9825379
54713,Summer,0.79628986
54714,Fall,0.5235288
54715,Summer,0.7753284
54716,Summer,0.9759235
54717,Summer,0.9078254
54718,Summer,0.8647716
54719,Summer,0.95775247
54720,Summer,0.92794514
54721,Summer,0.8721572
54722,Summer,0.9104187
54723,Summer,0.6537887
54724,Summer,0.8429623
54725,Summer,0.76012766
54726,Summer,0.9599079
54727,Summer,0.9560214
54728,Summer,0.7041328
54729,Fall,0.43752152
54730,Summer,0.42401004
54731,Summer,0.7285969
54732,Summer,0.7565855
54733,Summer,0.5828802
54734,Fall,0.37504542
54735,Summer,0.6752965
54736,Summer,0.61684984
54737,Summer,0.6586632
54738,Fall,0.341417
54739,Summer,0.6400299
54740,Summer,0.37256315
54741,Summer,0.68089366
54742,Summer,0.49409992
54744,Summer,0.9543761
54767,Summer,0.9836743
54792,Summer,0.72482485
54794,Summer,0.5307962
54796,Summer,0.54603755
54800,Summer,0.45637867
54804,Summer,0.56936616
54805,Summer,0.5267562
54807,Summer,0.52215177
54808,Winter,0.5729483
54812,Summer,0.5540328
54813,Summer,0.5661853
54819,Winter,0.49079213
54823,Winter,0.5275755
54827,Summer,0.5568115
54828,Summer,0.51079595
54829,Winter,0.45682663
54831,Summer,0.7303578
54834,Summer,0.6092596
54836,Winter,0.636884
54838,Summer,0.57092756
54842,Winter,0.7435265
54849,Winter,0.68328464
54850,Winter,0.59981704
54851,Winter,0.45792115
54852,Fall,0.6397057
54853,Fall,0.5184514
54854,Winter,0.49606067
54856,Fall,0.59373206
54857,Winter,0.4769545
54858,Winter,0.52647734
54859,Winter,0.97154266
54860,Winter,0.42740968
54861,Winter,0.55255234
54862,Winter,0.8616769
54863,Fall,0.8390909
54864,Summer,0.5226199
54865,Summer,0.6762363
54866,Fall,0.40989402
54867,Summer,0.674227
54868,Winter,0.4338003
54869,Winter,0.67771786
54870,Winter,0.50268793
54871,Winter,0.6195561
54872,Summer,0.46076128
54873,Summer,0.6318716
54874,Winter,0.6057547
54875,Winter,0.9293347
54876,Winter,0.52105165
54877,Winter,0.6772281
54878,Winter,0.65868515
54879,Winter,0.79418415
54880,Winter,0.49497765
54881,Winter,0.8547903
54882,Winter,0.9289789
54883,Summer,0.3878851
54884,Winter,0.7412965
54885,Winter,0.47444528
54886,Summer,0.66189456
54888,Winter,0.9393182
54889,Summer,0.7631882
54890,Summer,0.8872757
54891,Summer,0.6907121
54894,Summer,0.64266545
54896,Summer,0.8061481
54897,Summer,0.4837379
54899,Summer,0.78591204
54900,Summer,0.90172726
54901,Summer,0.8687641
54902,Summer,0.9105226
54903,Summer,0.8991768
54904,Summer,0.8947057
54905,Summer,0.8130392
54906,Summer,0.985509
54907,Summer,0.57404906
54908,Summer,0.904128
54909,Summer,0.8347784
54911,Summer,0.90039456
54913,Summer,0.8507873
54914,Summer,0.9474906
54915,Summer,0.8207492
54918,Summer,0.5633442
54919,Summer,0.5666631
54921,Summer,0.8798621
54923,Summer,0.82411206
54924,Summer,0.69928294
54925,Summer,0.8849452
54926,Summer,0.9218916
54927,Summer,0.93352664
54928,Summer,0.83161914
54929,Summer,0.6137085
54930,Summer,0.97830075
54931,Summer,0.79736024
54932,Summer,0.81094944
54933,Summer,0.54056484
54934,Summer,0.64069927
54935,Summer,0.6456698
54936,Summer,0.95993006
54937,Summer,0.80469745
54938,Summer,0.61885726
54939,Summer,0.87261885
54940,Summer,0.7199812
54941,Summer,0.88792014
54942,Summer,0.97305083
54943,Summer,0.8089709
54944,Summer,0.8333533
54945,Summer,0.6489061
54946,Summer,0.9539153
54947,Summer,0.91378516
54948,Summer,0.9499443
54949,Summer,0.6631773
54950,Summer,0.9311501
54951,Summer,0.47356543
54953,Summer,0.978161
54954,Summer,0.79532933
54955,Summer,0.83804774
54957,Summer,0.655101
54958,Summer,0.7762955
54959,Summer,0.7592254
54960,Summer,0.9624377
54961,Summer,0.9828241
54964,Summer,0.9785769
54965,Summer,0.8138798
54966,Winter,0.35614792
54967,Spring,1.0
54968,Spring,1.0
54969,Spring,1.0
54970,Spring,0.995999
54971,Summer,0.9597772
54972,Summer,0.9582328
54973,Summer,0.9846784
54974,Summer,0.9876208
54975,Summer,0.8993492
54976,Summer,0.98855233
54977,Summer,0.85908633
54978,Summer,0.95177716
54979,Summer,0.9776874
54980,Summer,0.7201442
54981,Summer,0.5548791
54982,Summer,0.9196847
54983,Summer,0.9538092
54984,Summer,0.8715718
54985,Summer,0.8675496
54986,Summer,0.671773
54987,Summer,0.990581
54988,Summer,0.7720669
54989,Summer,0.9872903
54990,Summer,0.8080609
54991,Summer,0.96306485
54992,Summer,0.95653707
54993,Summer,0.9917892
54995,Spring,0.97917134
54997,Spring,0.97548157
55000,Spring,0.9776608
55001,Spring,0.9975528
55002,Spring,0.97537804
55003,Spring,0.9892319
55004,Winter,0.5870831
55005,Spring,0.9695333
55006,Spring,0.9999051
55007,Spring,0.9999012
55008,Spring,0.9999058
55009,Spring,0.9999082
55010,Spring,0.9999398
55012,Spring,0.9999963
55013,Spring,0.99999714
55015,Spring,0.9999964
55016,Spring,0.99999845
55018,Spring,0.99999654
55020,Spring,0.9999963
55021,Spring,0.99976593
55022,Spring,0.9997503
55023,Spring,0.9997104
55024,Spring,0.9997793
55025,Spring,0.99971956
55026,Spring,0.99971586
55027,Spring,0.99976283
55028,Spring,0.99973005
55029,Spring,0.99977237
55030,Spring,0.99976546
55031,Spring,0.9997478
55032,Spring,0.99962544
55033,Spring,0.9997793
55034,Spring,0.9971271
55035,Spring,0.9997868
55036,Spring,0.9997713
55037,Spring,0.9997739
55038,Spring,0.99978083
55039,Spring,0.99292165
55040,Spring,0.9989999
55041,Spring,0.9999963
55042,Spring,0.99974054
55043,Spring,0.9997638
55044,Spring,0.9997142
55045,Spring,0.9998124
55046,Spring,0.9998056
55047,Spring,0.9545028
55048,Spring,0.99989486
55049,Spring,0.9998554
55050,Spring,0.9998248
55051,Spring,0.999368
55052,Spring,0.9998159
55053,Spring,0.99979633
55054,Spring,0.99987113
55055,Spring,0.99979454
55056,Spring,0.9998634
55057,Spring,0.99993694
55058,Spring,0.9998259
55059,Spring,0.999915
55060,Spring,0.9998093
55061,Spring,0.9998312
55062,Spring,0.9997776
55063,Spring,0.99449736
55064,Spring,0.9996395
55065,Spring,0.9997434
55066,Spring,0.99983394
55067,Spring,0.9699308
55068,Spring,0.9994369
55069,Spring,0.9998171
55070,Spring,0.9999175
55071,Spring,0.99999905
55072,Spring,0.999992
55073,Spring,0.9999896
55074,Spring,0.99998415
55075,Spring,0.9996501
55078,Spring,0.9056252
55079,Spring,0.9244741
55080,Summer,0.5096826
55081,Spring,0.644134
55083,Summer,0.63991416
55086,Spring,0.99897206
55087,Spring,0.9971861
55089,Summer,0.52767587
55090,Summer,0.5160284
55093,Winter,0.46397528
55094,Spring,0.99974936
55095,Spring,0.9999999
55097,Spring,0.99995804
55098,Winter,0.42945144
55099,Spring,1.0
55100,Spring,0.92295605
55101,Fall,0.49344173
55107,Summer,0.45974427
55108,Winter,0.586023
55109,Spring,0.97686607
55110,Spring,0.6040372
55111,Spring,0.5482484
55112,Spring,0.6131828
55113,Summer,0.57311815
55114,Summer,0.5487505
55115,Summer,0.63227904
55116,Summer,0.38747
55117,Summer,0.40448573
55118,Summer,0.3941512
55119,Spring,0.8305596
55120,Spring,0.99999464
55121,Spring,1.0
55122,Spring,0.99998164
55123,Spring,0.99842227
55124,Spring,0.999998
55125,Spring,0.9999937
55126,Spring,0.99999857
55127,Spring,0.9997913
55128,Spring,0.9999795
55129,Spring,0.99994254
55130,Spring,0.9999949
55131,Spring,0.9999925
55132,Spring,0.9998388
55133,Spring,0.99999475
55134,Spring,0.99995136
55135,Spring,0.9999813
55136,Spring,0.9999999
55137,Spring,0.99996364
55138,Spring,1.0
55139,Spring,0.9999354
55140,Spring,0.8290286
55141,Spring,0.9999697
55142,Spring,0.85145813
55143,Spring,0.9999727
55144,Spring,0.94467306
55145,Spring,0.99988127
55146,Spring,0.99997544
55147,Spring,0.99995375
55148,Spring,0.99998724
55149,Spring,0.9999808
55150,Spring,0.9999783
55151,Spring,0.999985
55152,Spring,0.99998426
55153,Spring,0.99999845
55154,Spring,0.99993515
55155,Spring,1.0
55156,Spring,1.0
55157,Spring,0.99995637
55158,Spring,0.9999833
55159,Spring,0.9999443
55160,Spring,0.99995506
55161,Spring,0.9999721
55162,Spring,0.9999461
55163,Spring,0.9999844
55164,Spring,1.0
55165,Spring,0.9999802
55166,Spring,0.9999927
55168,Spring,0.9999708
55170,Spring,0.8672373
55172,Spring,0.99999905
55173,Spring,0.99983823
55175,Spring,0.99999595
55177,Spring,0.9998809
55179,Spring,0.99999464
55180,Spring,0.9999994
55181,Spring,0.9759999
55184,Spring,0.99999964
55185,Spring,0.97588694
55186,Spring,0.9999894
55187,Spring,0.99800926
55190,Spring,0.9997402
55191,Spring,0.999954
55192,Spring,0.8205023
55194,Spring,0.9954111
55195,Spring,0.9998592
55196,Winter,0.5145844
55197,Spring,0.9993845
55198,Spring,0.99933136
55200,Spring,0.9973116
55201,Spring,0.99645644
55202,Winter,0.6265651
55203,Winter,0.5785327
55205,Spring,0.9942648
55206,Spring,0.9998623
55208,Spring,0.9998579
55209,Spring,0.9891501
55210,Spring,0.9864007
55211,Spring,0.9999919
55212,Spring,0.9993345
55213,Spring,0.987598
55214,Spring,0.9170285
55215,Spring,0.9998287
55216,Spring,0.9667644
55217,Spring,0.99971
55218,Spring,0.9999962
55219,Spring,0.9999422
55220,Spring,0.99994874
55221,Spring,0.9999337
55222,Spring,0.9998135
55223,Spring,0.9996352
55224,Spring,0.9997552
55225,Spring,0.99999714
55226,Spring,0.9994412
55227,Spring,0.9811621
55228,Spring,0.9964528
55229,Spring,0.9992323
55230,Summer,0.5193036
55231,Summer,0.52029955
55232,Summer,0.5141214
55233,Spring,0.99988353
55234,Spring,0.9999999
55235,Spring,0.9999999
55236,Spring,0.9997875
55237,Spring,0.99996626
55238,Spring,0.9998703
55239,Spring,0.9998666
55240,Spring,1.0
55241,Spring,0.9999982
55242,Spring,1.0
55243,Spring,0.99999964
55244,Spring,0.9771213
55245,Spring,0.98369265
55246,Spring,0.9874679
55247,Spring,0.7755707
55248,Spring,0.92537266
55249,Spring,0.92390454
55250,Spring,0.67520076
55251,Winter,0.3889781
55252,Spring,0.9985905
55253,Spring,0.9998963
55254,Spring,0.9998976
55255,Spring,0.9998845
55256,Spring,0.61328566
55257,Spring,0.99999034
55258,Spring,0.9998784
55259,Spring,0.99998546
55260,Spring,0.9999887
55261,Spring,0.9999771
55262,Spring,0.99984527
55263,Spring,0.9987317
55264,Spring,0.99572057
55265,Spring,0.99925023
55266,Spring,1.0
55267,Spring,0.9999999
55268,Spring,0.99999225
55269,Spring,0.9999906
55270,Spring,0.41904688
55271,Spring,0.99575055
55272,Spring,0.9999738
55273,Spring,0.9892908
55274,Spring,0.98894495
55275,Summer,0.42318988
55276,Summer,0.42329615
55277,Spring,0.92463297
55278,Spring,0.9677298
55280,Spring,0.99397874
55281,Spring,0.31685996
55282,Spring,0.5910653
55283,Spring,0.6062009
55284,Spring,0.6317227
55285,Winter,0.46934295
55286,Spring,0.6362809
55287,Spring,0.9962574
55288,Spring,0.9958948
55289,Spring,0.9958948
55290,Spring,0.5579369
55291,Spring,0.9923316
55292,Spring,0.6810674
55293,Spring,0.41720325
55294,Spring,0.9838801
55295,Spring,0.99168164
55296,Summer,0.29498795
55297,Summer,0.29740316
55298,Summer,0.28268608
55299,Summer,0.27088642
55300,Spring,0.9998714
55301,Spring,0.99939084
55306,Summer,0.85231084
55307,Fall,0.5036417
55314,Summer,0.65152705
55315,Summer,0.39876983
55316,Summer,0.6726561
55317,Summer,0.8243671
55318,Summer,0.7472788
55319,Spring,0.9434315
55320,Summer,0.8186019
55321,Spring,0.9998605
55322,Summer,0.7666156
55323,Winter,0.5782309
55324,Spring,0.9910978
55325,Winter,0.36502522
55326,Spring,0.9999902
55328,Spring,0.9980038
55329,Spring,0.67837703
55330,Spring,0.446013
55331,Spring,0.47964492
55332,Winter,0.46084213
55333,Summer,0.38177067
55334,Winter,0.4942015
55335,Spring,0.35431364
55336,Spring,0.85419434
55337,Spring,0.999985
55338,Spring,0.99735093
55339,Spring,0.99970406
55344,Spring,0.9999995
55347,Spring,0.99999905
55349,Winter,0.32263574
55350,Spring,0.94557
55351,Spring,0.9999827
55352,Spring,0.99322975
55354,Spring,0.9999957
55357,Spring,0.9999769
55358,Spring,0.99968493
55359,Spring,0.9999013
55361,Spring,0.9999813
55362,Spring,0.9999993
55363,Spring,0.9999943
55364,Spring,0.9999937
55365,Spring,0.9999715
55366,Spring,0.9999747
55368,Spring,0.99991226
55369,Spring,0.9999908
55370,Spring,0.9999417
55373,Spring,0.99948967
55375,Spring,0.99972063
55376,Spring,0.9999926
55377,Spring,0.9999337
55378,Spring,0.9999745
55379,Spring,0.99977833
55380,Spring,0.99993074
55381,Spring,0.9998764
55382,Spring,0.99999595
55383,Spring,0.99957556
55384,Spring,0.9999882
55385,Summer,0.46861067
55387,Spring,0.9998708
55388,Spring,0.9998305
55389,Spring,0.999998
55390,Spring,0.99996483
55391,Spring,0.99998856
55392,Spring,0.9998785
55394,Summer,0.76698637
55395,Spring,0.9997774
55396,Spring,0.99996185
55397,Spring,0.99999976
55398,Summer,0.52568746
55399,Spring,0.9976846
55400,Spring,0.9981609
55402,Spring,0.9976248
55407,Spring,0.99999976
55408,Spring,0.9999907
55409,Spring,0.9994646
55410,Spring,0.99999976
55418,Summer,0.38595775
55419,Spring,0.99999106
55420,Spring,0.99997663
55421,Spring,0.56074184
55423,Spring,0.9999821
55424,Summer,0.34587646
55425,Summer,0.33112866
55426,Spring,0.9999877
55427,Spring,0.38653445
55428,Spring,0.99996483
55429,Spring,0.9999691
55430,Spring,0.49827737
55431,Summer,0.48122653
55432,Spring,0.6142264
55433,Spring,0.5260652
55434,Fall,0.4055078
55436,Spring,0.40009016
55437,Fall,0.4122023
55438,Spring,0.563412
55439,Spring,0.42001888
55440,Spring,0.64931023
55441,Summer,0.47517923
55442,Fall,0.36607733
55443,Spring,0.99103546
55444,Spring,0.9999999
55445,Spring,0.99998224
55446,Spring,0.9999999
55447,Spring,0.99997365
55448,Spring,0.99997365
55449,Spring,0.9999999
55450,Spring,0.9999945
55451,Spring,0.999977
55454,Spring,0.9999567
55455,Spring,0.9983753
55456,Fall,0.59460855
55457,Spring,0.99810827
55458,Spring,0.9982553
55459,Fall,0.5706801
55460,Spring,0.9930316
55461,Fall,0.5899691
55462,Spring,0.99983907
55463,Spring,0.9999013
55464,Spring,0.9999207
55465,Spring,0.9999331
55466,Fall,0.77125
55467,Fall,0.582921
55468,Spring,0.9999193
55469,Spring,0.9999124
55470,Spring,0.9844317
55471,Fall,0.6066914
55472,Fall,0.58623713
55473,Spring,0.9986234
55474,Spring,0.99999595
55475,Spring,0.99999607
55476,Spring,0.9999957
55477,Spring,0.99999547
55478,Spring,0.9999646
55479,Spring,0.9999957
55480,Spring,0.9999908
55482,Spring,0.9999994
55485,Spring,0.9999937
55486,Spring,0.99983263
55487,Spring,0.9999987
55488,Spring,0.9998857
55489,Spring,0.9987948
55490,Spring,0.99946636
55491,Spring,0.9997279
55492,Spring,0.9992461
55493,Spring,0.99717087
55494,Spring,0.9960984
55495,Spring,0.9943836
55496,Spring,0.9965186
55497,Spring,0.99995613
55498,Spring,0.9979196
55499,Spring,0.99993896
55500,Spring,0.99957436
55501,Spring,0.99803895
55502,Spring,0.99813807
55503,Spring,0.99982786
55504,Spring,0.9999795
55505,Spring,0.9999732
55506,Spring,0.99984133
55507,Spring,0.9975079
55508,Spring,0.9999745
55509,Spring,0.99976295
55510,Spring,0.9998172
55511,Spring,0.9998468
55512,Spring,0.9998307
55513,Winter,0.36357537
55514,Summer,0.34052977
55516,Spring,0.90770537
55517,Spring,0.54400647
55518,Spring,0.77169764
55519,Summer,0.7993218
55520,Spring,0.9949262
55521,Spring,0.9980913
55522,Spring,0.9977356
55523,Spring,0.97870356
55524,Spring,0.9370028
55525,Spring,0.9260278
55526,Spring,0.9848401
55527,Spring,0.97883797
55528,Spring,0.9803319
55529,Spring,0.99992216
55530,Spring,0.99999523
55531,Spring,0.9999877
55532,Spring,0.9999981
55533,Spring,0.9993124
55534,Spring,0.9974421
55535,Spring,0.99999547
55536,Spring,0.9999994
55537,Spring,0.99999785
55538,Spring,0.9939229
55539,Spring,0.988863
55540,Summer,0.44964993
55541,Spring,0.99993
55542,Spring,0.99996626
55543,Spring,0.99981767
55544,Spring,0.99987686
55545,Spring,0.99981385
55546,Spring,0.99992037
55547,Spring,0.99981993
55548,Spring,0.9997682
55549,Spring,0.9998908
55550,Spring,0.9992561
55551,Spring,0.9999963
55553,Spring,0.99987125
55556,Spring,0.9993113
55557,Spring,0.9822494
55558,Spring,0.9853587
55559,Spring,1.0
55560,Spring,0.99803644
55561,Spring,0.5791372
55564,Spring,0.9999778
55565,Spring,1.0
55568,Spring,0.99999917
55569,Summer,0.42743215
55570,Spring,1.0
55571,Spring,1.0
55572,Spring,0.9722787
55573,Spring,0.92490417
55574,Spring,0.9938193
55575,Spring,0.5782172
55576,Spring,0.99428093
55577,Summer,0.559622
55578,Winter,0.44971484
55579,Winter,0.42695245
55580,Winter,0.6768285
55581,Spring,0.99961865
55582,Spring,0.9995826
55583,Spring,0.9992237
55584,Spring,0.9937457
55585,Spring,0.9953027
55586,Spring,0.99597675
55587,Spring,0.99999964
55590,Summer,0.79596823
55591,Summer,0.5141524
55595,Summer,0.4119873
55597,Summer,0.4966944
55599,Summer,0.88806933
55608,Summer,0.7358299
55612,Winter,0.4945385
55613,Winter,0.48120952
55614,Summer,0.36100313
55615,Summer,0.385397
55616,Summer,0.45630783
55617,Winter,0.43023792
55618,Winter,0.48922625
55619,Winter,0.4561655
55620,Winter,0.5438278
55621,Winter,0.43597358
55622,Winter,0.36803707
55623,Summer,0.41157967
55624,Summer,0.37644228
55625,Winter,0.35547945
55626,Winter,0.35613918
55627,Winter,0.39217085
55628,Winter,0.4608577
55629,Winter,0.4533183
55630,Winter,0.6580898
55631,Winter,0.57568914
55632,Summer,0.31724975
55633,Winter,0.90772843
55634,Winter,0.9784703
55635,Winter,0.8753631
55636,Winter,0.7059282
55637,Winter,0.92717534
55638,Winter,0.9615381
55639,Winter,0.5233814
55640,Winter,0.82673484
55641,Winter,0.84389687
55642,Winter,0.407125
55643,Winter,0.9187829
55644,Winter,0.4921303
55645,Winter,0.4210757
55646,Winter,0.84214085
55647,Winter,0.33593944
55648,Winter,0.4086066
55649,Winter,0.95779467
55650,Winter,0.95585346
55651,Winter,0.68453085
55652,Winter,0.79307973
55653,Winter,0.395464
55654,Winter,0.5492793
55655,Winter,0.77558273
55656,Winter,0.9386715
55657,Winter,0.82940096
55783,Summer,0.56594425
55784,Summer,0.7164899
55785,Summer,0.94678766
55786,Summer,0.63320005
55787,Summer,0.97664547
55788,Summer,0.98780966
55789,Summer,0.92685664
55790,Summer,0.7349796
55791,Summer,0.6425836
55794,Summer,0.91998154
55795,Summer,0.97022116
55796,Summer,0.74874336
55797,Summer,0.6294933
55798,Summer,0.59014034
55799,Summer,0.9395428
55800,Summer,0.9766716
55801,Summer,0.9580385
55802,Summer,0.9672704
55803,Summer,0.9120575
55804,Summer,0.87601936
55805,Summer,0.91087264
55806,Summer,0.9607934
55807,Summer,0.9101429
55809,Summer,0.8379862
55810,Summer,0.8089729
55811,Summer,0.93049204
55812,Summer,0.97358286
55813,Summer,0.8415162
55814,Summer,0.7733726
55817,Summer,0.9926681
55818,Summer,0.90473354
55819,Summer,0.90630114
55821,Summer,0.73590523
55822,Summer,0.84091324
55823,Summer,0.89294344
55824,Summer,0.9669347
55825,Summer,0.68633395
55826,Summer,0.8420141
55827,Summer,0.7717497
55828,Summer,0.91296786
55829,Summer,0.91780627
55830,Summer,0.75174725
55831,Summer,0.8704699
55832,Summer,0.92635024
55833,Spring,0.99986947
55834,Summer,0.50912935
55835,Spring,0.99998796
55836,Spring,0.9999696
55837,Spring,0.9999989
55838,Spring,0.9999981
55839,Spring,0.9999974
55840,Spring,0.999998
55841,Spring,0.99999774
55842,Spring,0.9999993
55843,Spring,0.9999987
55844,Spring,0.9999949
55845,Spring,0.9999994
55846,Spring,0.9999994
55847,Spring,0.9999993
55848,Spring,0.8567017
55849,Spring,0.9999924
55850,Spring,0.9999993
55851,Spring,0.99999833
55852,Spring,0.99999964
55853,Spring,0.99999774
55854,Spring,0.9999993
55855,Spring,0.99999964
55856,Spring,0.99999964
55857,Spring,0.9999995
55858,Spring,0.9999995
55859,Spring,0.9999994
55860,Spring,0.9999988
55861,Spring,0.99988353
55862,Spring,0.99997294
55863,Spring,0.99998915
55864,Spring,0.9999027
55865,Spring,0.99999726
55866,Spring,0.9999609
55867,Spring,0.9989882
55868,Spring,0.9999981
55869,Spring,0.9462506
55870,Spring,0.999977
55871,Spring,0.99999976
55872,Spring,0.9999857
55873,Spring,0.9999976
55874,Spring,0.9999993
55875,Spring,0.9983896
55876,Spring,0.983208
55877,Spring,0.9999974
55878,Spring,0.9999988
55879,Spring,0.9999896
55880,Spring,0.9999496
55881,Spring,0.9999995
55882,Spring,0.9998896
55883,Spring,0.99941015
55884,Spring,0.99995744
55885,Spring,0.99998736
55886,Spring,0.99997175
55887,Spring,0.99997485
55888,Spring,0.9998852
55889,Spring,0.99998844
55890,Spring,0.99999475
55891,Spring,0.99986804
55892,Spring,0.9944084
55893,Spring,0.999485
55894,Spring,0.9992061
55895,Spring,0.99998593
55896,Spring,0.99613154
55897,Spring,0.99992
55898,Fall,0.572511
55899,Spring,0.99993956
55900,Spring,0.9999995
55901,Spring,0.87409234
55902,Spring,0.9999591
55903,Spring,0.9999988
55904,Spring,0.99978584
55905,Fall,0.69498813
55906,Spring,0.9999808
55907,Spring,0.99994445
55909,Spring,0.9993488
55910,Spring,0.9986796
55911,Spring,0.9999883
55912,Spring,0.99999344
55913,Spring,0.9999943
55914,Spring,0.99910706
55915,Spring,0.9992306
55916,Spring,0.9994549
55917,Spring,0.99999464
55918,Spring,0.9977469
55919,Spring,0.9999889
55920,Spring,0.9947214
55921,Spring,0.9999893
55922,Spring,0.99928313
55923,Spring,0.99864477
55924,Spring,0.9999528
55925,Spring,0.98740095
55926,Spring,0.9989208
55927,Spring,0.99965525
55928,Spring,0.99925584
55929,Spring,0.99981743
55930,Spring,0.9999987
55931,Spring,0.99902606
55932,Spring,0.9999976
55933,Spring,0.999062
55935,Spring,0.9989053
55936,Spring,0.9977176
55937,Spring,0.999744
55938,Spring,0.99612963
55939,Spring,0.99345523
55940,Spring,0.99996793
55941,Spring,0.9999604
55942,Spring,0.99862826
55943,Spring,0.9999714
55944,Spring,0.9870705
55945,Spring,0.99796295
55946,Spring,0.99971443
55947,Spring,0.9997694
55948,Spring,0.99476624
55949,Spring,0.9965553
55950,Spring,0.9977602
55951,Spring,0.9981675
55952,Spring,0.99999726
55953,Spring,0.9999994
55954,Spring,0.999951
55955,Spring,0.99834895
55956,Spring,0.62171245
55957,Spring,0.54280794
55958,Summer,0.661827
55959,Spring,0.43923917
55960,Spring,0.41921568
55961,Spring,0.71188325
55962,Spring,0.39215946
55963,Fall,0.42183843
55964,Spring,0.79532874
55965,Spring,0.97721297
55966,Spring,0.99009025
55967,Spring,0.9867764
55968,Spring,0.9379397
55969,Spring,0.9166145
55970,Spring,0.98645914
55971,Spring,0.97741514
55972,Summer,0.3239281
55973,Spring,0.9986621
55974,Spring,0.9978676
55975,Spring,0.9806933
55976,Spring,0.7817011
55977,Spring,0.8796407
55978,Spring,0.9943336
55979,Spring,0.9986706
55980,Spring,0.9688363
55981,Spring,0.9934384
55982,Spring,0.9878418
55983,Spring,0.97734845
55984,Spring,0.9828452
55985,Spring,0.994796
55986,Spring,0.9632841
55987,Spring,0.9995413
55988,Spring,0.8886893
55989,Spring,0.61555594
55990,Spring,0.92471105
55991,Spring,0.9995491
55992,Spring,0.9994685
55993,Spring,0.99671316
55994,Spring,0.9987708
55995,Spring,0.9687654
55996,Spring,0.9663884
55997,Spring,0.99816173
55998,Spring,0.9917338
55999,Spring,0.9868144
56000,Spring,0.97793317
56001,Spring,0.997644
56002,Spring,0.96157247
56003,Spring,0.97795725
56004,Spring,0.9605602
56005,Spring,0.85098004
56006,Spring,0.978953
56007,Spring,0.9955468
56008,Summer,0.4490603
56009,Spring,0.9861463
56010,Spring,0.76316833
56011,Spring,0.9995535
56012,Spring,0.99484444
56013,Spring,0.99745816
56014,Spring,0.99622947
56015,Spring,0.9996636
56016,Fall,0.5553574
56017,Spring,0.9997794
56018,Spring,0.9980393
56019,Spring,0.9811736
56020,Spring,0.98543316
56021,Spring,0.99815315
56022,Spring,0.99854076
56023,Spring,0.99167144
56024,Spring,0.9578857
56025,Spring,0.99882144
56026,Spring,0.9989164
56027,Spring,0.9935942
56028,Spring,0.99780315
56029,Spring,0.99740845
56030,Spring,0.8842031
56031,Spring,0.9860675
56032,Spring,0.99729127
56033,Spring,0.9942159
56034,Spring,0.9993641
56035,Spring,0.9824636
56036,Spring,0.99966884
56037,Spring,0.99438184
56038,Spring,0.99172395
56039,Spring,0.96654797
56040,Spring,0.93463385
56041,Spring,0.58862567
56042,Spring,0.8016768
56043,Spring,0.6549572
56044,Spring,0.77170104
56045,Spring,0.6623303
56046,Spring,0.8134414
56047,Spring,0.9584565
56048,Spring,0.9464115
56049,Spring,0.9408842
56050,Spring,0.8747052
56051,Spring,0.99025273
56052,Spring,0.59620595
56053,Spring,0.6045915
56054,Spring,0.54204446
56055,Spring,0.67425835
56056,Spring,0.6839611
56057,Spring,0.70945996
56058,Spring,0.6724496
56059,Spring,0.86303395
56060,Spring,0.92085433
56061,Spring,0.74002546
56062,Spring,0.44655585
56063,Spring,0.7912437
56064,Spring,0.5248473
56065,Fall,0.42104203
56066,Spring,0.979487
56067,Spring,0.5118594
56068,Summer,0.7710924
56069,Spring,0.72188294
56070,Spring,0.99929035
56071,Spring,0.574313
56072,Summer,0.5997931
56073,Spring,0.9278542
56074,Spring,0.9447984
56075,Spring,0.98727125
56076,Spring,0.44433883
56077,Spring,0.8335297
56078,Spring,0.9993407
56079,Spring,0.9999479
56080,Spring,0.9998925
56081,Spring,0.9999981
56082,Spring,0.99848783
56083,Spring,0.5732817
56084,Spring,0.99930835
56085,Spring,0.99896157
56086,Spring,0.990589
56087,Spring,0.981777
56088,Spring,0.9971879
56089,Spring,0.9419045
56090,Spring,0.9908612
56091,Fall,0.5561167
56092,Spring,0.44164214
56093,Spring,0.94013435
56094,Spring,0.9998369
56095,Spring,0.9998983
56096,Spring,0.99758327
56097,Spring,0.9956605
56098,Spring,0.71109736
56099,Spring,0.9929946
56100,Spring,0.9932198
56101,Spring,0.99966574
56102,Spring,0.83627886
56103,Spring,0.978576
56104,Spring,0.97893804
56105,Spring,0.9782446
56106,Spring,0.99882823
56107,Spring,0.88493454
56108,Spring,0.999286
56109,Spring,0.35323992
56110,Winter,0.38920853
56111,Winter,0.38967758
56112,Winter,0.47973013
56113,Winter,0.47975767
56114,Winter,0.36567307
56115,Winter,0.33450854
56116,Winter,0.39245597
56117,Winter,0.49865678
56118,Winter,0.3183722
56119,Fall,0.34070745
56120,Winter,0.41098619
56121,Spring,0.9936062
56122,Spring,0.999032
56123,Spring,0.9988545
56124,Spring,0.98669666
56125,Winter,0.5001549
56126,Summer,0.36654288
56127,Spring,0.99674857
56128,Spring,0.9660392
56129,Spring,0.99962413
56133,Spring,0.99994016
56134,Spring,0.9737245
56135,Spring,0.70613223
56136,Spring,0.41446924
56137,Winter,0.40606514
56138,Winter,0.3882735
56139,Spring,0.6614859
56140,Spring,0.83982855
56141,Spring,0.5950688
56142,Spring,0.38894242
56143,Winter,0.80157596
56144,Winter,0.8197956
56145,Winter,0.6079094
56146,Winter,0.81180817
56147,Winter,0.91325235
56148,Winter,0.6733415
56149,Summer,0.49151403
56150,Spring,0.9698391
56151,Spring,0.9530992
56152,Spring,0.52947855
56153,Spring,0.91673774
56154,Summer,0.6292146
56155,Spring,0.986062
56156,Spring,0.65058887
56157,Summer,0.6292146
56158,Spring,0.95487875
56159,Summer,0.71481216
56160,Summer,0.5442725
56161,Spring,0.94501543
56162,Spring,0.96169865
56164,Spring,0.90270865
56165,Spring,0.9598467
56166,Spring,0.89499104
56167,Spring,0.9998802
56168,Spring,0.99918455
56170,Spring,0.9741985
56171,Fall,0.41450563
56172,Spring,0.9999713
56173,Spring,0.60525197
56174,Spring,0.34195855
56175,Summer,0.32978582
56176,Spring,0.325409
56177,Spring,0.37599382
56178,Spring,0.67303395
56179,Spring,0.99507505
56180,Spring,0.76567525
56181,Fall,0.4682361
56182,Fall,0.4463493
56183,Fall,0.41147655
56184,Fall,0.4821223
56185,Spring,0.39553088
56186,Spring,0.9222822
56187,Spring,0.8879558
56188,Spring,0.8202884
56189,Summer,0.49641535
56190,Summer,0.602925
56191,Summer,0.47782278
56192,Summer,0.48953003
56193,Spring,0.9546721
56194,Spring,0.9397977
56195,Winter,0.6915147
56196,Spring,0.98696136
56198,Winter,0.45184028
56199,Winter,0.81658113
56201,Winter,0.95508116
56202,Summer,0.53835124
56203,Summer,0.4747142
56205,Summer,0.444408
56206,Summer,0.37380442
56207,Winter,0.89949834
56208,Summer,0.5138724
56209,Winter,0.73409826
56210,Summer,0.459551
56211,Summer,0.44505557
56212,Winter,0.6041021
56213,Summer,0.6369339
56214,Summer,0.47702268
56215,Summer,0.55948275
56216,Summer,0.4882406
56217,Winter,0.71729755
56218,Winter,0.9382651
56219,Winter,0.91334736
56220,Winter,0.87551713
56221,Summer,0.69007385
56222,Summer,0.68654245
56223,Summer,0.7166435
56224,Summer,0.7489259
56225,Summer,0.7574968
56226,Summer,0.8564775
56227,Summer,0.7485385
56228,Summer,0.55411917
56229,Summer,0.6093484
56230,Summer,0.53155154
56231,Summer,0.8313562
56232,Summer,0.85669565
56233,Summer,0.47300428
56234,Summer,0.8077836
56235,Summer,0.4925416
56236,Summer,0.6235683
56237,Summer,0.7460139
56238,Summer,0.8588232
56239,Summer,0.7330705
56240,Summer,0.81497484
56241,Summer,0.5482885
56243,Summer,0.48171023
56244,Summer,0.61037576
56245,Summer,0.7566096
56247,Summer,0.53646463
56248,Summer,0.85520124
56249,Fall,0.50491226
56250,Fall,0.5023173
56251,Summer,0.6418507
56252,Summer,0.768071
56253,Summer,0.6201276
56254,Summer,0.89646953
56255,Summer,0.9026394
56256,Summer,0.7166103
56257,Summer,0.81150955
56258,Summer,0.8650866
56260,Summer,0.82177335
56261,Summer,0.71301335
56262,Summer,0.84719354
56263,Summer,0.95840454
56265,Summer,0.8435072
56266,Summer,0.9008845
56267,Summer,0.791407
56268,Summer,0.90504456
56269,Summer,0.8566233
56270,Summer,0.6268741
56271,Summer,0.46897402
56272,Summer,0.64997655
56273,Summer,0.75307786
56274,Summer,0.5941042
56275,Summer,0.49365702
56276,Summer,0.6424847
56277,Winter,0.5440679
56278,Winter,0.46895516
56279,Summer,0.5569093
56280,Summer,0.5414809
56281,Summer,0.4628886
56282,Summer,0.6045157
56283,Summer,0.4782815
56284,Summer,0.545638
56285,Summer,0.51018053
56286,Summer,0.6079479
56287,Summer,0.70729446
56288,Summer,0.74785846
56289,Winter,0.5231224
56290,Summer,0.6592933
56291,Summer,0.87077254
56292,Summer,0.6248412
56293,Winter,0.47540098
56294,Summer,0.5509729
56295,Summer,0.58117056
56296,Summer,0.6300728
56297,Summer,0.8207823
56298,Winter,0.5169389
56299,Summer,0.53809637
56300,Summer,0.6270472
56301,Summer,0.6888893
56302,Summer,0.44120765
56303,Summer,0.64874405
56304,Summer,0.81280077
56305,Summer,0.66377896
56306,Summer,0.5917073
56307,Summer,0.59481
56308,Summer,0.6165731
56309,Summer,0.7595598
56310,Summer,0.53349996
56311,Summer,0.58960205
56312,Winter,0.9970931
56313,Winter,0.9998417
56314,Winter,0.99547476
56315,Winter,0.84849733
56316,Winter,0.99535793
56317,Winter,0.9935402
56318,Winter,0.9997454
56319,Winter,0.9987198
56320,Winter,0.995978
56321,Winter,0.98892456
56322,Winter,0.57330436
56323,Winter,0.99977905
56324,Winter,0.99443454
56326,Winter,0.9917738
56327,Winter,0.99660873
56329,Winter,0.99825937
56330,Fall,0.6698816
56331,Winter,0.9994103
56332,Winter,0.9960253
56333,Winter,0.94039804
56335,Winter,0.9943498
56336,Winter,0.9983746
56337,Winter,0.9943364
56338,Winter,0.9974139
56339,Winter,0.9784846
56340,Winter,0.99926585
56341,Winter,0.99965227
56342,Winter,0.97723377
56343,Winter,0.9842249
56344,Winter,0.9505338
56346,Winter,0.9910018
56348,Winter,0.99587184
56349,Spring,0.9999999
56351,Spring,0.9999999
56352,Spring,1.0
56353,Spring,1.0
56354,Spring,0.99999964
56355,Spring,0.99990904
56356,Spring,0.99972683
56359,Spring,0.9994686
56360,Spring,0.9989637
56361,Spring,0.99978215
56362,Spring,0.9998549
56363,Spring,0.9999833
56364,Spring,0.9998746
56365,Spring,0.9999993
56366,Spring,0.9999962
56367,Spring,0.8791689
56368,Spring,0.99999845
56375,Spring,1.0
56376,Spring,0.9999969
56377,Spring,0.9983255
56378,Spring,0.9958509
56379,Spring,0.99963415
56380,Spring,0.98452353
56381,Spring,0.9426276
56385,Spring,0.9999995
56386,Spring,0.9999188
56388,Spring,0.9993069
56389,Spring,0.9476517
56390,Spring,0.93002963
56391,Spring,0.9999856
56392,Spring,0.99763453
56393,Spring,0.9999999
56394,Spring,0.9999975
56395,Spring,0.99997175
56402,Winter,0.7688614
56403,Winter,0.9157917
56404,Winter,0.38913643
56405,Winter,0.8029859
56406,Winter,0.66973233
56407,Winter,0.5991732
56410,Winter,0.37646788
56411,Fall,0.30072522
56412,Fall,0.3955544
56413,Winter,0.34197262
56414,Summer,0.33991224
56415,Fall,0.41560006
56416,Summer,0.5014721
56417,Summer,0.50648695
56418,Winter,0.54816884
56419,Summer,0.5947685
56420,Summer,0.57475144
56421,Summer,0.5573331
56422,Summer,0.57285565
56423,Summer,0.5754329
56424,Summer,0.3320367
56425,Spring,0.98955196
56427,Spring,0.96554005
56428,Spring,0.9361797
56429,Spring,0.5220604
56432,Spring,0.9907216
56436,Spring,0.9999981
56440,Spring,0.999785
56443,Spring,0.99998236
56444,Spring,0.9999958
56446,Spring,1.0
56447,Spring,0.9999882
56448,Spring,0.9999939
56450,Spring,1.0
56451,Spring,1.0
56452,Spring,0.9995073
56454,Spring,1.0
56455,Spring,1.0
56456,Spring,1.0
56458,Spring,0.999967
56460,Spring,0.9999999
56461,Spring,1.0
56462,Spring,0.9999999
56463,Spring,0.99999905
56464,Spring,1.0
56465,Spring,0.99999714
56466,Spring,1.0
56467,Spring,1.0
56468,Spring,1.0
56469,Spring,0.99999976
56470,Spring,0.9999999
56471,Spring,0.9999995
56472,Spring,0.9999987
56473,Spring,0.9999999
56474,Spring,0.9999988
56475,Spring,1.0
56476,Spring,1.0
56477,Spring,0.9999999
56478,Spring,1.0
56479,Spring,0.99999976
56480,Spring,1.0
56481,Spring,0.9999993
56482,Spring,0.99999905
56483,Spring,0.99999654
56484,Spring,0.9999994
56485,Spring,1.0
56486,Spring,0.9999999
56488,Spring,1.0
56489,Spring,0.9999989
56490,Spring,0.9999999
56491,Spring,0.999995
56492,Spring,0.99999774
56493,Spring,0.999997
56494,Spring,0.99999976
56495,Spring,0.9999999
56496,Spring,0.9999999
56497,Spring,0.9999999
56498,Spring,1.0
56499,Spring,0.9999999
56500,Spring,0.9999981
56501,Spring,0.99999976
56502,Spring,1.0
56503,Spring,1.0
56504,Spring,1.0
56505,Spring,1.0
56506,Spring,0.9999621
56507,Spring,0.999987
56508,Spring,0.99050915
56509,Spring,0.9882096
56511,Spring,0.98810774
56512,Spring,0.9879582
56513,Spring,0.9932441
56515,Spring,0.999938
56516,Spring,0.99994385
56517,Spring,0.9913925
56518,Spring,0.9998903
56519,Spring,0.9857736
56520,Spring,0.9910444
56521,Spring,0.98730755
56522,Spring,0.9888291
56523,Spring,0.99227303
56524,Spring,0.9945445
56525,Spring,0.9899451
56526,Spring,0.9864981
56527,Spring,0.9986009
56528,Spring,0.99865216
56529,Spring,0.98749083
56530,Spring,0.9925053
56531,Spring,0.9907481
56532,Spring,0.99048245
56533,Spring,0.98642457
56534,Spring,0.98433715
56535,Spring,0.99103206
56536,Spring,0.9923109
56537,Spring,0.8532664
56539,Spring,0.9891293
56540,Spring,0.98965186
56541,Spring,0.98711115
56542,Spring,0.99991035
56543,Spring,0.99797493
56544,Spring,0.9999664
56545,Spring,0.9999591
56546,Spring,0.99333453
56547,Spring,0.999584
56548,Spring,0.9999355
56549,Spring,0.9998627
56550,Spring,0.999866
56551,Spring,0.9995055
56553,Spring,0.9997391
56554,Spring,0.999729
56555,Spring,0.999997
56556,Spring,0.99998736
56558,Spring,0.9999982
56559,Spring,0.9999958
56560,Spring,0.99999666
56561,Spring,0.99998367
56562,Spring,0.9999912
56563,Spring,0.9999927
56564,Spring,0.9999956
56565,Spring,0.9999957
56566,Spring,0.9999919
56568,Spring,0.9988777
56569,Spring,0.9820999
56570,Spring,0.9820999
56571,Spring,0.35757726
56572,Spring,0.9237916
56573,Spring,0.44298506
56574,Spring,0.51500726
56575,Spring,0.9974426
56576,Spring,0.99726784
56579,Spring,0.9183957
56580,Spring,0.8518955
56581,Winter,0.49002874
56582,Winter,0.6183403
56583,Spring,0.99054164
56584,Summer,0.47473025
56585,Summer,0.43087876
56588,Spring,0.9972524
56590,Spring,0.9537373
56591,Spring,0.9213168
56592,Spring,0.98056227
56593,Spring,0.9376232
56594,Spring,0.9999814
56597,Spring,0.9998919
56598,Spring,0.99962795
56599,Spring,0.9995378
56600,Spring,0.99999845
56601,Spring,0.99986887
56602,Spring,0.9970663
56603,Spring,0.9993937
56604,Spring,0.99996436
56605,Spring,0.99999917
56606,Summer,0.44489047
56607,Summer,0.42703527
56608,Summer,0.4493212
56609,Summer,0.6274834
56610,Summer,0.6571227
56611,Summer,0.6422676
56612,Spring,0.6265212
56613,Spring,0.63471365
56614,Spring,0.6358679
56615,Spring,0.9490649
56616,Spring,0.95715314
56617,Spring,0.5776661
56618,Summer,0.47796053
56619,Summer,0.342213
56620,Spring,0.93399125
56622,Spring,0.9940493
56624,Spring,0.9990773
56626,Winter,0.44334117
56627,Spring,0.9999981
56631,Spring,0.999526
56632,Spring,0.9464623
56634,Spring,0.9890126
56638,Summer,0.96174043
56639,Summer,0.8065113
56640,Summer,0.8663577
56642,Summer,0.80455226
56643,Summer,0.96607935
56646,Summer,0.91435677
56647,Summer,0.6596426
56649,Summer,0.8905439
56650,Summer,0.88797015
56651,Summer,0.89389247
56652,Winter,0.47629237
56653,Summer,0.5409168
56654,Summer,0.5864476
56655,Winter,0.5031585
56656,Summer,0.45799944
56657,Summer,0.6195889
56658,Summer,0.8029039
56659,Winter,0.4375454
56660,Winter,0.3933935
56661,Summer,0.32734248
56662,Summer,0.84262043
56663,Winter,0.48045886
56664,Winter,0.39471862
56665,Winter,0.38085443
56666,Summer,0.63189656
56667,Winter,0.9937313
56668,Winter,0.99934214
56669,Winter,0.9935958
56670,Winter,0.9900047
56671,Winter,0.9969783
56672,Winter,0.9993637
56673,Winter,0.99364626
56674,Winter,0.9964121
56675,Winter,0.98917246
56676,Winter,0.9984358
56677,Winter,0.99153614
56678,Winter,0.9959869
56679,Winter,0.7400696
56680,Winter,0.71018267
56681,Winter,0.99872106
56682,Winter,0.99497944
56684,Summer,0.7169834
56685,Summer,0.72834015
56686,Summer,0.8203387
56687,Summer,0.86926043
56688,Summer,0.90587115
56689,Summer,0.92390794
56691,Summer,0.8758967
56692,Summer,0.84429777
56693,Summer,0.8793233
56694,Summer,0.9851238
56695,Summer,0.72996765
56696,Summer,0.40074524
56697,Summer,0.83977675
56698,Summer,0.8556174
56699,Summer,0.74774134
56700,Summer,0.8817854
56701,Summer,0.9386147
56702,Summer,0.59545684
56703,Summer,0.8370227
56704,Summer,0.79132944
56705,Summer,0.9747961
56709,Summer,0.874505
56711,Summer,0.99010193
56713,Summer,0.8413068
56714,Summer,0.9956529
56715,Summer,0.98482174
56718,Summer,0.97071373
56720,Summer,0.699932
56721,Summer,0.843336
56722,Summer,0.74906385
56723,Summer,0.56238014
56724,Summer,0.33883542
56725,Summer,0.61619645
56733,Summer,0.9751301
56734,Summer,0.836787
56736,Summer,0.86511904
56752,Summer,0.7162046
56753,Summer,0.61601067
56765,Summer,0.7570001
56769,Summer,0.5319854
56770,Summer,0.8541884
56771,Summer,0.9045886
56787,Summer,0.7593704
56795,Summer,0.70320195
56798,Summer,0.6686334
56805,Summer,0.85439724
56806,Summer,0.98246896
56807,Summer,0.9838434
56808,Summer,0.78393203
56809,Summer,0.98502314
56810,Summer,0.82450897
56811,Summer,0.61398727
56812,Summer,0.98645973
56813,Summer,0.969437
56814,Summer,0.91764945
56815,Summer,0.9581802
56816,Summer,0.70585626
56817,Summer,0.5802554
56818,Summer,0.87987995
56819,Summer,0.91174227
56820,Summer,0.9602396
56821,Summer,0.5065116
56822,Summer,0.54508215
56825,Summer,0.62648463
56827,Summer,0.8255114
56828,Fall,0.50236195
56829,Summer,0.46309718
56843,Summer,0.6160171
56844,Summer,0.66924846
56845,Summer,0.84060717
56846,Fall,0.46631265
56847,Summer,0.8412697
56849,Summer,0.564456
56850,Summer,0.69111115
56852,Fall,0.4537259
56854,Summer,0.7323305
56855,Summer,0.9239838
56856,Fall,0.28931832
56857,Fall,0.3352245
56858,Summer,0.34659764
56859,Winter,0.9460059
56860,Winter,0.8906594
56861,Winter,0.60294443
56862,Winter,0.47874948
56863,Winter,0.87510246
56864,Winter,0.9823826
56865,Summer,0.3409047
56866,Winter,0.6563051
56867,Summer,0.31155697
56868,Winter,0.41193438
56869,Winter,0.42186612
56870,Winter,0.4048639
56871,Winter,0.52207667
56872,Winter,0.39927313
56873,Winter,0.50156116
56874,Winter,0.84915376
56875,Winter,0.92881066
56876,Winter,0.8222606
56877,Winter,0.94471425
56878,Winter,0.59001404
56879,Winter,0.96605474
56880,Winter,0.8128559
56881,Winter,0.8788889
56882,Winter,0.86451423
56883,Winter,0.7175119
56884,Winter,0.97506773
56885,Winter,0.9707345
56886,Winter,0.97318685
56887,Winter,0.9898958
56888,Winter,0.7692199
56889,Winter,0.92196965
56890,Winter,0.6986509
56891,Winter,0.7050006
56893,Winter,0.46488035
56894,Winter,0.613311
56895,Winter,0.5230146
56896,Winter,0.97235423
56897,Winter,0.6676133
56898,Winter,0.97000027
56899,Winter,0.8649312
56900,Winter,0.97342414
56901,Winter,0.9938313
56902,Winter,0.95116484
56903,Winter,0.922788
56904,Winter,0.6473099
56905,Winter,0.639908
56906,Winter,0.6626327
56907,Winter,0.84852034
56908,Winter,0.9510723
56909,Winter,0.6839447
56910,Winter,0.7535695
56911,Winter,0.7221808
56912,Winter,0.7544676
56913,Winter,0.4963789
56914,Winter,0.9710996
56915,Winter,0.96619594
56916,Winter,0.6041187
56917,Winter,0.57141435
56918,Winter,0.87545574
56919,Winter,0.8923543
56920,Winter,0.71935004
56921,Winter,0.8716053
56922,Summer,0.49285275
56923,Winter,0.7475566
56924,Winter,0.5756673
56925,Winter,0.89848274
56926,Winter,0.9190308
56927,Winter,0.88886344
56928,Winter,0.7400491
56929,Winter,0.9089919
56930,Winter,0.68871933
56931,Winter,0.7152116
56932,Winter,0.5474939
56933,Winter,0.43543196
56934,Winter,0.84187496
56935,Winter,0.35861534
56936,Winter,0.892766
56937,Winter,0.40161946
56938,Winter,0.32642895
56939,Winter,0.9813973
56940,Winter,0.72894585
56941,Winter,0.90763384
56942,Winter,0.78159887
56943,Winter,0.95313597
56944,Winter,0.9635203
56945,Winter,0.9828248
56946,Winter,0.96057296
56947,Winter,0.97719896
56948,Winter,0.9039077
56949,Winter,0.92321396
56950,Winter,0.9004514
56951,Winter,0.93462217
56952,Winter,0.9264959
56953,Winter,0.8577186
56954,Winter,0.68713194
56955,Winter,0.931937
56956,Winter,0.81799555
56957,Winter,0.62493205
56958,Fall,0.36472872
56959,Winter,0.3289296
56960,Winter,0.62097096
56961,Winter,0.6554526
56962,Winter,0.7089455
56963,Winter,0.88197213
56964,Winter,0.56335276
56965,Winter,0.62893814
56966,Winter,0.53079844
56967,Winter,0.55728245
56968,Winter,0.7461628
56969,Winter,0.67716575
56970,Winter,0.74948925
56971,Winter,0.9521277
56972,Winter,0.8745624
56973,Winter,0.941365
56974,Winter,0.8653352
56975,Winter,0.6482245
56976,Winter,0.9518562
56977,Winter,0.9693605
56978,Winter,0.4932224
56979,Winter,0.7574522
56980,Winter,0.41339082
56981,Winter,0.6486392
56982,Winter,0.7262268
56983,Winter,0.69704086
56984,Winter,0.4471038
56985,Winter,0.9829249
56986,Winter,0.95042986
56987,Winter,0.9174739
56988,Winter,0.6056684
56989,Winter,0.75911707
56990,Winter,0.97502655
56991,Winter,0.8865939
56992,Winter,0.49497998
56993,Fall,0.32236978
56994,Winter,0.43455103
56995,Winter,0.8394701
56996,Winter,0.5873262
56997,Winter,0.8436951
56998,Winter,0.66074705
56999,Winter,0.7642023
57000,Winter,0.50174886
57001,Winter,0.7423648
57002,Winter,0.51390713
57003,Winter,0.81986576
57004,Winter,0.8942929
57005,Winter,0.9625388
57006,Winter,0.8659075
57007,Winter,0.92850345
57008,Winter,0.5486678
57009,Winter,0.52248937
57010,Winter,0.82081467
57011,Winter,0.61221683
57012,Winter,0.722853
57013,Winter,0.87299544
57014,Winter,0.9292002
57015,Summer,0.9205043
57016,Summer,0.907687
57017,Summer,0.7163011
57018,Summer,0.98178506
57019,Summer,0.92200315
57021,Summer,0.96916044
57022,Summer,0.88375425
57023,Summer,0.85540503
57024,Summer,0.9588214
57025,Summer,0.9534043
57026,Summer,0.8625687
57027,Summer,0.7233935
57028,Summer,0.76060164
57029,Summer,0.819089
57030,Summer,0.77873063
57031,Summer,0.952066
57032,Summer,0.9625116
57033,Summer,0.7372126
57034,Summer,0.9413821
57035,Summer,0.97644424
57036,Summer,0.8765521
57037,Summer,0.9087661
57038,Summer,0.9223419
57039,Summer,0.96290416
57040,Summer,0.9784514
57041,Summer,0.9030374
57042,Summer,0.8933625
57043,Summer,0.5682748
57044,Summer,0.8138788
57045,Summer,0.54404724
57046,Summer,0.74521184
57047,Summer,0.9453414
57048,Summer,0.86732584
57049,Summer,0.8399112
57050,Summer,0.97499675
57051,Summer,0.85847753
57052,Summer,0.9399383
57053,Summer,0.995034
57054,Summer,0.8252392
57055,Summer,0.96547
57056,Summer,0.89218235
57057,Summer,0.97966367
57058,Summer,0.9757995
57059,Summer,0.87963367
57060,Summer,0.6238313
57061,Summer,0.93029433
57062,Summer,0.8864579
57063,Summer,0.8137416
57064,Summer,0.54683936
57065,Summer,0.8022366
57066,Summer,0.82460374
57067,Fall,0.70675594
57068,Summer,0.69197416
57069,Summer,0.5663484
57070,Summer,0.65658486
57071,Summer,0.42771146
57072,Summer,0.86594266
57073,Summer,0.52073056
57074,Summer,0.8659184
57075,Summer,0.6540569
57076,Summer,0.5289601
57077,Summer,0.8644415
57078,Summer,0.64958024
57079,Summer,0.9759251
57080,Summer,0.96100533
57081,Summer,0.83260095
57082,Summer,0.5941822
57083,Summer,0.8558253
57084,Summer,0.5816236
57085,Summer,0.54614913
57086,Summer,0.9396269
57087,Summer,0.87276894
57088,Summer,0.6831055
57089,Summer,0.59350616
57090,Summer,0.82434946
57091,Summer,0.7184082
57092,Summer,0.766234
57093,Summer,0.86691165
57094,Summer,0.7750013
57095,Summer,0.81952083
57096,Summer,0.726845
57097,Summer,0.89113724
57099,Summer,0.94251066
57100,Summer,0.92789155
57101,Summer,0.9158702
57102,Fall,0.8180745
57103,Summer,0.95701206
57104,Summer,0.95379263
57105,Summer,0.9288538
57106,Summer,0.64172477
57107,Summer,0.77829915
57108,Summer,0.7369735
57109,Summer,0.9185856
57110,Fall,0.58459926
57111,Summer,0.96645564
57112,Summer,0.7131541
57114,Summer,0.937382
57115,Summer,0.9484377
57116,Summer,0.84292006
57117,Summer,0.85328245
57118,Summer,0.8285894
57119,Summer,0.96028125
57120,Summer,0.83452666
57121,Summer,0.72903436
57122,Summer,0.8351821
57123,Summer,0.9509319
57124,Summer,0.95215076
57125,Summer,0.8176684
57126,Summer,0.8198707
57127,Summer,0.8848286
57128,Summer,0.9548078
57129,Summer,0.9400492
57130,Summer,0.991115
57131,Summer,0.70614934
57132,Summer,0.88696116
57133,Summer,0.9177876
57134,Summer,0.83877
57135,Summer,0.9016203
57136,Summer,0.8725631
57137,Summer,0.6498577
57138,Summer,0.5915255
57139,Summer,0.7331205
57140,Summer,0.84887
57141,Summer,0.6798737
57142,Summer,0.90501076
57143,Summer,0.87570304
57144,Summer,0.8045711
57145,Summer,0.9263527
57146,Summer,0.659563
57147,Summer,0.7767622
57148,Summer,0.7396054
57149,Summer,0.7204616
57150,Summer,0.9491993
57151,Summer,0.82269394
57152,Summer,0.987009
57153,Summer,0.9094852
57154,Summer,0.8905764
57155,Summer,0.95134693
57156,Summer,0.8219324
57157,Summer,0.72690344
57158,Summer,0.9637729
57159,Summer,0.67049736
57160,Summer,0.8775713
57161,Summer,0.972806
57162,Summer,0.49455068
57163,Summer,0.97795916
57164,Summer,0.7308425
57165,Summer,0.6002196
57166,Summer,0.75037295
57167,Summer,0.9740525
57168,Summer,0.6930237
57169,Summer,0.97888386
57170,Summer,0.77325726
57171,Summer,0.9097786
57172,Summer,0.8811466
57173,Summer,0.897159
57174,Summer,0.722671
57175,Summer,0.95305836
57176,Summer,0.9558226
57177,Summer,0.99239856
57178,Summer,0.91704935
57179,Summer,0.9553308
57180,Summer,0.90677047
57181,Summer,0.9334341
57182,Summer,0.9527639
57183,Summer,0.92989916
57184,Summer,0.9130176
57185,Summer,0.9071632
57186,Summer,0.93712294
57187,Summer,0.960191
57188,Fall,0.49657044
57189,Summer,0.9868389
57190,Summer,0.8196106
57191,Summer,0.94996166
57192,Summer,0.9410161
57193,Summer,0.9759194
57194,Summer,0.9100916
57195,Summer,0.8400351
57196,Summer,0.97339576
57197,Summer,0.96571445
57198,Summer,0.77513105
57199,Summer,0.88280123
57200,Summer,0.98738617
57201,Summer,0.870865
57202,Summer,0.5534362
57203,Summer,0.9744486
57204,Summer,0.86345387
57205,Summer,0.8376314
57207,Summer,0.88334554
57208,Summer,0.5530232
57209,Summer,0.83682424
57210,Summer,0.857629
57211,Summer,0.9489789
57212,Summer,0.75856024
57213,Summer,0.8247456
57214,Summer,0.62902594
57215,Summer,0.5048407
57216,Summer,0.5613172
57217,Summer,0.82601786
57218,Summer,0.7896108
57225,Winter,0.7752465
57226,Summer,0.47589707
57229,Winter,0.77770174
57230,Summer,0.6295472
57231,Summer,0.532165
57235,Winter,0.5003488
57236,Winter,0.5969057
57237,Winter,0.5748477
57238,Summer,0.54012084
57239,Summer,0.6441276
57240,Summer,0.58570963
57241,Summer,0.6314931
57242,Summer,0.5266587
57243,Winter,0.7790626
57244,Summer,0.5574257
57246,Winter,0.59503454
57247,Winter,0.79451346
57252,Winter,0.5282604
57253,Winter,0.582355
57254,Winter,0.5022364
57255,Summer,0.53285056
57256,Summer,0.7728974
57258,Summer,0.5879041
57259,Winter,0.554801
57261,Winter,0.600832
57262,Summer,0.47591758
57263,Winter,0.5565885
57264,Summer,0.48247603
57266,Winter,0.49503747
57268,Fall,0.5180649
57273,Summer,0.84538
57274,Fall,0.4514967
57275,Summer,0.85771054
57276,Summer,0.8756911
57277,Summer,0.76173407
57280,Summer,0.8645831
57281,Summer,0.96519077
57282,Summer,0.95590335
57283,Summer,0.8671379
57284,Summer,0.7748783
57285,Summer,0.9482952
57286,Summer,0.92364573
57287,Summer,0.98480994
57288,Summer,0.822704
57289,Summer,0.93775743
57290,Summer,0.96722156
57291,Summer,0.97578716
57292,Summer,0.9711472
57293,Summer,0.9377196
57294,Summer,0.90786666
57295,Summer,0.9757651
57296,Summer,0.9401941
57297,Summer,0.88503736
57298,Winter,0.82457334
57299,Winter,0.844531
57300,Winter,0.90349734
57301,Winter,0.9000783
57302,Winter,0.7468053
57303,Winter,0.560033
57304,Winter,0.93991154
57305,Winter,0.6532737
57306,Winter,0.88383466
57307,Winter,0.6011471
57308,Winter,0.7200461
57309,Winter,0.8053147
57310,Summer,0.79059863
57311,Summer,0.86387295
57312,Summer,0.84564763
57313,Summer,0.8678134
57316,Summer,0.8613263
57318,Summer,0.67484415
57319,Summer,0.49757057
57320,Summer,0.7689642
57321,Summer,0.71891814
57322,Summer,0.83869165
57323,Summer,0.468837
57324,Summer,0.66086763
57325,Summer,0.6363315
57326,Winter,0.5273931
57327,Summer,0.70844805
57328,Summer,0.7856738
57329,Summer,0.6081583
57330,Summer,0.664071
57331,Summer,0.782228
57333,Summer,0.6518061
57334,Summer,0.851501
57335,Summer,0.73736304
57336,Summer,0.42577988
57338,Summer,0.6485217
57339,Summer,0.7012178
57340,Summer,0.75305873
57342,Summer,0.641146
57343,Summer,0.7058955
57344,Summer,0.50949484
57345,Summer,0.64946663
57346,Summer,0.9079439
57347,Summer,0.79093736
57348,Summer,0.69368756
57349,Summer,0.9022194
57350,Summer,0.8897732
57351,Summer,0.800576
57352,Summer,0.9511955
57353,Summer,0.8218297
57354,Summer,0.67929333
57355,Summer,0.8331981
57356,Summer,0.46000788
57357,Summer,0.5742578
57358,Summer,0.6411963
57359,Summer,0.7761345
57360,Summer,0.54320186
57361,Summer,0.8758002
57362,Summer,0.565517
57363,Summer,0.6526761
57365,Summer,0.8042524
57366,Summer,0.66219145
57367,Summer,0.80248046
57368,Summer,0.5198722
57369,Summer,0.5564795
57370,Summer,0.85502523
57371,Summer,0.8194074
57372,Summer,0.8994399
57373,Summer,0.9158664
57374,Summer,0.77657133
57375,Summer,0.7383629
57376,Winter,0.5128085
57378,Summer,0.91211367
57379,Summer,0.8936092
57380,Summer,0.6455922
57382,Winter,0.6204222
57383,Summer,0.9216683
57384,Summer,0.89397776
57388,Winter,0.5967232
57389,Summer,0.59488165
57390,Winter,0.51261514
57391,Winter,0.7786212
57392,Summer,0.47901624
57393,Winter,0.5034015
57395,Summer,0.6530507
57397,Summer,0.61251986
57398,Summer,0.86774385
57399,Summer,0.8426953
57400,Summer,0.96620417
57401,Summer,0.6316816
57402,Summer,0.90199924
57403,Summer,0.7811361
57404,Summer,0.5702967
57405,Summer,0.9431877
57406,Summer,0.69886416
57407,Summer,0.7517597
57408,Summer,0.8910909
57409,Summer,0.76862705
57410,Summer,0.7906665
57411,Summer,0.56367487
57412,Summer,0.91288817
57413,Summer,0.62762904
57414,Summer,0.782413
57415,Summer,0.7870424
57416,Summer,0.4151853
57418,Summer,0.9021182
57419,Summer,0.91858244
57420,Summer,0.94404995
57421,Summer,0.9269038
57422,Summer,0.89118284
57423,Summer,0.85416037
57424,Summer,0.96750313
57425,Summer,0.959579
57426,Summer,0.8948933
57427,Summer,0.9867535
57428,Summer,0.94255304
57429,Summer,0.9899687
57430,Summer,0.992679
57431,Summer,0.9684511
57432,Summer,0.84146625
57433,Summer,0.9529926
57434,Summer,0.7350028
57435,Summer,0.97598743
57436,Summer,0.95705694
57437,Summer,0.98588514
57438,Summer,0.9254031
57439,Summer,0.97175187
57440,Summer,0.7921559
57441,Summer,0.9054537
57442,Summer,0.98437595
57443,Summer,0.9591167
57444,Summer,0.97675234
57445,Summer,0.7510049
57446,Summer,0.9041126
57447,Summer,0.89001673
57448,Summer,0.7114068
57449,Summer,0.9340763
57450,Summer,0.9828373
57457,Winter,0.5365198
57458,Winter,0.6341221
57459,Winter,0.62230176
57462,Summer,0.50957745
57463,Summer,0.4713755
57466,Summer,0.36849645
57467,Summer,0.5686957
57468,Summer,0.34664124
57469,Summer,0.57172745
57470,Summer,0.5837728
57471,Winter,0.5437333
57475,Winter,0.3065398
57476,Winter,0.45537972
57477,Summer,0.73962647
57478,Summer,0.49673164
57479,Summer,0.74712044
57480,Summer,0.35929802
57481,Summer,0.51508075
57482,Summer,0.42194027
57483,Summer,0.34451368
57484,Fall,0.3053186
57487,Winter,0.41391465
57488,Summer,0.34986478
57489,Summer,0.33974558
57490,Winter,0.32467133
57491,Winter,0.3831168
57492,Winter,0.4708566
57493,Winter,0.4017416
57494,Winter,0.4281086
57495,Winter,0.40270478
57496,Summer,0.36879486
57497,Winter,0.45445737
57498,Winter,0.48571506
57499,Winter,0.46258256
57500,Fall,0.32862023
57501,Fall,0.3605512
57502,Winter,0.404612
57503,Summer,0.33198786
57504,Summer,0.38614562
57505,Summer,0.38689378
57506,Summer,0.41243306
57507,Summer,0.3517238
57508,Summer,0.33662406
57509,Winter,0.39003068
57510,Summer,0.4382087
57511,Winter,0.51903576
57512,Winter,0.4665519
57513,Winter,0.44887084
57514,Winter,0.54289645
57515,Winter,0.36958545
57516,Winter,0.43467957
57517,Winter,0.6013266
57518,Winter,0.44104087
57519,Summer,0.37938976
57520,Winter,0.40044203
57521,Summer,0.34216347
57522,Summer,0.3406299
57523,Winter,0.39786068
57524,Winter,0.3371
57525,Winter,0.33939147
57526,Summer,0.44142547
57527,Winter,0.36314744
57528,Winter,0.4377878
57529,Winter,0.43726695
57530,Winter,0.4139064
57531,Winter,0.44686186
57532,Summer,0.44691542
57533,Winter,0.4965869
57534,Summer,0.5586846
57536,Summer,0.49017105
57539,Summer,0.48188862
57543,Spring,0.9827389
57544,Spring,0.9860867
57545,Spring,0.98936266
57547,Spring,0.9997377
57548,Spring,0.9858948
57549,Spring,0.99738055
57550,Spring,0.9967272
57552,Spring,0.98619336
57553,Spring,0.97840846
57554,Spring,0.98173505
57555,Spring,0.98313856
57556,Spring,0.98350704
57557,Spring,0.9862897
57558,Spring,0.98205286
57559,Spring,0.9888398
57560,Spring,0.9966718
57561,Winter,0.45439413
57562,Spring,0.999713
57563,Winter,0.67454696
57566,Spring,0.9995963
57567,Spring,0.9721725
57568,Spring,0.9996871
57569,Spring,0.9995876
57570,Spring,0.99970216
57571,Spring,0.99974734
57572,Spring,0.8698955
57573,Spring,0.9994591
57574,Spring,0.99977595
57575,Winter,0.61773413
57576,Spring,0.96674424
57577,Spring,0.9997842
57578,Spring,0.9998217
57579,Spring,0.9992298
57580,Spring,0.9987795
57581,Summer,0.4790222
57582,Spring,0.99483806
57583,Spring,0.9807303
57584,Spring,0.97746867
57586,Spring,0.98878026
57587,Spring,0.96939486
57588,Spring,0.99735886
57589,Spring,0.9087495
57591,Spring,0.99817336
57592,Spring,0.9969009
57593,Spring,0.95754224
57594,Spring,0.8860931
57595,Spring,0.96843797
57596,Spring,0.9966618
57597,Spring,0.9005325
57598,Winter,0.4105524
57599,Spring,0.9852093
57600,Spring,0.9836584
57601,Spring,0.9847372
57603,Spring,0.97120214
57604,Spring,0.98998487
57605,Spring,0.95456135
57606,Spring,0.9875565
57607,Spring,0.99854904
57608,Spring,0.9998745
57609,Spring,0.9560562
57610,Spring,0.93977433
57611,Spring,0.98552436
57613,Spring,0.5637742
57614,Spring,0.94151765
57615,Summer,0.7689064
57616,Spring,0.7608499
57617,Spring,0.9698149
57619,Spring,0.97923195
57620,Spring,0.98152506
57621,Spring,0.9045717
57622,Spring,0.9938066
57623,Spring,0.8751934
57624,Spring,0.9553557
57625,Spring,0.95271325
57627,Spring,0.96394426
57628,Spring,0.92974013
57629,Spring,0.9955514
57630,Winter,0.5582628
57631,Spring,0.99999976
57632,Spring,0.999979
57633,Spring,0.999966
57634,Spring,0.99997056
57635,Spring,0.99999905
57636,Spring,0.99992263
57637,Spring,0.99992716
57638,Spring,0.99985623
57639,Spring,1.0
57640,Spring,0.9996537
57642,Spring,0.999941
57643,Spring,0.9999467
57644,Spring,0.9999993
57645,Spring,0.9999907
57646,Spring,0.99999607
57647,Spring,0.9999434
57649,Spring,0.9999995
57650,Spring,1.0
57651,Spring,0.99996364
57652,Spring,0.9999156
57653,Spring,0.99998665
57654,Spring,0.99995255
57655,Spring,0.99997544
57656,Spring,1.0
57657,Spring,0.9999999
57658,Spring,0.9921972
57660,Spring,0.99999917
57661,Spring,0.9999913
57662,Spring,0.9999994
57664,Spring,1.0
57667,Spring,0.99999976
57668,Spring,0.9999851
57669,Spring,0.99956745
57670,Spring,0.99996555
57671,Spring,1.0
57672,Spring,0.9999943
57673,Spring,0.9954678
57674,Spring,0.99987483
57675,Spring,0.99999917
57676,Spring,0.64360183
57677,Spring,0.8660654
57678,Spring,0.98344684
57679,Spring,0.99820006
57681,Spring,0.9149455
57683,Spring,0.99742174
57685,Spring,0.93944836
57687,Spring,0.9906803
57689,Spring,0.9973157
57690,Spring,0.99934334
57691,Spring,0.9998629
57692,Spring,0.99312913
57694,Spring,0.99896944
57696,Spring,0.9957688
57697,Spring,0.5443513
57698,Summer,0.55267876
57699,Spring,0.93993026
57700,Spring,0.53110653
57701,Winter,0.5487943
57702,Spring,0.9739512
57703,Spring,0.9424835
57704,Spring,0.9986482
57705,Spring,0.9677995
57706,Spring,0.6610193
57707,Spring,0.99999475
57708,Spring,0.99993217
57709,Spring,0.999923
57710,Spring,0.99993134
57711,Spring,0.9999378
57712,Spring,0.99995875
57713,Spring,0.9997156
57714,Spring,0.9977192
57715,Spring,0.9990802
57716,Spring,0.9962566
57717,Spring,0.9998703
57718,Spring,0.9602237
57719,Spring,0.99946576
57720,Spring,0.9999659
57721,Spring,0.9962302
57724,Spring,0.99991
57725,Spring,0.9957889
57727,Spring,0.99991024
57728,Spring,0.9981925
57729,Spring,0.9998709
57730,Summer,0.34084207
57731,Spring,0.99561644
57732,Spring,0.97311854
57733,Spring,0.9998841
57734,Spring,0.9980718
57735,Spring,0.99716705
57736,Spring,0.9916596
57737,Spring,0.9991008
57738,Spring,0.4138636
57739,Spring,0.48296148
57740,Summer,0.40290076
57741,Spring,0.5363574
57742,Spring,0.5699589
57743,Spring,0.47429767
57744,Spring,0.52014047
57745,Spring,0.99998975
57746,Spring,0.9999883
57747,Spring,0.9999894
57749,Spring,0.999979
57750,Spring,0.99997866
57752,Spring,0.9999709
57753,Spring,0.99990535
57754,Spring,0.99620867
57755,Spring,0.9938304
57756,Spring,0.99976736
57757,Spring,0.9933889
57758,Spring,0.9994442
57759,Spring,0.99494755
57760,Spring,0.9859167
57761,Spring,0.99468553
57762,Spring,0.9999138
57763,Summer,0.3899782
57764,Spring,0.99616563
57765,Spring,0.98772115
57766,Summer,0.6549128
57767,Spring,0.97305566
57768,Spring,0.99733007
57770,Summer,0.47919995
57771,Spring,0.9929986
57772,Spring,0.9988557
57773,Summer,0.7077599
57774,Spring,0.99832445
57776,Spring,0.9981876
57777,Spring,0.9868645
57778,Spring,0.3940248
57779,Spring,0.42054367
57780,Spring,0.99997616
57781,Spring,0.48006463
57782,Winter,0.86854553
57783,Spring,0.99488974
57784,Winter,0.5221976
57785,Spring,0.46974644
57786,Winter,0.5306137
57787,Spring,0.43558607
57788,Summer,0.4314457
57789,Spring,0.4810198
57790,Summer,0.4720957
57791,Spring,0.9985648
57792,Spring,0.9998865
57793,Spring,0.9996295
57794,Winter,0.75592047
57795,Spring,0.9191926
57796,Winter,0.48492843
57798,Spring,0.9816357
57800,Spring,0.996075
57801,Spring,0.58852047
57802,Winter,0.46354792
57803,Winter,0.42850468
57804,Spring,0.99892336
57805,Spring,0.97950363
57810,Summer,0.91975266
57811,Summer,0.8177687
57812,Summer,0.8694058
57815,Summer,0.8718594
57816,Summer,0.99390996
57817,Summer,0.9197803
57818,Summer,0.9534885
57819,Summer,0.81636536
57820,Summer,0.7949176
57823,Summer,0.8183051
57824,Summer,0.7539787
57832,Summer,0.8770973
57833,Summer,0.7142086
57834,Summer,0.7402273
57835,Summer,0.49407458
57836,Winter,0.7313889
57837,Winter,0.4181049
57838,Summer,0.5520958
57845,Summer,0.5489016
57846,Summer,0.55427974
57847,Summer,0.4932637
57849,Winter,0.92526156
57850,Winter,0.9832624
57851,Fall,0.6084131
57852,Winter,0.9349827
57853,Winter,0.54010147
57854,Winter,0.8228132
57855,Winter,0.5630496
57856,Winter,0.78232026
57857,Winter,0.79970974
57858,Winter,0.74929357
57859,Spring,0.99999976
57860,Spring,0.995806
57861,Spring,0.99998224
57862,Spring,0.993374
57863,Summer,0.7193505
57864,Spring,0.99999547
57865,Spring,0.99862826
57866,Summer,0.47138312
57867,Spring,0.9958841
57868,Spring,0.8734615
57869,Spring,0.6264661
57870,Spring,0.99999964
57871,Spring,0.99999917
57872,Spring,0.73242265
57873,Spring,0.6456045
57874,Summer,0.9532026
57875,Spring,0.9978982
57876,Spring,0.99993587
57877,Spring,0.9996612
57878,Summer,0.9651468
57879,Summer,0.56534344
57880,Spring,0.4727698
57881,Spring,0.9999875
57883,Spring,0.999915
57884,Spring,0.8197827
57885,Summer,0.86546844
57886,Spring,0.95766217
57887,Spring,0.9006057
57888,Summer,0.7707118
57889,Spring,0.98763907
57890,Winter,0.48425132
57891,Spring,0.99395955
57892,Winter,0.5847905
57893,Summer,0.8412007
57894,Summer,0.82842183
57895,Summer,0.97627276
57896,Summer,0.74989223
57897,Summer,0.8203752
57898,Summer,0.94973916
57899,Summer,0.4597531
57906,Summer,0.47211173
57907,Summer,0.39942238
57908,Summer,0.4761496
57909,Summer,0.50220615
57910,Summer,0.8175769
57911,Summer,0.6487748
57912,Summer,0.82505107
57913,Summer,0.57411814
57914,Summer,0.6027786
57915,Fall,0.50249904
57916,Fall,0.61160254
57917,Summer,0.47211173
57918,Fall,0.5119372
57919,Summer,0.8745235
57920,Summer,0.7383055
57921,Summer,0.96134996
57922,Summer,0.57204354
57923,Summer,0.558422
57924,Summer,0.8717243
57925,Summer,0.59437394
57930,Summer,0.7199908
57931,Summer,0.46101812
57932,Summer,0.7502148
57933,Summer,0.5446962
57934,Winter,0.3691938
57935,Summer,0.34816226
57936,Summer,0.35468793
57937,Fall,0.5954592
57938,Winter,0.3713081
57939,Winter,0.51998013
57940,Summer,0.58079076
57941,Winter,0.4293503
57942,Winter,0.42930835
57943,Winter,0.38913622
57944,Summer,0.34332806
57945,Winter,0.31794575
57946,Winter,0.3816287
57947,Winter,0.420653
57948,Winter,0.3749553
57949,Fall,0.32733178
57950,Winter,0.42288798
57952,Winter,0.41293794
57953,Summer,0.57204574
57954,Summer,0.71566325
57956,Fall,0.51499176
57957,Summer,0.7019449
57958,Fall,0.7419102
57959,Summer,0.77655596
57960,Fall,0.6552416
57961,Summer,0.6719305
57962,Summer,0.7859036
57963,Fall,0.5515122
57964,Summer,0.70791227
57965,Summer,0.89808226
57966,Summer,0.51129067
57967,Fall,0.81400675
57968,Summer,0.6517269
57969,Summer,0.54755145
57970,Fall,0.84169555
57971,Fall,0.709512
57972,Summer,0.66313344
57973,Summer,0.6158887
57974,Summer,0.62052244
57975,Summer,0.6864995
57976,Summer,0.57477826
57980,Summer,0.72592425
57981,Summer,0.9684928
57982,Summer,0.952384
57983,Summer,0.9238015
57985,Summer,0.94113404
57986,Summer,0.97961855
57987,Summer,0.92077863
57988,Summer,0.77409226
57989,Summer,0.9769892
57990,Summer,0.97891355
57991,Summer,0.98195
57992,Summer,0.95541
57993,Summer,0.9659194
57994,Summer,0.95527774
57995,Summer,0.90792876
57996,Summer,0.84838766
57997,Summer,0.8361881
57998,Summer,0.8672036
57999,Summer,0.937152
58000,Summer,0.92814666
58001,Summer,0.90828216
58002,Summer,0.9806466
58003,Summer,0.8780187
58004,Summer,0.78980565
58005,Summer,0.94233924
58006,Summer,0.93038964
58007,Summer,0.98700595
58008,Summer,0.9474556
58009,Summer,0.9070985
58010,Summer,0.89191103
58011,Summer,0.8866106
58012,Summer,0.94039446
58013,Summer,0.95342404
58014,Summer,0.93951035
58015,Summer,0.80672
58016,Summer,0.48534715
58017,Summer,0.5739288
58018,Summer,0.5129922
58020,Winter,0.5324695
58022,Summer,0.55788064
58023,Summer,0.60030395
58024,Summer,0.53400177
58027,Summer,0.73858804
58028,Summer,0.4957617
58030,Winter,0.6193649
58032,Summer,0.44075528
58035,Fall,0.4485517
58037,Summer,0.65179336
58039,Winter,0.56006265
58041,Spring,0.5188542
58042,Summer,0.3679387
58044,Summer,0.5125953
58045,Summer,0.5068128
58046,Summer,0.45880735
58049,Summer,0.6057064
58050,Summer,0.4728739
58051,Summer,0.6055277
58052,Summer,0.49014023
58053,Summer,0.60997784
58057,Summer,0.5246144
58058,Summer,0.53921086
58059,Summer,0.598627
58060,Summer,0.55469435
58061,Summer,0.59323597
58062,Winter,0.63877547
58063,Summer,0.53876424
58071,Summer,0.66037345
58072,Summer,0.6492001
58073,Summer,0.5424549
58074,Summer,0.44885653
58075,Winter,0.47194308
58076,Summer,0.5117994
58078,Summer,0.59953976
58085,Winter,0.47140115
58086,Winter,0.50037986
58087,Summer,0.4429745
58093,Summer,0.65076536
58096,Summer,0.47700608
58097,Summer,0.35347065
58098,Summer,0.34421167
58099,Winter,0.46268395
58100,Summer,0.9489682
58104,Summer,0.63679075
58107,Winter,0.7212829
58108,Winter,0.5076137
58109,Summer,0.55128986
58110,Winter,0.49550304
58111,Winter,0.6790742
58112,Winter,0.45444503
58115,Summer,0.6418446
58116,Summer,0.5276374
58117,Winter,0.75883347
58118,Winter,0.60522354
58121,Winter,0.67232674
58123,Winter,0.52403134
58128,Winter,0.5652174
58129,Summer,0.55916715
58131,Summer,0.54206175
58132,Summer,0.6723407
58133,Summer,0.521511
58135,Summer,0.53483534
58136,Winter,0.5146027
58137,Winter,0.5020035
58138,Summer,0.62466156
58139,Summer,0.52615035
58140,Summer,0.6708084
58141,Summer,0.45167226
58143,Fall,0.3205661
58144,Summer,0.3436881
58145,Spring,0.54269737
58146,Summer,0.39724413
58147,Summer,0.70268875
58148,Summer,0.50436646
58149,Summer,0.5304583
58150,Summer,0.6961963
58151,Summer,0.5366372
58152,Summer,0.5545367
58153,Summer,0.3607675
58154,Summer,0.5932934
58155,Summer,0.6595898
58156,Summer,0.82579696
58157,Summer,0.7275153
58158,Summer,0.8337446
58159,Winter,0.48542646
58160,Summer,0.48012492
58161,Summer,0.593225
58162,Summer,0.86533254
58163,Summer,0.47506315
58164,Summer,0.48234937
58165,Summer,0.5342327
58166,Summer,0.61264163
58167,Summer,0.7170298
58168,Summer,0.5224755
58169,Winter,0.62434787
58170,Summer,0.50825036
58171,Winter,0.5538685
58172,Summer,0.5369493
58173,Winter,0.7074736
58174,Summer,0.4423762
58175,Winter,0.7763368
58176,Summer,0.55682087
58177,Summer,0.5514933
58178,Summer,0.6738346
58179,Summer,0.6006381
58180,Summer,0.5687395
58181,Summer,0.6281454
58182,Summer,0.70114815
58183,Summer,0.6002512
58184,Summer,0.65107816
58185,Summer,0.52370995
58186,Summer,0.6611267
58187,Winter,0.47694132
58188,Summer,0.59461987
58189,Summer,0.6391652
58190,Winter,0.5631162
58191,Winter,0.7274999
58194,Winter,0.5819371
58195,Summer,0.61384934
58196,Summer,0.730668
58200,Summer,0.41411817
58201,Summer,0.4735388
58202,Summer,0.7681988
58203,Summer,0.6288452
58204,Summer,0.4865164
58205,Summer,0.52796894
58206,Summer,0.4742959
58207,Summer,0.5118234
58208,Summer,0.43358317
58209,Summer,0.90641844
58210,Summer,0.88481843
58211,Summer,0.81099385
58212,Summer,0.84982044
58213,Summer,0.8825368
58214,Summer,0.5126571
58215,Summer,0.9349326
58216,Summer,0.855249
58218,Summer,0.914025
58220,Summer,0.8288732
58222,Summer,0.7974255
58225,Summer,0.90685636
58226,Summer,0.37847316
58227,Summer,0.3622404
58229,Summer,0.33507702
58231,Summer,0.38790128
58232,Summer,0.36316407
58233,Summer,0.40695816
58234,Summer,0.750603
58235,Winter,0.4277347
58236,Summer,0.37872133
58237,Summer,0.60807794
58238,Summer,0.6667332
58239,Summer,0.59663683
58240,Summer,0.67150134
58241,Summer,0.60189307
58242,Summer,0.68110174
58243,Summer,0.69088334
58244,Summer,0.4703573
58245,Summer,0.656134
58246,Summer,0.64781445
58247,Summer,0.6476361
58248,Summer,0.62545884
58249,Summer,0.61626536
58250,Summer,0.5400064
58251,Summer,0.58251584
58252,Summer,0.65183663
58253,Summer,0.5568034
58254,Winter,0.6113595
58255,Summer,0.6309369
58256,Summer,0.62099457
58257,Summer,0.5229786
58258,Summer,0.5380386
58259,Summer,0.4269915
58260,Summer,0.51750046
58261,Summer,0.6326799
58262,Summer,0.58055353
58263,Summer,0.6396965
58264,Winter,0.70433426
58265,Winter,0.56326455
58266,Winter,0.5805127
58267,Winter,0.68995935
58268,Winter,0.488464
58269,Winter,0.5447962
58270,Winter,0.74019897
58271,Summer,0.6503083
58272,Summer,0.5854488
58273,Summer,0.4976364
58274,Summer,0.48333982
58275,Summer,0.56093156
58276,Summer,0.4894521
58277,Winter,0.579084
58278,Winter,0.5668139
58279,Summer,0.4573241
58280,Summer,0.47677997
58281,Winter,0.44873083
58282,Winter,0.5337395
58283,Winter,0.47583795
58284,Summer,0.5700396
58286,Summer,0.9433007
58291,Summer,0.8081124
58292,Summer,0.80921316
58293,Summer,0.7548416
58294,Summer,0.77694976
58295,Summer,0.70347494
58296,Summer,0.8022885
58297,Summer,0.7394343
58298,Summer,0.6818617
58299,Summer,0.78653413
58300,Summer,0.48116755
58301,Winter,0.6716663
58304,Summer,0.94077104
58305,Summer,0.9062936
58306,Summer,0.8288124
58307,Summer,0.84692436
58308,Summer,0.9053397
58309,Summer,0.76349974
58310,Summer,0.866146
58311,Summer,0.91887486
58312,Summer,0.7581573
58313,Summer,0.63266355
58314,Summer,0.55546457
58315,Summer,0.45419008
58316,Summer,0.59413546
58317,Summer,0.48573086
58318,Summer,0.502698
58319,Fall,0.54635686
58320,Summer,0.6321468
58321,Summer,0.43125945
58322,Summer,0.5369988
58323,Summer,0.86675453
58324,Summer,0.40032563
58325,Summer,0.49228105
58326,Winter,0.31617463
58327,Winter,0.36946258
58328,Summer,0.42953384
58329,Summer,0.3601111
58330,Summer,0.34302542
58331,Summer,0.346822
58332,Summer,0.30214968
58333,Fall,0.35377872
58334,Winter,0.37079075
58335,Summer,0.37485012
58336,Summer,0.41848597
58337,Winter,0.6224048
58338,Fall,0.33087003
58339,Fall,0.32433754
58340,Fall,0.3343918
58349,Summer,0.93062264
58351,Summer,0.8284803
58357,Summer,0.69417036
58358,Summer,0.9304582
58372,Summer,0.5016758
58375,Fall,0.48199627
58381,Summer,0.73956907
58385,Summer,0.8350104
58394,Summer,0.8121527
58395,Summer,0.85360557
58411,Summer,0.53149444
58418,Summer,0.39688417
58425,Summer,0.99095696
58439,Summer,0.86171484
58444,Winter,0.9973923
58445,Winter,0.9971711
58446,Fall,0.8050204
58447,Winter,0.99923587
58448,Winter,0.9979056
58449,Winter,0.9971789
58450,Winter,0.9979132
58451,Winter,0.9978903
58452,Winter,0.9977374
58453,Winter,0.9995683
58454,Winter,0.9825196
58455,Winter,0.98949873
58456,Winter,0.9990257
58458,Summer,0.6778948
58459,Summer,0.66563034
58460,Summer,0.8955132
58463,Summer,0.5294008
58464,Summer,0.50861686
58465,Summer,0.5282594
58466,Summer,0.6092187
58467,Summer,0.4986581
58468,Summer,0.47334722
58470,Summer,0.5105117
58471,Summer,0.627263
58472,Summer,0.54566383
58473,Summer,0.5586056
58474,Summer,0.58620554
58475,Summer,0.5890989
58476,Summer,0.4921917
58477,Summer,0.5752091
58478,Summer,0.579286
58479,Summer,0.50883675
58480,Summer,0.52441627
58481,Summer,0.47752896
58482,Summer,0.4742383
58483,Summer,0.56276244
58484,Summer,0.5410011
58485,Summer,0.58639175
58486,Summer,0.54338473
58487,Summer,0.5649652
58488,Winter,0.9796037
58489,Summer,0.9601406
58490,Summer,0.9822123
58491,Summer,0.91453403
58492,Summer,0.95046324
58493,Summer,0.9875458
58494,Fall,0.6430318
58495,Summer,0.93593085
58496,Summer,0.9214944
58497,Summer,0.98678964
58498,Summer,0.99566746
58499,Summer,0.95194715
58500,Summer,0.989002
58501,Summer,0.772951
58502,Summer,0.9774754
58503,Summer,0.8437449
58504,Summer,0.9565074
58505,Summer,0.6058857
58506,Summer,0.8241393
58507,Summer,0.9765459
58508,Summer,0.8836975
58509,Summer,0.92409813
58510,Summer,0.91238576
58511,Summer,0.9890154
58512,Summer,0.84754527
58513,Summer,0.7863322
58514,Summer,0.6522649
58515,Summer,0.9187639
58516,Summer,0.7305623
58517,Summer,0.9580655
58518,Summer,0.8604584
58519,Winter,0.72502834
58520,Summer,0.79139566
58521,Summer,0.63996077
58522,Winter,0.54395545
58523,Summer,0.40551624
58524,Spring,0.6079863
58525,Summer,0.44756803
58526,Summer,0.86915916
58527,Winter,0.99863404
58528,Winter,0.9993956
58529,Winter,0.9846746
58530,Winter,0.9960348
58531,Winter,0.99208844
58532,Winter,0.9994235
58533,Winter,0.9994535
58534,Winter,0.91648805
58535,Winter,0.98429084
58536,Winter,0.9993703
58537,Winter,0.9983215
58538,Winter,0.98621666
58539,Winter,0.9781708
58540,Winter,0.9960956
58541,Winter,0.99634415
58542,Winter,0.9954602
58543,Winter,0.9973174
58544,Winter,0.9964461
58545,Winter,0.99180096
58546,Winter,0.9969432
58547,Winter,0.9961422
58548,Winter,0.9940498
58549,Winter,0.9978295
58550,Winter,0.9913464
58551,Winter,0.9963832
58552,Winter,0.99817467
58553,Winter,0.9998016
58555,Winter,0.40664136
58559,Summer,0.99107367
58560,Summer,0.8728086
58561,Summer,0.5871886
58562,Summer,0.8892623
58563,Fall,0.5421346
58565,Summer,0.8322719
58566,Summer,0.99262625
58567,Summer,0.6900485
58569,Summer,0.74827045
58570,Summer,0.99293715
58571,Summer,0.6625891
58573,Summer,0.9485325
58574,Summer,0.936378
58576,Summer,0.4886731
58577,Summer,0.9727411
58581,Winter,0.9579524
58586,Summer,0.5633109
58588,Winter,0.58407325
58589,Summer,0.55782604
58590,Fall,0.45973107
58591,Winter,0.6504115
58600,Summer,0.73052216
58603,Summer,0.6392391
58605,Summer,0.4283319
58606,Winter,0.76669097
58607,Winter,0.79689306
58608,Winter,0.62651
58609,Winter,0.9369589
58610,Summer,0.5663922
58611,Summer,0.33225647
58612,Summer,0.5656939
58614,Winter,0.499134
58615,Summer,0.50133127
58616,Summer,0.58494467
58618,Summer,0.61281294
58619,Summer,0.528302
58620,Summer,0.38734335
58621,Spring,0.81731594
58622,Summer,0.73301107
58624,Fall,0.5616848
58625,Winter,0.4305226
58626,Summer,0.66692924
58627,Summer,0.56305194
58628,Summer,0.6089192
58629,Summer,0.42454004
58634,Winter,0.57118946
58635,Summer,0.80767673
58636,Summer,0.71257055
58637,Summer,0.8322342
58638,Summer,0.608297
58639,Summer,0.66504586
58640,Summer,0.5912952
58641,Summer,0.9469323
58642,Summer,0.8022379
58643,Summer,0.8799478
58644,Summer,0.82354486
58645,Summer,0.90129995
58646,Summer,0.81208354
58647,Summer,0.88233316
58648,Summer,0.9506597
58652,Summer,0.7653596
58653,Summer,0.98955077
58654,Summer,0.9748717
58655,Summer,0.9577408
58656,Summer,0.9063301
58657,Summer,0.96611196
58658,Summer,0.9937496
58659,Summer,0.9669521
58660,Summer,0.9904061
58661,Summer,0.97278625
58662,Summer,0.9094721
58663,Summer,0.8337413
58664,Summer,0.9374109
58666,Summer,0.9653715
58667,Summer,0.9375732
58668,Summer,0.8531657
58669,Summer,0.95867836
58670,Summer,0.8477025
58671,Summer,0.77141947
58672,Summer,0.97980714
58673,Summer,0.9623891
58674,Summer,0.9841367
58675,Summer,0.95594656
58676,Summer,0.9905912
58677,Summer,0.97236055
58678,Summer,0.9889931
58680,Summer,0.9635921
58681,Summer,0.948156
58682,Summer,0.99275196
58683,Summer,0.9452009
58684,Summer,0.99185103
58685,Summer,0.8643041
58686,Summer,0.9342505
58687,Summer,0.9915148
58689,Summer,0.78486955
58690,Summer,0.9982711
58691,Summer,0.99453664
58692,Summer,0.9321576
58693,Summer,0.9448532
58694,Summer,0.90991706
58695,Summer,0.8230325
58696,Summer,0.9648404
58698,Summer,0.903812
58700,Summer,0.9460139
58701,Summer,0.98362285
58702,Summer,0.93742293
58703,Summer,0.89989924
58718,Summer,0.98322695
58719,Summer,0.92800003
58720,Summer,0.69262064
58722,Summer,0.8199372
58723,Summer,0.66368854
58724,Summer,0.9465913
58725,Summer,0.82501554
58726,Summer,0.79040307
58727,Summer,0.68123126
58728,Summer,0.96689856
58729,Summer,0.9246812
58730,Summer,0.86274743
58731,Summer,0.98063767
58732,Summer,0.48207605
58734,Fall,0.7202993
58735,Summer,0.97046936
58736,Summer,0.8849116
58737,Summer,0.8725554
58738,Summer,0.5429836
58740,Summer,0.8273995
58741,Summer,0.7789904
58742,Summer,0.93181604
58743,Summer,0.7284259
58744,Summer,0.8093799
58745,Summer,0.6554435
58765,Summer,0.98339957
58770,Summer,0.941945
58793,Summer,0.93185043
58794,Summer,0.6684025
58795,Summer,0.8023843
58796,Summer,0.64668876
58797,Summer,0.9673392
58798,Summer,0.7228905
58800,Summer,0.8162489
58801,Fall,0.54814625
58802,Summer,0.56062585
58805,Fall,0.63747865
58807,Summer,0.6885294
58808,Summer,0.8204052
58809,Fall,0.6491381
58810,Summer,0.5143436
58815,Winter,0.37835068
58816,Winter,0.37991458
58817,Winter,0.5640342
58818,Winter,0.35010257
58819,Winter,0.54682237
58820,Summer,0.378264
58821,Winter,0.99956053
58822,Winter,0.99940526
58823,Winter,0.9951963
58825,Winter,0.98267543
58827,Winter,0.9990637
58828,Winter,0.9959337
58829,Winter,0.98281294
58830,Winter,0.99728394
58831,Winter,0.98409814
58832,Winter,0.98984236
58833,Summer,0.45913392
58834,Summer,0.6159309
58835,Summer,0.403549
58836,Summer,0.43815216
58837,Winter,0.62478274
58838,Winter,0.8266625
58839,Summer,0.6005949
58840,Winter,0.6298984
58841,Summer,0.40081674
58842,Summer,0.38439116
58843,Winter,0.7121263
58844,Winter,0.41769105
58845,Winter,0.6635069
58846,Winter,0.5141526
58847,Summer,0.38341323
58848,Winter,0.57213104
58849,Winter,0.41477692
58850,Summer,0.46867365
58851,Summer,0.4250804
58852,Winter,0.7413294
58853,Winter,0.857763
58854,Summer,0.601852
58855,Winter,0.798031
58856,Summer,0.4984736
58857,Summer,0.44200873
58858,Summer,0.39376107
58859,Winter,0.64955586
58860,Winter,0.56541014
58861,Winter,0.4675678
58862,Summer,0.5058225
58863,Winter,0.52214116
58864,Winter,0.551549
58865,Winter,0.79668915
58867,Winter,0.7077703
58868,Winter,0.74978095
58869,Winter,0.4600643
58870,Summer,0.44580635
58871,Summer,0.6452697
58872,Summer,0.9668227
58873,Summer,0.9696658
58874,Summer,0.9752338
58875,Summer,0.90531343
58876,Summer,0.95625466
58877,Summer,0.95592105
58878,Summer,0.970074
58879,Summer,0.9723102
58880,Winter,0.5753765
58881,Summer,0.9864456
58882,Summer,0.95862716
58883,Summer,0.98570293
58884,Summer,0.62061054
58885,Summer,0.9710616
58886,Summer,0.8466
58887,Winter,0.5350393
58888,Summer,0.6596486
58889,Summer,0.96027863
58890,Summer,0.9750591
58891,Summer,0.792526
58892,Summer,0.97164404
58893,Summer,0.79509646
58894,Summer,0.96766496
58895,Summer,0.9446302
58896,Summer,0.9278346
58897,Summer,0.95736986
58898,Summer,0.9968292
58899,Summer,0.98465145
58900,Summer,0.96877766
58901,Summer,0.92131436
58902,Summer,0.8548709
58903,Summer,0.9797871
58904,Summer,0.9717801
58905,Summer,0.96047676
58906,Summer,0.9699846
58907,Summer,0.97101915
58908,Summer,0.96630204
58909,Summer,0.98072696
58910,Summer,0.97176963
58911,Summer,0.9385763
58912,Summer,0.98097366
58913,Summer,0.96526986
58914,Summer,0.916021
58915,Summer,0.9844802
58916,Summer,0.9215413
58917,Summer,0.9797349
58918,Summer,0.9856193
58919,Summer,0.9823966
58920,Winter,0.41025564
58921,Summer,0.4192152
58922,Summer,0.42889687
58923,Winter,0.4008872
58924,Winter,0.4071676
58925,Summer,0.5068247
58926,Winter,0.48143625
58928,Summer,0.6712359
58931,Summer,0.5806441
58932,Summer,0.5721967
58934,Winter,0.99424064
58935,Winter,0.9916819
58937,Winter,0.9994863
58939,Winter,0.9974027
58940,Winter,0.9975581
58941,Winter,0.9834434
58942,Winter,0.9734851
58943,Spring,0.999985
58944,Spring,0.9999795
58945,Spring,0.99999905
58946,Spring,0.9999825
58947,Spring,1.0
58948,Spring,0.9999621
58949,Spring,0.9995777
58950,Spring,0.9999999
58951,Spring,1.0
58952,Spring,0.99999774
58954,Spring,0.9999993
58955,Spring,1.0
58956,Spring,1.0
58958,Spring,0.99994695
58959,Spring,0.99999964
58960,Spring,0.9991074
58961,Spring,0.9999826
58962,Spring,0.99999344
58963,Spring,1.0
58964,Spring,0.99999464
58965,Spring,0.9996612
58966,Spring,0.9999962
58967,Spring,0.99999964
58968,Spring,0.9974388
58969,Spring,1.0
58970,Spring,0.999949
58971,Spring,0.99996805
58972,Spring,0.9999951
58973,Spring,0.9999956
58974,Spring,1.0
58975,Spring,1.0
58976,Spring,0.99999535
58977,Spring,1.0
58978,Spring,1.0
58979,Spring,0.99997854
58980,Spring,0.9999994
58981,Spring,0.99999666
58982,Spring,1.0
58983,Spring,1.0
58984,Spring,1.0
58985,Spring,1.0
58986,Spring,1.0
58987,Spring,1.0
58988,Spring,1.0
58989,Spring,0.99999964
58990,Spring,0.9999958
58991,Spring,0.9999995
58992,Spring,1.0
59002,Spring,1.0
59003,Spring,1.0
59004,Spring,1.0
59005,Spring,1.0
59006,Spring,1.0
59008,Fall,0.5684966
59010,Summer,0.3761273
59011,Summer,0.4855959
59012,Summer,0.52390635
59013,Summer,0.3932346
59014,Fall,0.5493624
59015,Fall,0.53993386
59016,Summer,0.5438055
59017,Summer,0.35045466
59018,Winter,0.65386564
59019,Winter,0.44747466
59020,Winter,0.6990786
59021,Winter,0.6989367
59022,Winter,0.9152621
59023,Winter,0.71294373
59024,Winter,0.79282975
59025,Winter,0.92560846
59026,Winter,0.9321708
59027,Winter,0.9810946
59028,Winter,0.96004397
59029,Winter,0.9764149
59030,Winter,0.866914
59031,Winter,0.83969927
59032,Winter,0.5873364
59033,Winter,0.73893
59034,Winter,0.7875827
59035,Winter,0.4673678
59036,Winter,0.772288
59037,Fall,0.32826716
59038,Winter,0.82768965
59039,Winter,0.6191663
59040,Winter,0.8135029
59042,Winter,0.5409867
59043,Winter,0.7286464
59044,Winter,0.845546
59045,Winter,0.7060948
59046,Winter,0.56371325
59047,Winter,0.9337926
59048,Winter,0.8068608
59049,Winter,0.84662026
59050,Winter,0.88313854
59051,Winter,0.93904537
59052,Winter,0.9323542
59053,Winter,0.83763736
59054,Winter,0.728306
59055,Winter,0.38917413
59056,Winter,0.6372073
59058,Summer,0.95959955
59059,Summer,0.9886298
59060,Summer,0.964353
59061,Summer,0.824606
59062,Summer,0.77100384
59063,Summer,0.9328867
59064,Summer,0.66957307
59065,Summer,0.5558707
59066,Summer,0.6459228
59067,Summer,0.6019535
59068,Summer,0.5930763
59069,Summer,0.44928122
59070,Summer,0.5846159
59071,Summer,0.52575976
59072,Summer,0.61660546
59073,Summer,0.6098281
59074,Summer,0.62722427
59075,Summer,0.6603008
59076,Summer,0.66433823
59077,Summer,0.5227933
59078,Summer,0.95338136
59079,Summer,0.81545997
59080,Summer,0.6930467
59081,Summer,0.5524288
59082,Summer,0.6719053
59083,Summer,0.7376352
59084,Summer,0.64446867
59085,Winter,0.5131623
59086,Winter,0.48509556
59087,Summer,0.52127653
59088,Summer,0.69064915
59089,Summer,0.89971733
59090,Summer,0.6998616
59091,Summer,0.51655024
59092,Summer,0.5292495
59093,Summer,0.5813028
59094,Summer,0.49913794
59095,Summer,0.6571331
59096,Summer,0.62929374
59097,Summer,0.6367649
59098,Summer,0.72439134
59099,Summer,0.9351649
59100,Summer,0.95533454
59101,Summer,0.8938114
59102,Summer,0.8472547
59103,Summer,0.8455043
59104,Summer,0.7586604
59105,Summer,0.7301168
59106,Summer,0.61032677
59112,Summer,0.689847
59115,Summer,0.6543908
59116,Summer,0.74136823
59117,Fall,0.7671476
59118,Summer,0.57982725
59119,Summer,0.45293504
59120,Fall,0.6249093
59121,Summer,0.7567988
59122,Summer,0.6683942
59123,Fall,0.4258624
59124,Summer,0.72095835
59126,Fall,0.44649148
59127,Summer,0.6943603
59128,Summer,0.4503565
59129,Summer,0.7045428
59130,Summer,0.8706325
59131,Summer,0.8169218
59132,Summer,0.88302124
59133,Fall,0.44222572
59142,Winter,0.5437475
59143,Winter,0.4415437
59144,Summer,0.35935193
59145,Winter,0.3965309
59146,Summer,0.32268277
59147,Winter,0.3377804
59149,Winter,0.33013183
59160,Winter,0.43593153
59161,Winter,0.38002893
59165,Winter,0.33252934
59166,Fall,0.34893104
59167,Winter,0.37659863
59172,Winter,0.5000221
59173,Fall,0.31929886
59174,Winter,0.3458688
59175,Winter,0.47770625
59176,Winter,0.41168606
59177,Winter,0.46762416
59178,Winter,0.4269853
59181,Winter,0.46733177
59185,Fall,0.3230956
59187,Winter,0.7114731
59188,Winter,0.89434034
59190,Fall,0.31404686
59212,Winter,0.52186114
59213,Winter,0.9942267
59214,Winter,0.99372923
59215,Winter,0.9966492
59216,Winter,0.9963246
59217,Winter,0.97876215
59218,Summer,0.5945868
59219,Fall,0.6714232
59220,Winter,0.9970341
59221,Winter,0.9936445
59222,Winter,0.9960848
59223,Winter,0.9973392
59224,Winter,0.9544623
59225,Winter,0.98703176
59226,Winter,0.98558676
59227,Winter,0.9996501
59228,Winter,0.9976617
59229,Winter,0.99561995
59230,Winter,0.99840814
59231,Winter,0.99871814
59232,Winter,0.99927324
59233,Winter,0.9939382
59235,Winter,0.99424225
59236,Winter,0.995611
59237,Winter,0.9975044
59238,Winter,0.99707365
59239,Winter,0.9974287
59240,Winter,0.9836242
59241,Winter,0.99237543
59242,Winter,0.9992544
59243,Winter,0.99972945
59244,Winter,0.99816304
59245,Winter,0.9992493
59246,Winter,0.99495935
59247,Winter,0.9875531
59248,Winter,0.99845946
59249,Winter,0.99889874
59250,Winter,0.99533206
59251,Winter,0.970999
59252,Winter,0.99784887
59253,Winter,0.9961622
59254,Winter,0.99877065
59255,Winter,0.99882835
59256,Winter,0.9986204
59257,Winter,0.9849606
59258,Winter,0.9871803
59259,Winter,0.9952962
59260,Winter,0.99823916
59261,Winter,0.9882393
59262,Winter,0.99944454
59263,Winter,0.9938817
59264,Winter,0.9976954
59265,Winter,0.9909195
59266,Winter,0.9962676
59267,Winter,0.97969097
59268,Winter,0.99396896
59269,Winter,0.97118753
59270,Winter,0.99840575
59271,Winter,0.9910029
59272,Winter,0.9961499
59273,Winter,0.97884184
59274,Winter,0.72499365
59275,Winter,0.9212197
59276,Winter,0.9774575
59277,Winter,0.57778484
59278,Winter,0.99637043
59279,Winter,0.93046325
59280,Winter,0.8451618
59281,Winter,0.97903454
59282,Summer,0.7109229
59283,Winter,0.95432615
59284,Winter,0.9983633
59286,Winter,0.9996526
59287,Winter,0.99684817
59290,Winter,0.9942135
59291,Winter,0.9994326
59292,Winter,0.9920101
59293,Winter,0.99853015
59294,Summer,0.6839151
59295,Summer,0.5609615
59296,Summer,0.6243283
59297,Fall,0.6513656
59298,Summer,0.72178036
59299,Summer,0.68312323
59300,Summer,0.63925487
59301,Summer,0.90471333
59302,Summer,0.5846416
59303,Summer,0.8857327
59304,Summer,0.74329257
59305,Summer,0.471957
59306,Summer,0.84552974
59311,Summer,0.375987
59312,Winter,0.35687166
59315,Summer,0.50928557
59323,Fall,0.33186686
59324,Summer,0.40688097
59326,Winter,0.48623377
59329,Fall,0.50153357
59330,Summer,0.68978006
59338,Fall,0.36261055
59342,Summer,0.4057159
59349,Summer,0.2999758
59352,Summer,0.9722316
59353,Summer,0.9739672
59354,Summer,0.9942614
59355,Summer,0.9299502
59356,Summer,0.98731285
59357,Summer,0.9829838
59358,Summer,0.97977346
59359,Summer,0.92811155
59360,Summer,0.99206734
59361,Summer,0.9671898
59362,Summer,0.9946549
59363,Summer,0.9527845
59364,Summer,0.98324007
59365,Summer,0.909791
59366,Summer,0.98016834
59367,Summer,0.9479982
59368,Summer,0.9941995
59369,Summer,0.99002683
59370,Summer,0.8935362
59371,Summer,0.95544475
59372,Summer,0.9792078
59373,Summer,0.92551744
59374,Summer,0.98591787
59375,Summer,0.9555577
59376,Summer,0.7673285
59377,Summer,0.97870344
59378,Summer,0.9496138
59379,Summer,0.8860539
59380,Summer,0.9490585
59381,Summer,0.93291736
59382,Summer,0.98374087
59383,Summer,0.977408
59387,Winter,0.42402714
59388,Winter,0.40262738
59390,Fall,0.3319954
59396,Fall,0.43831745
59399,Summer,0.98366576
59400,Summer,0.98025435
59403,Summer,0.6580222
59404,Summer,0.8690485
59405,Summer,0.63832
59407,Summer,0.94954586
59410,Summer,0.91082996
59413,Summer,0.954775
59418,Summer,0.9414591
59421,Summer,0.9446969
59422,Summer,0.9837017
59428,Summer,0.61434245
59430,Summer,0.7280784
59432,Winter,0.4912449
59433,Summer,0.701604
59435,Summer,0.37397757
59436,Winter,0.54037017
59437,Winter,0.6535984
59439,Summer,0.5737182
59440,Summer,0.8376717
59441,Summer,0.8553889
59442,Summer,0.5240003
59443,Summer,0.6098038
59444,Summer,0.6515024
59445,Summer,0.74232733
59446,Summer,0.79352695
59448,Summer,0.6286694
59451,Summer,0.5698315
59452,Summer,0.7154606
59453,Summer,0.45873013
59454,Summer,0.7302677
59455,Summer,0.6038122
59456,Summer,0.78273165
59457,Summer,0.80748475
59458,Summer,0.53326494
59459,Summer,0.70712817
59460,Summer,0.8553879
59461,Summer,0.49164557
59462,Summer,0.67211574
59463,Summer,0.82418007
59464,Summer,0.8085787
59465,Summer,0.8167215
59466,Winter,0.6881608
59467,Summer,0.7284562
59468,Winter,0.4664121
59469,Summer,0.72456145
59470,Summer,0.563308
59471,Summer,0.7007473
59474,Summer,0.461164
59481,Summer,0.7190797
59484,Winter,0.43041477
59498,Summer,0.5369798
59499,Winter,0.81345546
59501,Summer,0.49420267
59502,Winter,0.40928224
59503,Summer,0.7445335
59504,Summer,0.623773
59505,Summer,0.77054524
59507,Winter,0.8179011
59508,Summer,0.68132687
59509,Summer,0.77981436
59510,Summer,0.8555809
59511,Summer,0.55467606
59512,Winter,0.6372241
59513,Winter,0.3889061
59514,Winter,0.86540544
59515,Winter,0.55557764
59516,Winter,0.81345546
59518,Winter,0.88953334
59519,Summer,0.46312007
59520,Summer,0.58490795
59521,Summer,0.6266981
59522,Summer,0.52479696
59523,Winter,0.554111
59524,Summer,0.5142001
59525,Summer,0.66251403
59526,Summer,0.6949055
59527,Summer,0.51471424
59528,Summer,0.5488605
59529,Summer,0.6004428
59530,Summer,0.47800854
59531,Spring,0.371049
59532,Summer,0.6655522
59533,Summer,0.64854825
59534,Summer,0.4487903
59535,Summer,0.33715242
59537,Summer,0.6556447
59541,Summer,0.6934294
59543,Summer,0.57052934
59544,Summer,0.54179674
59545,Summer,0.57985115
59546,Summer,0.62031806
59547,Summer,0.55655694
59550,Summer,0.49291053
59551,Summer,0.5085271
59552,Summer,0.6757287
59553,Summer,0.5701227
59554,Summer,0.5960719
59555,Summer,0.5127713
59556,Winter,0.76779944
59557,Summer,0.4070902
59558,Summer,0.53404766
59559,Summer,0.49303594
59560,Summer,0.5755056
59561,Summer,0.7879178
59563,Winter,0.43508875
59564,Summer,0.41635635
59565,Summer,0.5101629
59566,Summer,0.37756845
59567,Summer,0.4988948
59568,Summer,0.35519806
59569,Summer,0.4655809
59570,Winter,0.62423867
59571,Summer,0.43093967
59572,Winter,0.9110455
59573,Fall,0.5159387
59574,Winter,0.5387062
59575,Summer,0.4328987
59576,Winter,0.49820545
59577,Summer,0.54111916
59578,Summer,0.37518024
59579,Winter,0.34781998
59580,Winter,0.54491353
59581,Winter,0.5530419
59582,Winter,0.6408484
59583,Summer,0.43999326
59584,Summer,0.4883456
59585,Summer,0.44599634
59586,Winter,0.90960133
59587,Winter,0.47302163
59589,Fall,0.7067658
59590,Fall,0.5181522
59591,Fall,0.6266501
59592,Summer,0.48966834
59593,Fall,0.9401353
59594,Fall,0.67972755
59595,Summer,0.6179956
59596,Fall,0.9280877
59597,Fall,0.63971585
59598,Summer,0.91637856
59599,Fall,0.70051855
59600,Fall,0.5720932
59601,Summer,0.5124272
59603,Summer,0.6846418
59604,Summer,0.73156905
59606,Fall,0.55242324
59607,Fall,0.6108055
59608,Summer,0.74481535
59609,Summer,0.5171001
59610,Fall,0.5049963
59611,Summer,0.6428404
59612,Summer,0.63160974
59613,Fall,0.52877796
59614,Fall,0.8031617
59615,Summer,0.7470085
59616,Summer,0.72660536
59618,Fall,0.85307646
59619,Summer,0.56652653
59620,Summer,0.54003817
59621,Summer,0.84684086
59622,Summer,0.64499605
59623,Summer,0.63098353
59624,Fall,0.50998867
59625,Fall,0.5161918
59626,Summer,0.6970068
59628,Summer,0.69472045
59630,Summer,0.54407215
59631,Summer,0.6099184
59632,Summer,0.7701029
59633,Summer,0.6750588
59634,Fall,0.80803835
59635,Summer,0.65916264
59636,Fall,0.597185
59637,Summer,0.51020414
59638,Fall,0.6411038
59639,Fall,0.496195
59640,Fall,0.5017074
59641,Summer,0.7838368
59642,Fall,0.55991215
59643,Summer,0.58284664
59644,Fall,0.6073347
59645,Summer,0.7791583
59646,Summer,0.58362603
59647,Summer,0.6255278
59648,Fall,0.53745186
59649,Fall,0.72326046
59650,Fall,0.76295716
59651,Summer,0.7149782
59652,Summer,0.80093324
59653,Summer,0.5940685
59654,Fall,0.6338051
59655,Summer,0.5953267
59656,Summer,0.8653371
59657,Summer,0.58744866
59658,Fall,0.59630275
59659,Fall,0.65260065
59660,Summer,0.586877
59661,Summer,0.71107465
59662,Summer,0.521817
59663,Fall,0.6158449
59664,Fall,0.5537906
59665,Summer,0.8546427
59666,Summer,0.8535492
59667,Fall,0.6370099
59668,Summer,0.73717487
59669,Fall,0.5368367
59670,Summer,0.51465225
59672,Fall,0.7488745
59673,Summer,0.6043515
59674,Summer,0.45429927
59675,Winter,0.8365327
59676,Winter,0.7985875
59677,Summer,0.8925506
59678,Summer,0.9068985
59679,Summer,0.88268125
59680,Summer,0.86386305
59681,Summer,0.92669374
59682,Summer,0.92514855
59683,Summer,0.8868665
59684,Summer,0.88763654
59685,Summer,0.6232211
59686,Summer,0.9145732
59687,Summer,0.9039458
59688,Summer,0.7853028
59689,Summer,0.52067155
59690,Summer,0.6765814
59691,Summer,0.5882982
59692,Summer,0.61182183
59693,Summer,0.73522794
59694,Summer,0.90242016
59695,Summer,0.9402089
59696,Summer,0.90623343
59697,Summer,0.77723944
59698,Summer,0.82701033
59699,Summer,0.7377412
59700,Summer,0.55871236
59701,Summer,0.5212919
59702,Summer,0.7400183
59703,Summer,0.9676023
59704,Summer,0.9353006
59705,Summer,0.72636604
59706,Summer,0.5662659
59707,Summer,0.81530476
59708,Summer,0.9127392
59709,Summer,0.91914356
59710,Summer,0.7731151
59711,Summer,0.8539024
59712,Summer,0.74828696
59713,Summer,0.8920851
59714,Summer,0.89695716
59715,Summer,0.8710402
59716,Summer,0.73360133
59717,Winter,0.51655424
59718,Summer,0.54177594
59719,Summer,0.7663371
59720,Summer,0.6141134
59721,Summer,0.6633754
59722,Summer,0.99018294
59723,Summer,0.59657675
59724,Summer,0.9475277
59725,Summer,0.55945075
59726,Summer,0.5762395
59727,Summer,0.6898241
59728,Summer,0.6567046
59729,Summer,0.6516698
59730,Summer,0.53066486
59731,Summer,0.6153661
59732,Summer,0.5444432
59733,Summer,0.75039244
59734,Summer,0.9503038
59735,Summer,0.8697142
59736,Summer,0.91724867
59739,Summer,0.4972468
59740,Summer,0.65002346
59741,Winter,0.5837003
59742,Summer,0.7910532
59743,Summer,0.70552903
59744,Summer,0.73592377
59745,Summer,0.9570362
59746,Summer,0.90736836
59747,Summer,0.50676394
59748,Summer,0.8710045
59749,Summer,0.84281725
59750,Summer,0.53206605
59751,Summer,0.9523437
59752,Summer,0.66983217
59753,Summer,0.8517231
59754,Summer,0.83868307
59755,Summer,0.73426175
59756,Summer,0.7507553
59757,Winter,0.75339466
59758,Winter,0.7987623
59759,Winter,0.943975
59760,Winter,0.9662763
59761,Winter,0.99574065
59762,Winter,0.9738203
59763,Winter,0.5449844
59764,Winter,0.57176137
59765,Winter,0.7024024
59766,Summer,0.5400146
59767,Summer,0.67160505
59768,Winter,0.5942868
59769,Winter,0.8464925
59770,Winter,0.877858
59771,Winter,0.7546082
59772,Winter,0.46233687
59773,Spring,0.852851
59774,Winter,0.57734334
59775,Winter,0.7600704
59776,Winter,0.5453129
59777,Winter,0.8278998
59778,Winter,0.73664063
59779,Winter,0.76205397
59780,Winter,0.51409674
59781,Winter,0.75663203
59782,Winter,0.58580154
59783,Summer,0.65937465
59784,Winter,0.72292763
59794,Summer,0.9767808
59795,Summer,0.9085829
59796,Summer,0.8875534
59797,Summer,0.7673916
59810,Summer,0.7345278
59811,Summer,0.9849317
59813,Summer,0.5858478
59814,Summer,0.5748918
59819,Summer,0.79805684
59824,Summer,0.98562187
59826,Summer,0.94713914
59827,Summer,0.6757893
59832,Summer,0.7686891
59833,Summer,0.931105
59834,Summer,0.8850706
59838,Summer,0.7989832
59839,Spring,0.91561705
59851,Spring,0.9992687
59853,Spring,0.7187324
59856,Fall,0.39217156
59858,Spring,0.9999856
59859,Spring,0.9992693
59860,Spring,0.96325576
59862,Spring,0.97689635
59863,Spring,0.8964702
59866,Spring,0.9965162
59872,Summer,0.9624461
59873,Summer,0.8943777
59874,Summer,0.9295736
59875,Summer,0.93467593
59876,Summer,0.52733415
59877,Summer,0.71223605
59878,Summer,0.7231329
59879,Summer,0.74923587
59880,Fall,0.4565298
59881,Summer,0.5640432
59882,Summer,0.49856207
59883,Summer,0.6022248
59884,Summer,0.6265124
59885,Summer,0.8492259
59886,Summer,0.62376124
59887,Summer,0.85814583
59888,Summer,0.8094433
59889,Summer,0.9295194
59890,Winter,0.51936406
59891,Summer,0.6074452
59892,Summer,0.9128354
59893,Summer,0.7888097
59894,Summer,0.98149705
59895,Summer,0.9590624
59896,Fall,0.66285527
59897,Summer,0.6161421
59898,Summer,0.93468434
59900,Summer,0.81003845
59901,Summer,0.9459582
59902,Summer,0.7523397
59903,Summer,0.9135933
59904,Summer,0.9140488
59905,Summer,0.78219736
59906,Summer,0.81548995
59907,Summer,0.7464602
59908,Summer,0.7877478
59909,Summer,0.8123223
59910,Summer,0.9834193
59911,Summer,0.93484485
59912,Summer,0.91573364
59914,Summer,0.7898987
59915,Summer,0.9211579
59916,Summer,0.8373
59917,Summer,0.7964662
59918,Summer,0.89915365
59919,Summer,0.89209735
59920,Summer,0.9456429
59921,Summer,0.8094083
59922,Summer,0.9870265
59923,Summer,0.81756496
59924,Summer,0.9734369
59925,Summer,0.9609514
59926,Summer,0.93971705
59927,Summer,0.90537316
59928,Summer,0.9097557
59929,Summer,0.99211687
59930,Summer,0.95292336
59931,Summer,0.9171814
59932,Summer,0.98166853
59933,Summer,0.9163337
59934,Summer,0.92356074
59935,Summer,0.5980286
59936,Summer,0.5039356
59937,Summer,0.50921625
59938,Summer,0.48599386
59939,Summer,0.4507713
59940,Summer,0.5453709
59941,Summer,0.49217385
59942,Summer,0.61994237
59943,Summer,0.46707734
59944,Summer,0.4770326
59945,Summer,0.5839773
59946,Spring,0.99996495
59947,Spring,0.99999976
59948,Spring,1.0
59949,Spring,0.99999976
59950,Spring,0.9999999
59951,Spring,0.99999964
59961,Spring,1.0
59962,Spring,0.99999785
59963,Fall,0.66235507
59964,Summer,0.66997755
59965,Summer,0.81853926
59966,Summer,0.78639895
59967,Summer,0.8100263
59968,Summer,0.46317643
59969,Summer,0.7897398
59970,Summer,0.9630073
59971,Summer,0.9350075
59972,Summer,0.864062
59973,Summer,0.7405488
59974,Summer,0.9620388
59975,Summer,0.62791765
59976,Summer,0.5502076
59977,Summer,0.51948905
59978,Summer,0.8854984
59979,Summer,0.93652153
59980,Summer,0.6989795
59981,Summer,0.8724319
59982,Winter,0.48041016
59983,Summer,0.96087205
59984,Summer,0.70431936
59985,Summer,0.8799894
59986,Summer,0.94754446
59987,Summer,0.4676937
59988,Summer,0.7903001
59989,Summer,0.5587752
59990,Summer,0.88435197
59991,Summer,0.96772254
59992,Summer,0.9166519
59993,Summer,0.77808535
59994,Summer,0.61158997
59995,Summer,0.6873341
59996,Summer,0.9278249
59998,Winter,0.398563
59999,Winter,0.9405581
60000,Summer,0.98094624
